candidate_id,compiled,correct,stable,rga_status,max_vgprs_used,max_live_vgprs,max_allocated_vgprs,max_sgprs_used,max_lds_bytes,max_scratch_bytes,min_occupancy_waves_per_simd,dispatches_per_batch,median_gpu_ms,p95_gpu_ms,cv,throughput_mitems_s,speedup_vs_baseline,defines,samples_gpu_ms,error
"HLSLPERF_CROWD_BACKEND-1__HLSLPERF_CROWD_TILE_BINS-512__HLSLPERF_CROWD_TILE_SIZE-16__HLSLPERF_ELEMENTS_PER_THREAD-2__HLSLPERF_GROUP_SIZE-128__HLSLPERF_SCAN_BACKEND-1__HLSLPERF_VECTOR_WIDTH-1",true,true,true,"",,,,,,,,1,5.0271,5.0679,0.0051,20024.0488,1.0144,"HLSLPERF_CROWD_BACKEND=1;HLSLPERF_CROWD_TILE_BINS=512;HLSLPERF_CROWD_TILE_SIZE=16;HLSLPERF_ELEMENTS_PER_THREAD=2;HLSLPERF_GROUP_SIZE=128;HLSLPERF_SCAN_BACKEND=1;HLSLPERF_VECTOR_WIDTH=1","5.0706;5.0249;5.0436;5.0594;5.0371;5.0084;5.0652;5.0093;5.0112;5.0271;4.9924",""
"HLSLPERF_CROWD_BACKEND-1__HLSLPERF_CROWD_TILE_BINS-512__HLSLPERF_CROWD_TILE_SIZE-16__HLSLPERF_ELEMENTS_PER_THREAD-4__HLSLPERF_GROUP_SIZE-128__HLSLPERF_SCAN_BACKEND-1__HLSLPERF_VECTOR_WIDTH-1",true,true,true,"",,,,,,,,1,5.0948,5.1971,0.0105,19758.0466,1.0009,"HLSLPERF_CROWD_BACKEND=1;HLSLPERF_CROWD_TILE_BINS=512;HLSLPERF_CROWD_TILE_SIZE=16;HLSLPERF_ELEMENTS_PER_THREAD=4;HLSLPERF_GROUP_SIZE=128;HLSLPERF_SCAN_BACKEND=1;HLSLPERF_VECTOR_WIDTH=1","5.1642;5.0616;5.0459;5.0948;5.0687;5.0846;5.1781;5.1154;5.0825;5.216;5.1288",""
"HLSLPERF_CROWD_BACKEND-1__HLSLPERF_CROWD_TILE_BINS-512__HLSLPERF_CROWD_TILE_SIZE-16__HLSLPERF_ELEMENTS_PER_THREAD-4__HLSLPERF_GROUP_SIZE-128__HLSLPERF_SCAN_BACKEND-1__HLSLPERF_VECTOR_WIDTH-4",true,true,true,"",,,,,,,,1,5.0618,5.0971,0.0048,19887.0148,1.0074,"HLSLPERF_CROWD_BACKEND=1;HLSLPERF_CROWD_TILE_BINS=512;HLSLPERF_CROWD_TILE_SIZE=16;HLSLPERF_ELEMENTS_PER_THREAD=4;HLSLPERF_GROUP_SIZE=128;HLSLPERF_SCAN_BACKEND=1;HLSLPERF_VECTOR_WIDTH=4","5.0543;5.0988;5.0954;5.0315;5.0763;5.0413;5.0618;5.0267;5.0697;5.0521;5.0792",""
"HLSLPERF_CROWD_BACKEND-1__HLSLPERF_CROWD_TILE_BINS-512__HLSLPERF_CROWD_TILE_SIZE-16__HLSLPERF_ELEMENTS_PER_THREAD-2__HLSLPERF_GROUP_SIZE-256__HLSLPERF_SCAN_BACKEND-1__HLSLPERF_VECTOR_WIDTH-1",true,true,true,"",,,,,,,,1,5.0266,5.0592,0.0036,20026.2796,1.0145,"HLSLPERF_CROWD_BACKEND=1;HLSLPERF_CROWD_TILE_BINS=512;HLSLPERF_CROWD_TILE_SIZE=16;HLSLPERF_ELEMENTS_PER_THREAD=2;HLSLPERF_GROUP_SIZE=256;HLSLPERF_SCAN_BACKEND=1;HLSLPERF_VECTOR_WIDTH=1","5.0168;5.0612;5.0171;5.0366;5.0479;5.0266;5.0074;5.0216;5.0572;5.0473;5.0253",""
"HLSLPERF_CROWD_BACKEND-1__HLSLPERF_CROWD_TILE_BINS-512__HLSLPERF_CROWD_TILE_SIZE-16__HLSLPERF_ELEMENTS_PER_THREAD-4__HLSLPERF_GROUP_SIZE-256__HLSLPERF_SCAN_BACKEND-1__HLSLPERF_VECTOR_WIDTH-1",true,true,true,"",,,,,,,,1,5.0994,5.1802,0.0084,19740.0687,1,"HLSLPERF_CROWD_BACKEND=1;HLSLPERF_CROWD_TILE_BINS=512;HLSLPERF_CROWD_TILE_SIZE=16;HLSLPERF_ELEMENTS_PER_THREAD=4;HLSLPERF_GROUP_SIZE=256;HLSLPERF_SCAN_BACKEND=1;HLSLPERF_VECTOR_WIDTH=1","5.104;5.082;5.1476;5.0784;5.1034;5.1355;5.0712;5.078;5.2129;5.0994;5.0728",""
"HLSLPERF_CROWD_BACKEND-1__HLSLPERF_CROWD_TILE_BINS-512__HLSLPERF_CROWD_TILE_SIZE-16__HLSLPERF_ELEMENTS_PER_THREAD-4__HLSLPERF_GROUP_SIZE-256__HLSLPERF_SCAN_BACKEND-1__HLSLPERF_VECTOR_WIDTH-4",true,true,true,"",,,,,,,,1,5.0844,5.1148,0.0034,19798.4612,1.003,"HLSLPERF_CROWD_BACKEND=1;HLSLPERF_CROWD_TILE_BINS=512;HLSLPERF_CROWD_TILE_SIZE=16;HLSLPERF_ELEMENTS_PER_THREAD=4;HLSLPERF_GROUP_SIZE=256;HLSLPERF_SCAN_BACKEND=1;HLSLPERF_VECTOR_WIDTH=4","5.0681;5.084;5.125;5.0826;5.0645;5.0844;5.1046;5.0932;5.0881;5.1022;5.0748",""
"HLSLPERF_CROWD_BACKEND-1__HLSLPERF_CROWD_TILE_BINS-512__HLSLPERF_CROWD_TILE_SIZE-16__HLSLPERF_ELEMENTS_PER_THREAD-2__HLSLPERF_GROUP_SIZE-512__HLSLPERF_SCAN_BACKEND-1__HLSLPERF_VECTOR_WIDTH-1",true,true,true,"",,,,,,,,1,5.1044,5.1297,0.0028,19720.7325,0.999,"HLSLPERF_CROWD_BACKEND=1;HLSLPERF_CROWD_TILE_BINS=512;HLSLPERF_CROWD_TILE_SIZE=16;HLSLPERF_ELEMENTS_PER_THREAD=2;HLSLPERF_GROUP_SIZE=512;HLSLPERF_SCAN_BACKEND=1;HLSLPERF_VECTOR_WIDTH=1","5.1072;5.1152;5.1416;5.0942;5.0979;5.1044;5.1113;5.1032;5.1004;5.1178;5.09",""
"HLSLPERF_CROWD_BACKEND-1__HLSLPERF_CROWD_TILE_BINS-512__HLSLPERF_CROWD_TILE_SIZE-16__HLSLPERF_ELEMENTS_PER_THREAD-4__HLSLPERF_GROUP_SIZE-512__HLSLPERF_SCAN_BACKEND-1__HLSLPERF_VECTOR_WIDTH-1",true,true,true,"",,,,,,,,1,5.1246,5.2081,0.0077,19642.9985,0.9951,"HLSLPERF_CROWD_BACKEND=1;HLSLPERF_CROWD_TILE_BINS=512;HLSLPERF_CROWD_TILE_SIZE=16;HLSLPERF_ELEMENTS_PER_THREAD=4;HLSLPERF_GROUP_SIZE=512;HLSLPERF_SCAN_BACKEND=1;HLSLPERF_VECTOR_WIDTH=1","5.1172;5.1327;5.1756;5.1293;5.1162;5.1215;5.1552;5.11;5.1246;5.2405;5.1012",""
"HLSLPERF_CROWD_BACKEND-1__HLSLPERF_CROWD_TILE_BINS-512__HLSLPERF_CROWD_TILE_SIZE-16__HLSLPERF_ELEMENTS_PER_THREAD-4__HLSLPERF_GROUP_SIZE-512__HLSLPERF_SCAN_BACKEND-1__HLSLPERF_VECTOR_WIDTH-4",true,true,true,"",,,,,,,,1,5.0677,5.1058,0.0044,19863.6262,1.0063,"HLSLPERF_CROWD_BACKEND=1;HLSLPERF_CROWD_TILE_BINS=512;HLSLPERF_CROWD_TILE_SIZE=16;HLSLPERF_ELEMENTS_PER_THREAD=4;HLSLPERF_GROUP_SIZE=512;HLSLPERF_SCAN_BACKEND=1;HLSLPERF_VECTOR_WIDTH=4","5.0581;5.0744;5.0677;5.0928;5.0684;5.0632;5.1188;5.0481;5.041;5.0837;5.05",""
"HLSLPERF_CROWD_BACKEND-2__HLSLPERF_CROWD_TILE_BINS-512__HLSLPERF_CROWD_TILE_REPLICAS-1__HLSLPERF_CROWD_TILE_SIZE-16__HLSLPERF_ELEMENTS_PER_THREAD-2__HLSLPERF_GROUP_SIZE-128__HLSLPERF_SCAN_BACKEND-1__HLSLPERF_SINGLE_PASS_GROUPS-128__HLSLPERF_SINGLE_PASS_ITEMS_SCALE-2__HLSLPERF_VECTOR_WIDTH-1__HLSLPERF_WAVE_SIZE-32",true,true,true,"",,,,,,,,1,7.4029,7.4642,0.0047,13597.7825,0.6888,"HLSLPERF_CROWD_BACKEND=2;HLSLPERF_CROWD_TILE_BINS=512;HLSLPERF_CROWD_TILE_REPLICAS=1;HLSLPERF_CROWD_TILE_SIZE=16;HLSLPERF_ELEMENTS_PER_THREAD=2;HLSLPERF_GROUP_SIZE=128;HLSLPERF_SCAN_BACKEND=1;HLSLPERF_SINGLE_PASS_GROUPS=128;HLSLPERF_SINGLE_PASS_ITEMS_SCALE=2;HLSLPERF_VECTOR_WIDTH=1;HLSLPERF_WAVE_SIZE=32","7.3612;7.3855;7.4294;7.3817;7.4029;7.4292;7.3866;7.4439;7.4094;7.3876;7.4845",""
"HLSLPERF_CROWD_BACKEND-2__HLSLPERF_CROWD_TILE_BINS-512__HLSLPERF_CROWD_TILE_REPLICAS-2__HLSLPERF_CROWD_TILE_SIZE-16__HLSLPERF_ELEMENTS_PER_THREAD-2__HLSLPERF_GROUP_SIZE-128__HLSLPERF_SCAN_BACKEND-1__HLSLPERF_SINGLE_PASS_GROUPS-128__HLSLPERF_SINGLE_PASS_ITEMS_SCALE-2__HLSLPERF_VECTOR_WIDTH-1__HLSLPERF_WAVE_SIZE-32",true,true,true,"",,,,,,,,1,7.4805,7.5583,0.0059,13456.7244,0.6817,"HLSLPERF_CROWD_BACKEND=2;HLSLPERF_CROWD_TILE_BINS=512;HLSLPERF_CROWD_TILE_REPLICAS=2;HLSLPERF_CROWD_TILE_SIZE=16;HLSLPERF_ELEMENTS_PER_THREAD=2;HLSLPERF_GROUP_SIZE=128;HLSLPERF_SCAN_BACKEND=1;HLSLPERF_SINGLE_PASS_GROUPS=128;HLSLPERF_SINGLE_PASS_ITEMS_SCALE=2;HLSLPERF_VECTOR_WIDTH=1;HLSLPERF_WAVE_SIZE=32","7.4805;7.4575;7.4722;7.5018;7.484;7.4984;7.4758;7.6147;7.5008;7.4597;7.4555",""
"HLSLPERF_CROWD_BACKEND-2__HLSLPERF_CROWD_TILE_BINS-512__HLSLPERF_CROWD_TILE_REPLICAS-1__HLSLPERF_CROWD_TILE_SIZE-16__HLSLPERF_ELEMENTS_PER_THREAD-2__HLSLPERF_GROUP_SIZE-128__HLSLPERF_SCAN_BACKEND-1__HLSLPERF_SINGLE_PASS_GROUPS-256__HLSLPERF_SINGLE_PASS_ITEMS_SCALE-2__HLSLPERF_VECTOR_WIDTH-1__HLSLPERF_WAVE_SIZE-32",true,true,true,"",,,,,,,,1,5.5928,5.7471,0.0122,17998.6011,0.9118,"HLSLPERF_CROWD_BACKEND=2;HLSLPERF_CROWD_TILE_BINS=512;HLSLPERF_CROWD_TILE_REPLICAS=1;HLSLPERF_CROWD_TILE_SIZE=16;HLSLPERF_ELEMENTS_PER_THREAD=2;HLSLPERF_GROUP_SIZE=128;HLSLPERF_SCAN_BACKEND=1;HLSLPERF_SINGLE_PASS_GROUPS=256;HLSLPERF_SINGLE_PASS_ITEMS_SCALE=2;HLSLPERF_VECTOR_WIDTH=1;HLSLPERF_WAVE_SIZE=32","5.5787;5.5926;5.6028;5.5928;5.5753;5.6226;5.5872;5.5727;5.6158;5.8011;5.6931",""
"HLSLPERF_CROWD_BACKEND-2__HLSLPERF_CROWD_TILE_BINS-512__HLSLPERF_CROWD_TILE_REPLICAS-2__HLSLPERF_CROWD_TILE_SIZE-16__HLSLPERF_ELEMENTS_PER_THREAD-2__HLSLPERF_GROUP_SIZE-128__HLSLPERF_SCAN_BACKEND-1__HLSLPERF_SINGLE_PASS_GROUPS-256__HLSLPERF_SINGLE_PASS_ITEMS_SCALE-2__HLSLPERF_VECTOR_WIDTH-1__HLSLPERF_WAVE_SIZE-32",true,true,true,"",,,,,,,,1,5.6382,5.7282,0.008,17853.8001,0.9044,"HLSLPERF_CROWD_BACKEND=2;HLSLPERF_CROWD_TILE_BINS=512;HLSLPERF_CROWD_TILE_REPLICAS=2;HLSLPERF_CROWD_TILE_SIZE=16;HLSLPERF_ELEMENTS_PER_THREAD=2;HLSLPERF_GROUP_SIZE=128;HLSLPERF_SCAN_BACKEND=1;HLSLPERF_SINGLE_PASS_GROUPS=256;HLSLPERF_SINGLE_PASS_ITEMS_SCALE=2;HLSLPERF_VECTOR_WIDTH=1;HLSLPERF_WAVE_SIZE=32","5.665;5.6349;5.6493;5.6329;5.64;5.6382;5.5957;5.6103;5.6287;5.7616;5.6947",""
"HLSLPERF_CROWD_BACKEND-2__HLSLPERF_CROWD_TILE_BINS-512__HLSLPERF_CROWD_TILE_REPLICAS-1__HLSLPERF_CROWD_TILE_SIZE-16__HLSLPERF_ELEMENTS_PER_THREAD-2__HLSLPERF_GROUP_SIZE-128__HLSLPERF_SCAN_BACKEND-1__HLSLPERF_SINGLE_PASS_GROUPS-128__HLSLPERF_SINGLE_PASS_ITEMS_SCALE-4__HLSLPERF_VECTOR_WIDTH-1__HLSLPERF_WAVE_SIZE-32",true,true,true,"",,,,,,,,1,5.3532,5.401,0.0098,18804.1814,0.9526,"HLSLPERF_CROWD_BACKEND=2;HLSLPERF_CROWD_TILE_BINS=512;HLSLPERF_CROWD_TILE_REPLICAS=1;HLSLPERF_CROWD_TILE_SIZE=16;HLSLPERF_ELEMENTS_PER_THREAD=2;HLSLPERF_GROUP_SIZE=128;HLSLPERF_SCAN_BACKEND=1;HLSLPERF_SINGLE_PASS_GROUPS=128;HLSLPERF_SINGLE_PASS_ITEMS_SCALE=4;HLSLPERF_VECTOR_WIDTH=1;HLSLPERF_WAVE_SIZE=32","5.2888;5.3532;5.3927;5.304;5.3725;5.2995;5.2413;5.4078;5.3941;5.3453;5.3592",""
"HLSLPERF_CROWD_BACKEND-2__HLSLPERF_CROWD_TILE_BINS-512__HLSLPERF_CROWD_TILE_REPLICAS-2__HLSLPERF_CROWD_TILE_SIZE-16__HLSLPERF_ELEMENTS_PER_THREAD-2__HLSLPERF_GROUP_SIZE-128__HLSLPERF_SCAN_BACKEND-1__HLSLPERF_SINGLE_PASS_GROUPS-128__HLSLPERF_SINGLE_PASS_ITEMS_SCALE-4__HLSLPERF_VECTOR_WIDTH-1__HLSLPERF_WAVE_SIZE-32",true,true,true,"",,,,,,,,2,4.8082,5.3811,0.0555,20935.7548,1.0606,"HLSLPERF_CROWD_BACKEND=2;HLSLPERF_CROWD_TILE_BINS=512;HLSLPERF_CROWD_TILE_REPLICAS=2;HLSLPERF_CROWD_TILE_SIZE=16;HLSLPERF_ELEMENTS_PER_THREAD=2;HLSLPERF_GROUP_SIZE=128;HLSLPERF_SCAN_BACKEND=1;HLSLPERF_SINGLE_PASS_GROUPS=128;HLSLPERF_SINGLE_PASS_ITEMS_SCALE=4;HLSLPERF_VECTOR_WIDTH=1;HLSLPERF_WAVE_SIZE=32","4.7621;4.7727;4.7658;4.7368;4.7756;4.857;4.8082;4.9478;5.379;5.3756;5.3832",""
"HLSLPERF_CROWD_BACKEND-2__HLSLPERF_CROWD_TILE_BINS-512__HLSLPERF_CROWD_TILE_REPLICAS-1__HLSLPERF_CROWD_TILE_SIZE-16__HLSLPERF_ELEMENTS_PER_THREAD-2__HLSLPERF_GROUP_SIZE-128__HLSLPERF_SCAN_BACKEND-1__HLSLPERF_SINGLE_PASS_GROUPS-256__HLSLPERF_SINGLE_PASS_ITEMS_SCALE-4__HLSLPERF_VECTOR_WIDTH-1__HLSLPERF_WAVE_SIZE-32",true,true,false,"",,,,,,,,2,3.9455,4.4013,0.0716,25513.3154,1.2925,"HLSLPERF_CROWD_BACKEND=2;HLSLPERF_CROWD_TILE_BINS=512;HLSLPERF_CROWD_TILE_REPLICAS=1;HLSLPERF_CROWD_TILE_SIZE=16;HLSLPERF_ELEMENTS_PER_THREAD=2;HLSLPERF_GROUP_SIZE=128;HLSLPERF_SCAN_BACKEND=1;HLSLPERF_SINGLE_PASS_GROUPS=256;HLSLPERF_SINGLE_PASS_ITEMS_SCALE=4;HLSLPERF_VECTOR_WIDTH=1;HLSLPERF_WAVE_SIZE=32","3.7713;3.7627;3.7825;3.7829;3.9455;3.8047;3.9627;4.3959;4.3826;4.4068;4.3609",""
"HLSLPERF_CROWD_BACKEND-2__HLSLPERF_CROWD_TILE_BINS-512__HLSLPERF_CROWD_TILE_REPLICAS-2__HLSLPERF_CROWD_TILE_SIZE-16__HLSLPERF_ELEMENTS_PER_THREAD-2__HLSLPERF_GROUP_SIZE-128__HLSLPERF_SCAN_BACKEND-1__HLSLPERF_SINGLE_PASS_GROUPS-256__HLSLPERF_SINGLE_PASS_ITEMS_SCALE-4__HLSLPERF_VECTOR_WIDTH-1__HLSLPERF_WAVE_SIZE-32",true,true,false,"",,,,,,,,2,3.8478,4.4506,0.0769,26161.3959,1.3253,"HLSLPERF_CROWD_BACKEND=2;HLSLPERF_CROWD_TILE_BINS=512;HLSLPERF_CROWD_TILE_REPLICAS=2;HLSLPERF_CROWD_TILE_SIZE=16;HLSLPERF_ELEMENTS_PER_THREAD=2;HLSLPERF_GROUP_SIZE=128;HLSLPERF_SCAN_BACKEND=1;HLSLPERF_SINGLE_PASS_GROUPS=256;HLSLPERF_SINGLE_PASS_ITEMS_SCALE=4;HLSLPERF_VECTOR_WIDTH=1;HLSLPERF_WAVE_SIZE=32","3.7855;3.7795;3.7913;3.821;3.8478;3.8319;4.2994;4.4549;4.3894;4.4463;4.432",""
"HLSLPERF_CROWD_BACKEND-2__HLSLPERF_CROWD_TILE_BINS-512__HLSLPERF_CROWD_TILE_REPLICAS-1__HLSLPERF_CROWD_TILE_SIZE-16__HLSLPERF_ELEMENTS_PER_THREAD-2__HLSLPERF_GROUP_SIZE-128__HLSLPERF_SCAN_BACKEND-1__HLSLPERF_SINGLE_PASS_GROUPS-128__HLSLPERF_SINGLE_PASS_ITEMS_SCALE-2__HLSLPERF_VECTOR_WIDTH-1__HLSLPERF_WAVE_SIZE-64",true,true,true,"",,,,,,,,1,7.574,7.8517,0.0209,13290.7087,0.6733,"HLSLPERF_CROWD_BACKEND=2;HLSLPERF_CROWD_TILE_BINS=512;HLSLPERF_CROWD_TILE_REPLICAS=1;HLSLPERF_CROWD_TILE_SIZE=16;HLSLPERF_ELEMENTS_PER_THREAD=2;HLSLPERF_GROUP_SIZE=128;HLSLPERF_SCAN_BACKEND=1;HLSLPERF_SINGLE_PASS_GROUPS=128;HLSLPERF_SINGLE_PASS_ITEMS_SCALE=2;HLSLPERF_VECTOR_WIDTH=1;HLSLPERF_WAVE_SIZE=64","7.4838;7.4926;7.4566;7.5237;7.4639;7.7672;7.574;7.6107;7.8976;7.8058;7.7693",""
"HLSLPERF_CROWD_BACKEND-2__HLSLPERF_CROWD_TILE_BINS-512__HLSLPERF_CROWD_TILE_REPLICAS-2__HLSLPERF_CROWD_TILE_SIZE-16__HLSLPERF_ELEMENTS_PER_THREAD-2__HLSLPERF_GROUP_SIZE-128__HLSLPERF_SCAN_BACKEND-1__HLSLPERF_SINGLE_PASS_GROUPS-128__HLSLPERF_SINGLE_PASS_ITEMS_SCALE-2__HLSLPERF_VECTOR_WIDTH-1__HLSLPERF_WAVE_SIZE-64",true,true,true,"",,,,,,,,1,7.5195,7.9626,0.0265,13387.0023,0.6782,"HLSLPERF_CROWD_BACKEND=2;HLSLPERF_CROWD_TILE_BINS=512;HLSLPERF_CROWD_TILE_REPLICAS=2;HLSLPERF_CROWD_TILE_SIZE=16;HLSLPERF_ELEMENTS_PER_THREAD=2;HLSLPERF_GROUP_SIZE=128;HLSLPERF_SCAN_BACKEND=1;HLSLPERF_SINGLE_PASS_GROUPS=128;HLSLPERF_SINGLE_PASS_ITEMS_SCALE=2;HLSLPERF_VECTOR_WIDTH=1;HLSLPERF_WAVE_SIZE=64","7.4745;7.5028;7.4479;7.464;7.4922;7.5879;7.5662;7.5195;7.7987;8.1265;7.5363",""
"HLSLPERF_CROWD_BACKEND-2__HLSLPERF_CROWD_TILE_BINS-512__HLSLPERF_CROWD_TILE_REPLICAS-1__HLSLPERF_CROWD_TILE_SIZE-16__HLSLPERF_ELEMENTS_PER_THREAD-2__HLSLPERF_GROUP_SIZE-128__HLSLPERF_SCAN_BACKEND-1__HLSLPERF_SINGLE_PASS_GROUPS-256__HLSLPERF_SINGLE_PASS_ITEMS_SCALE-2__HLSLPERF_VECTOR_WIDTH-1__HLSLPERF_WAVE_SIZE-64",true,true,true,"",,,,,,,,1,5.6476,5.771,0.0109,17824.0839,0.9029,"HLSLPERF_CROWD_BACKEND=2;HLSLPERF_CROWD_TILE_BINS=512;HLSLPERF_CROWD_TILE_REPLICAS=1;HLSLPERF_CROWD_TILE_SIZE=16;HLSLPERF_ELEMENTS_PER_THREAD=2;HLSLPERF_GROUP_SIZE=128;HLSLPERF_SCAN_BACKEND=1;HLSLPERF_SINGLE_PASS_GROUPS=256;HLSLPERF_SINGLE_PASS_ITEMS_SCALE=2;HLSLPERF_VECTOR_WIDTH=1;HLSLPERF_WAVE_SIZE=64","5.6519;5.6476;5.6215;5.6576;5.6448;5.6588;5.6418;5.646;5.6336;5.8442;5.6978",""
"HLSLPERF_CROWD_BACKEND-2__HLSLPERF_CROWD_TILE_BINS-512__HLSLPERF_CROWD_TILE_REPLICAS-2__HLSLPERF_CROWD_TILE_SIZE-16__HLSLPERF_ELEMENTS_PER_THREAD-2__HLSLPERF_GROUP_SIZE-128__HLSLPERF_SCAN_BACKEND-1__HLSLPERF_SINGLE_PASS_GROUPS-256__HLSLPERF_SINGLE_PASS_ITEMS_SCALE-2__HLSLPERF_VECTOR_WIDTH-1__HLSLPERF_WAVE_SIZE-64",true,true,true,"",,,,,,,,1,5.6245,5.7599,0.0109,17897.2243,0.9066,"HLSLPERF_CROWD_BACKEND=2;HLSLPERF_CROWD_TILE_BINS=512;HLSLPERF_CROWD_TILE_REPLICAS=2;HLSLPERF_CROWD_TILE_SIZE=16;HLSLPERF_ELEMENTS_PER_THREAD=2;HLSLPERF_GROUP_SIZE=128;HLSLPERF_SCAN_BACKEND=1;HLSLPERF_SINGLE_PASS_GROUPS=256;HLSLPERF_SINGLE_PASS_ITEMS_SCALE=2;HLSLPERF_VECTOR_WIDTH=1;HLSLPERF_WAVE_SIZE=64","5.6224;5.6245;5.6221;5.586;5.6104;5.6249;5.6338;5.5911;5.6515;5.791;5.7288",""
"HLSLPERF_CROWD_BACKEND-2__HLSLPERF_CROWD_TILE_BINS-512__HLSLPERF_CROWD_TILE_REPLICAS-1__HLSLPERF_CROWD_TILE_SIZE-16__HLSLPERF_ELEMENTS_PER_THREAD-2__HLSLPERF_GROUP_SIZE-128__HLSLPERF_SCAN_BACKEND-1__HLSLPERF_SINGLE_PASS_GROUPS-128__HLSLPERF_SINGLE_PASS_ITEMS_SCALE-4__HLSLPERF_VECTOR_WIDTH-1__HLSLPERF_WAVE_SIZE-64",true,true,true,"",,,,,,,,2,4.8186,5.1895,0.0344,20890.4823,1.0583,"HLSLPERF_CROWD_BACKEND=2;HLSLPERF_CROWD_TILE_BINS=512;HLSLPERF_CROWD_TILE_REPLICAS=1;HLSLPERF_CROWD_TILE_SIZE=16;HLSLPERF_ELEMENTS_PER_THREAD=2;HLSLPERF_GROUP_SIZE=128;HLSLPERF_SCAN_BACKEND=1;HLSLPERF_SINGLE_PASS_GROUPS=128;HLSLPERF_SINGLE_PASS_ITEMS_SCALE=4;HLSLPERF_VECTOR_WIDTH=1;HLSLPERF_WAVE_SIZE=64","4.7477;4.7807;4.7651;4.7416;4.7472;4.8591;4.8259;5.1413;4.839;4.8186;5.2376",""
"HLSLPERF_CROWD_BACKEND-2__HLSLPERF_CROWD_TILE_BINS-512__HLSLPERF_CROWD_TILE_REPLICAS-2__HLSLPERF_CROWD_TILE_SIZE-16__HLSLPERF_ELEMENTS_PER_THREAD-2__HLSLPERF_GROUP_SIZE-128__HLSLPERF_SCAN_BACKEND-1__HLSLPERF_SINGLE_PASS_GROUPS-128__HLSLPERF_SINGLE_PASS_ITEMS_SCALE-4__HLSLPERF_VECTOR_WIDTH-1__HLSLPERF_WAVE_SIZE-64",true,true,true,"",,,,,,,,1,5.3574,5.4585,0.0571,18789.7203,0.9519,"HLSLPERF_CROWD_BACKEND=2;HLSLPERF_CROWD_TILE_BINS=512;HLSLPERF_CROWD_TILE_REPLICAS=2;HLSLPERF_CROWD_TILE_SIZE=16;HLSLPERF_ELEMENTS_PER_THREAD=2;HLSLPERF_GROUP_SIZE=128;HLSLPERF_SCAN_BACKEND=1;HLSLPERF_SINGLE_PASS_GROUPS=128;HLSLPERF_SINGLE_PASS_ITEMS_SCALE=4;HLSLPERF_VECTOR_WIDTH=1;HLSLPERF_WAVE_SIZE=64","4.7864;4.8341;4.8345;4.8048;5.5036;5.3574;5.3668;5.4135;5.3345;5.3849;5.4028",""
"HLSLPERF_CROWD_BACKEND-2__HLSLPERF_CROWD_TILE_BINS-512__HLSLPERF_CROWD_TILE_REPLICAS-1__HLSLPERF_CROWD_TILE_SIZE-16__HLSLPERF_ELEMENTS_PER_THREAD-2__HLSLPERF_GROUP_SIZE-128__HLSLPERF_SCAN_BACKEND-1__HLSLPERF_SINGLE_PASS_GROUPS-256__HLSLPERF_SINGLE_PASS_ITEMS_SCALE-4__HLSLPERF_VECTOR_WIDTH-1__HLSLPERF_WAVE_SIZE-64",true,true,false,"",,,,,,,,2,3.8518,4.4444,0.078,26134.0921,1.3239,"HLSLPERF_CROWD_BACKEND=2;HLSLPERF_CROWD_TILE_BINS=512;HLSLPERF_CROWD_TILE_REPLICAS=1;HLSLPERF_CROWD_TILE_SIZE=16;HLSLPERF_ELEMENTS_PER_THREAD=2;HLSLPERF_GROUP_SIZE=128;HLSLPERF_SCAN_BACKEND=1;HLSLPERF_SINGLE_PASS_GROUPS=256;HLSLPERF_SINGLE_PASS_ITEMS_SCALE=4;HLSLPERF_VECTOR_WIDTH=1;HLSLPERF_WAVE_SIZE=64","3.7752;3.7837;3.7796;3.7826;3.8557;3.8518;3.8246;4.4543;4.4345;4.4027;4.4225",""
"HLSLPERF_CROWD_BACKEND-2__HLSLPERF_CROWD_TILE_BINS-512__HLSLPERF_CROWD_TILE_REPLICAS-2__HLSLPERF_CROWD_TILE_SIZE-16__HLSLPERF_ELEMENTS_PER_THREAD-2__HLSLPERF_GROUP_SIZE-128__HLSLPERF_SCAN_BACKEND-1__HLSLPERF_SINGLE_PASS_GROUPS-256__HLSLPERF_SINGLE_PASS_ITEMS_SCALE-4__HLSLPERF_VECTOR_WIDTH-1__HLSLPERF_WAVE_SIZE-64",true,true,true,"",,,,,,,,2,3.7811,3.8527,0.0092,26622.7542,1.3487,"HLSLPERF_CROWD_BACKEND=2;HLSLPERF_CROWD_TILE_BINS=512;HLSLPERF_CROWD_TILE_REPLICAS=2;HLSLPERF_CROWD_TILE_SIZE=16;HLSLPERF_ELEMENTS_PER_THREAD=2;HLSLPERF_GROUP_SIZE=128;HLSLPERF_SCAN_BACKEND=1;HLSLPERF_SINGLE_PASS_GROUPS=256;HLSLPERF_SINGLE_PASS_ITEMS_SCALE=4;HLSLPERF_VECTOR_WIDTH=1;HLSLPERF_WAVE_SIZE=64","3.7774;3.8032;3.7776;3.8853;3.7656;3.82;3.7667;3.8022;3.7811;3.7684;3.8108",""
"HLSLPERF_CROWD_BACKEND-2__HLSLPERF_CROWD_TILE_BINS-512__HLSLPERF_CROWD_TILE_REPLICAS-1__HLSLPERF_CROWD_TILE_SIZE-16__HLSLPERF_ELEMENTS_PER_THREAD-4__HLSLPERF_GROUP_SIZE-128__HLSLPERF_SCAN_BACKEND-1__HLSLPERF_SINGLE_PASS_GROUPS-128__HLSLPERF_SINGLE_PASS_ITEMS_SCALE-2__HLSLPERF_VECTOR_WIDTH-1__HLSLPERF_WAVE_SIZE-32",true,true,true,"",,,,,,,,2,4.7852,4.8246,0.0048,21036.2943,1.0657,"HLSLPERF_CROWD_BACKEND=2;HLSLPERF_CROWD_TILE_BINS=512;HLSLPERF_CROWD_TILE_REPLICAS=1;HLSLPERF_CROWD_TILE_SIZE=16;HLSLPERF_ELEMENTS_PER_THREAD=4;HLSLPERF_GROUP_SIZE=128;HLSLPERF_SCAN_BACKEND=1;HLSLPERF_SINGLE_PASS_GROUPS=128;HLSLPERF_SINGLE_PASS_ITEMS_SCALE=2;HLSLPERF_VECTOR_WIDTH=1;HLSLPERF_WAVE_SIZE=32","4.7853;4.7841;4.7871;4.7825;4.8586;4.7852;4.7906;4.7788;4.7874;4.7828;4.7759",""
"HLSLPERF_CROWD_BACKEND-2__HLSLPERF_CROWD_TILE_BINS-512__HLSLPERF_CROWD_TILE_REPLICAS-2__HLSLPERF_CROWD_TILE_SIZE-16__HLSLPERF_ELEMENTS_PER_THREAD-4__HLSLPERF_GROUP_SIZE-128__HLSLPERF_SCAN_BACKEND-1__HLSLPERF_SINGLE_PASS_GROUPS-128__HLSLPERF_SINGLE_PASS_ITEMS_SCALE-2__HLSLPERF_VECTOR_WIDTH-1__HLSLPERF_WAVE_SIZE-32",true,true,true,"",,,,,,,,2,4.7902,4.8387,0.0051,21014.5999,1.0646,"HLSLPERF_CROWD_BACKEND=2;HLSLPERF_CROWD_TILE_BINS=512;HLSLPERF_CROWD_TILE_REPLICAS=2;HLSLPERF_CROWD_TILE_SIZE=16;HLSLPERF_ELEMENTS_PER_THREAD=4;HLSLPERF_GROUP_SIZE=128;HLSLPERF_SCAN_BACKEND=1;HLSLPERF_SINGLE_PASS_GROUPS=128;HLSLPERF_SINGLE_PASS_ITEMS_SCALE=2;HLSLPERF_VECTOR_WIDTH=1;HLSLPERF_WAVE_SIZE=32","4.7703;4.7815;4.79;4.7891;4.8573;4.7738;4.8012;4.7963;4.8056;4.8201;4.7902",""
"HLSLPERF_CROWD_BACKEND-2__HLSLPERF_CROWD_TILE_BINS-512__HLSLPERF_CROWD_TILE_REPLICAS-1__HLSLPERF_CROWD_TILE_SIZE-16__HLSLPERF_ELEMENTS_PER_THREAD-4__HLSLPERF_GROUP_SIZE-128__HLSLPERF_SCAN_BACKEND-1__HLSLPERF_SINGLE_PASS_GROUPS-256__HLSLPERF_SINGLE_PASS_ITEMS_SCALE-2__HLSLPERF_VECTOR_WIDTH-1__HLSLPERF_WAVE_SIZE-32",true,true,true,"",,,,,,,,2,3.7974,3.8409,0.0059,26508.4784,1.3429,"HLSLPERF_CROWD_BACKEND=2;HLSLPERF_CROWD_TILE_BINS=512;HLSLPERF_CROWD_TILE_REPLICAS=1;HLSLPERF_CROWD_TILE_SIZE=16;HLSLPERF_ELEMENTS_PER_THREAD=4;HLSLPERF_GROUP_SIZE=128;HLSLPERF_SCAN_BACKEND=1;HLSLPERF_SINGLE_PASS_GROUPS=256;HLSLPERF_SINGLE_PASS_ITEMS_SCALE=2;HLSLPERF_VECTOR_WIDTH=1;HLSLPERF_WAVE_SIZE=32","3.7963;3.7798;3.7974;3.8621;3.8197;3.7873;3.7934;3.8135;3.7988;3.8147;3.7899",""
"HLSLPERF_CROWD_BACKEND-2__HLSLPERF_CROWD_TILE_BINS-512__HLSLPERF_CROWD_TILE_REPLICAS-2__HLSLPERF_CROWD_TILE_SIZE-16__HLSLPERF_ELEMENTS_PER_THREAD-4__HLSLPERF_GROUP_SIZE-128__HLSLPERF_SCAN_BACKEND-1__HLSLPERF_SINGLE_PASS_GROUPS-256__HLSLPERF_SINGLE_PASS_ITEMS_SCALE-2__HLSLPERF_VECTOR_WIDTH-1__HLSLPERF_WAVE_SIZE-32",true,true,true,"",,,,,,,,2,3.8135,3.8291,0.0029,26396.5638,1.3372,"HLSLPERF_CROWD_BACKEND=2;HLSLPERF_CROWD_TILE_BINS=512;HLSLPERF_CROWD_TILE_REPLICAS=2;HLSLPERF_CROWD_TILE_SIZE=16;HLSLPERF_ELEMENTS_PER_THREAD=4;HLSLPERF_GROUP_SIZE=128;HLSLPERF_SCAN_BACKEND=1;HLSLPERF_SINGLE_PASS_GROUPS=256;HLSLPERF_SINGLE_PASS_ITEMS_SCALE=2;HLSLPERF_VECTOR_WIDTH=1;HLSLPERF_WAVE_SIZE=32","3.8269;3.7935;3.8019;3.8312;3.8174;3.8161;3.8075;3.8079;3.8138;3.8016;3.8135",""
"HLSLPERF_CROWD_BACKEND-2__HLSLPERF_CROWD_TILE_BINS-512__HLSLPERF_CROWD_TILE_REPLICAS-1__HLSLPERF_CROWD_TILE_SIZE-16__HLSLPERF_ELEMENTS_PER_THREAD-4__HLSLPERF_GROUP_SIZE-128__HLSLPERF_SCAN_BACKEND-1__HLSLPERF_SINGLE_PASS_GROUPS-128__HLSLPERF_SINGLE_PASS_ITEMS_SCALE-4__HLSLPERF_VECTOR_WIDTH-1__HLSLPERF_WAVE_SIZE-32",true,true,true,"",,,,,,,,2,3.5308,3.6059,0.0092,28510.0532,1.4443,"HLSLPERF_CROWD_BACKEND=2;HLSLPERF_CROWD_TILE_BINS=512;HLSLPERF_CROWD_TILE_REPLICAS=1;HLSLPERF_CROWD_TILE_SIZE=16;HLSLPERF_ELEMENTS_PER_THREAD=4;HLSLPERF_GROUP_SIZE=128;HLSLPERF_SCAN_BACKEND=1;HLSLPERF_SINGLE_PASS_GROUPS=128;HLSLPERF_SINGLE_PASS_ITEMS_SCALE=4;HLSLPERF_VECTOR_WIDTH=1;HLSLPERF_WAVE_SIZE=32","3.5247;3.5256;3.5285;3.5241;3.6267;3.5851;3.5415;3.5288;3.5528;3.5308;3.57",""
"HLSLPERF_CROWD_BACKEND-2__HLSLPERF_CROWD_TILE_BINS-512__HLSLPERF_CROWD_TILE_REPLICAS-2__HLSLPERF_CROWD_TILE_SIZE-16__HLSLPERF_ELEMENTS_PER_THREAD-4__HLSLPERF_GROUP_SIZE-128__HLSLPERF_SCAN_BACKEND-1__HLSLPERF_SINGLE_PASS_GROUPS-128__HLSLPERF_SINGLE_PASS_ITEMS_SCALE-4__HLSLPERF_VECTOR_WIDTH-1__HLSLPERF_WAVE_SIZE-32",true,true,true,"",,,,,,,,2,3.5297,3.5451,0.0036,28518.7766,1.4447,"HLSLPERF_CROWD_BACKEND=2;HLSLPERF_CROWD_TILE_BINS=512;HLSLPERF_CROWD_TILE_REPLICAS=2;HLSLPERF_CROWD_TILE_SIZE=16;HLSLPERF_ELEMENTS_PER_THREAD=4;HLSLPERF_GROUP_SIZE=128;HLSLPERF_SCAN_BACKEND=1;HLSLPERF_SINGLE_PASS_GROUPS=128;HLSLPERF_SINGLE_PASS_ITEMS_SCALE=4;HLSLPERF_VECTOR_WIDTH=1;HLSLPERF_WAVE_SIZE=32","3.5352;3.5365;3.5096;3.5123;3.55;3.5215;3.5172;3.5156;3.5297;3.5302;3.5402",""
"HLSLPERF_CROWD_BACKEND-2__HLSLPERF_CROWD_TILE_BINS-512__HLSLPERF_CROWD_TILE_REPLICAS-1__HLSLPERF_CROWD_TILE_SIZE-16__HLSLPERF_ELEMENTS_PER_THREAD-4__HLSLPERF_GROUP_SIZE-128__HLSLPERF_SCAN_BACKEND-1__HLSLPERF_SINGLE_PASS_GROUPS-256__HLSLPERF_SINGLE_PASS_ITEMS_SCALE-4__HLSLPERF_VECTOR_WIDTH-1__HLSLPERF_WAVE_SIZE-32",true,true,true,"",,,,,,,,2,3.068,3.1168,0.0093,32810.2945,1.6621,"HLSLPERF_CROWD_BACKEND=2;HLSLPERF_CROWD_TILE_BINS=512;HLSLPERF_CROWD_TILE_REPLICAS=1;HLSLPERF_CROWD_TILE_SIZE=16;HLSLPERF_ELEMENTS_PER_THREAD=4;HLSLPERF_GROUP_SIZE=128;HLSLPERF_SCAN_BACKEND=1;HLSLPERF_SINGLE_PASS_GROUPS=256;HLSLPERF_SINGLE_PASS_ITEMS_SCALE=4;HLSLPERF_VECTOR_WIDTH=1;HLSLPERF_WAVE_SIZE=32","3.0519;3.068;3.0437;3.0422;3.0661;3.0468;3.1207;3.0712;3.094;3.1014;3.1128",""
"HLSLPERF_CROWD_BACKEND-2__HLSLPERF_CROWD_TILE_BINS-512__HLSLPERF_CROWD_TILE_REPLICAS-2__HLSLPERF_CROWD_TILE_SIZE-16__HLSLPERF_ELEMENTS_PER_THREAD-4__HLSLPERF_GROUP_SIZE-128__HLSLPERF_SCAN_BACKEND-1__HLSLPERF_SINGLE_PASS_GROUPS-256__HLSLPERF_SINGLE_PASS_ITEMS_SCALE-4__HLSLPERF_VECTOR_WIDTH-1__HLSLPERF_WAVE_SIZE-32",true,true,true,"",,,,,,,,2,3.07,3.1152,0.0085,32788.92,1.661,"HLSLPERF_CROWD_BACKEND=2;HLSLPERF_CROWD_TILE_BINS=512;HLSLPERF_CROWD_TILE_REPLICAS=2;HLSLPERF_CROWD_TILE_SIZE=16;HLSLPERF_ELEMENTS_PER_THREAD=4;HLSLPERF_GROUP_SIZE=128;HLSLPERF_SCAN_BACKEND=1;HLSLPERF_SINGLE_PASS_GROUPS=256;HLSLPERF_SINGLE_PASS_ITEMS_SCALE=4;HLSLPERF_VECTOR_WIDTH=1;HLSLPERF_WAVE_SIZE=32","3.0813;3.0691;3.0587;3.0827;3.07;3.0609;3.1419;3.0812;3.0662;3.0375;3.0885",""
"HLSLPERF_CROWD_BACKEND-2__HLSLPERF_CROWD_TILE_BINS-512__HLSLPERF_CROWD_TILE_REPLICAS-1__HLSLPERF_CROWD_TILE_SIZE-16__HLSLPERF_ELEMENTS_PER_THREAD-4__HLSLPERF_GROUP_SIZE-128__HLSLPERF_SCAN_BACKEND-1__HLSLPERF_SINGLE_PASS_GROUPS-128__HLSLPERF_SINGLE_PASS_ITEMS_SCALE-2__HLSLPERF_VECTOR_WIDTH-1__HLSLPERF_WAVE_SIZE-64",true,true,true,"",,,,,,,,2,4.8503,5.4265,0.057,20754.1206,1.0514,"HLSLPERF_CROWD_BACKEND=2;HLSLPERF_CROWD_TILE_BINS=512;HLSLPERF_CROWD_TILE_REPLICAS=1;HLSLPERF_CROWD_TILE_SIZE=16;HLSLPERF_ELEMENTS_PER_THREAD=4;HLSLPERF_GROUP_SIZE=128;HLSLPERF_SCAN_BACKEND=1;HLSLPERF_SINGLE_PASS_GROUPS=128;HLSLPERF_SINGLE_PASS_ITEMS_SCALE=2;HLSLPERF_VECTOR_WIDTH=1;HLSLPERF_WAVE_SIZE=64","4.792;4.7935;4.7705;4.7841;4.8046;4.9647;4.8503;5.2084;5.4121;5.4341;5.419",""
"HLSLPERF_CROWD_BACKEND-2__HLSLPERF_CROWD_TILE_BINS-512__HLSLPERF_CROWD_TILE_REPLICAS-2__HLSLPERF_CROWD_TILE_SIZE-16__HLSLPERF_ELEMENTS_PER_THREAD-4__HLSLPERF_GROUP_SIZE-128__HLSLPERF_SCAN_BACKEND-1__HLSLPERF_SINGLE_PASS_GROUPS-128__HLSLPERF_SINGLE_PASS_ITEMS_SCALE-2__HLSLPERF_VECTOR_WIDTH-1__HLSLPERF_WAVE_SIZE-64",true,true,true,"",,,,,,,,2,4.8527,5.3938,0.0545,20743.8562,1.0509,"HLSLPERF_CROWD_BACKEND=2;HLSLPERF_CROWD_TILE_BINS=512;HLSLPERF_CROWD_TILE_REPLICAS=2;HLSLPERF_CROWD_TILE_SIZE=16;HLSLPERF_ELEMENTS_PER_THREAD=4;HLSLPERF_GROUP_SIZE=128;HLSLPERF_SCAN_BACKEND=1;HLSLPERF_SINGLE_PASS_GROUPS=128;HLSLPERF_SINGLE_PASS_ITEMS_SCALE=2;HLSLPERF_VECTOR_WIDTH=1;HLSLPERF_WAVE_SIZE=64","4.784;4.8245;4.7844;4.8016;4.8124;4.8622;4.8527;5.24;5.3977;5.3899;5.3729",""
"HLSLPERF_CROWD_BACKEND-2__HLSLPERF_CROWD_TILE_BINS-512__HLSLPERF_CROWD_TILE_REPLICAS-1__HLSLPERF_CROWD_TILE_SIZE-16__HLSLPERF_ELEMENTS_PER_THREAD-4__HLSLPERF_GROUP_SIZE-128__HLSLPERF_SCAN_BACKEND-1__HLSLPERF_SINGLE_PASS_GROUPS-256__HLSLPERF_SINGLE_PASS_ITEMS_SCALE-2__HLSLPERF_VECTOR_WIDTH-1__HLSLPERF_WAVE_SIZE-64",true,true,false,"",,,,,,,,2,3.9272,4.4618,0.0759,25632.463,1.2985,"HLSLPERF_CROWD_BACKEND=2;HLSLPERF_CROWD_TILE_BINS=512;HLSLPERF_CROWD_TILE_REPLICAS=1;HLSLPERF_CROWD_TILE_SIZE=16;HLSLPERF_ELEMENTS_PER_THREAD=4;HLSLPERF_GROUP_SIZE=128;HLSLPERF_SCAN_BACKEND=1;HLSLPERF_SINGLE_PASS_GROUPS=256;HLSLPERF_SINGLE_PASS_ITEMS_SCALE=2;HLSLPERF_VECTOR_WIDTH=1;HLSLPERF_WAVE_SIZE=64","3.7816;3.7849;3.7972;3.9272;3.8706;3.8503;4.3248;4.4607;4.4629;4.4058;4.454",""
"HLSLPERF_CROWD_BACKEND-2__HLSLPERF_CROWD_TILE_BINS-512__HLSLPERF_CROWD_TILE_REPLICAS-2__HLSLPERF_CROWD_TILE_SIZE-16__HLSLPERF_ELEMENTS_PER_THREAD-4__HLSLPERF_GROUP_SIZE-128__HLSLPERF_SCAN_BACKEND-1__HLSLPERF_SINGLE_PASS_GROUPS-256__HLSLPERF_SINGLE_PASS_ITEMS_SCALE-2__HLSLPERF_VECTOR_WIDTH-1__HLSLPERF_WAVE_SIZE-64",true,true,false,"",,,,,,,,2,3.8735,4.4499,0.0738,25987.4162,1.3165,"HLSLPERF_CROWD_BACKEND=2;HLSLPERF_CROWD_TILE_BINS=512;HLSLPERF_CROWD_TILE_REPLICAS=2;HLSLPERF_CROWD_TILE_SIZE=16;HLSLPERF_ELEMENTS_PER_THREAD=4;HLSLPERF_GROUP_SIZE=128;HLSLPERF_SCAN_BACKEND=1;HLSLPERF_SINGLE_PASS_GROUPS=256;HLSLPERF_SINGLE_PASS_ITEMS_SCALE=2;HLSLPERF_VECTOR_WIDTH=1;HLSLPERF_WAVE_SIZE=64","3.825;3.8055;3.8119;3.7931;3.8735;3.8656;3.947;4.4249;4.4325;4.4672;4.4105",""
"HLSLPERF_CROWD_BACKEND-2__HLSLPERF_CROWD_TILE_BINS-512__HLSLPERF_CROWD_TILE_REPLICAS-1__HLSLPERF_CROWD_TILE_SIZE-16__HLSLPERF_ELEMENTS_PER_THREAD-4__HLSLPERF_GROUP_SIZE-128__HLSLPERF_SCAN_BACKEND-1__HLSLPERF_SINGLE_PASS_GROUPS-128__HLSLPERF_SINGLE_PASS_ITEMS_SCALE-4__HLSLPERF_VECTOR_WIDTH-1__HLSLPERF_WAVE_SIZE-64",true,true,true,"",,,,,,,,2,3.5579,3.6846,0.0237,28292.8964,1.4333,"HLSLPERF_CROWD_BACKEND=2;HLSLPERF_CROWD_TILE_BINS=512;HLSLPERF_CROWD_TILE_REPLICAS=1;HLSLPERF_CROWD_TILE_SIZE=16;HLSLPERF_ELEMENTS_PER_THREAD=4;HLSLPERF_GROUP_SIZE=128;HLSLPERF_SCAN_BACKEND=1;HLSLPERF_SINGLE_PASS_GROUPS=128;HLSLPERF_SINGLE_PASS_ITEMS_SCALE=4;HLSLPERF_VECTOR_WIDTH=1;HLSLPERF_WAVE_SIZE=64","3.4685;3.4933;3.4971;3.4836;3.4971;3.643;3.5579;3.6705;3.6392;3.6986;3.5916",""
"HLSLPERF_CROWD_BACKEND-2__HLSLPERF_CROWD_TILE_BINS-512__HLSLPERF_CROWD_TILE_REPLICAS-2__HLSLPERF_CROWD_TILE_SIZE-16__HLSLPERF_ELEMENTS_PER_THREAD-4__HLSLPERF_GROUP_SIZE-128__HLSLPERF_SCAN_BACKEND-1__HLSLPERF_SINGLE_PASS_GROUPS-128__HLSLPERF_SINGLE_PASS_ITEMS_SCALE-4__HLSLPERF_VECTOR_WIDTH-1__HLSLPERF_WAVE_SIZE-64",true,true,true,"",,,,,,,,2,3.5764,3.7055,0.0242,28146.2281,1.4258,"HLSLPERF_CROWD_BACKEND=2;HLSLPERF_CROWD_TILE_BINS=512;HLSLPERF_CROWD_TILE_REPLICAS=2;HLSLPERF_CROWD_TILE_SIZE=16;HLSLPERF_ELEMENTS_PER_THREAD=4;HLSLPERF_GROUP_SIZE=128;HLSLPERF_SCAN_BACKEND=1;HLSLPERF_SINGLE_PASS_GROUPS=128;HLSLPERF_SINGLE_PASS_ITEMS_SCALE=4;HLSLPERF_VECTOR_WIDTH=1;HLSLPERF_WAVE_SIZE=64","3.4843;3.4947;3.4974;3.4934;3.6701;3.5551;3.5764;3.7139;3.6351;3.6182;3.6971",""
"HLSLPERF_CROWD_BACKEND-2__HLSLPERF_CROWD_TILE_BINS-512__HLSLPERF_CROWD_TILE_REPLICAS-1__HLSLPERF_CROWD_TILE_SIZE-16__HLSLPERF_ELEMENTS_PER_THREAD-4__HLSLPERF_GROUP_SIZE-128__HLSLPERF_SCAN_BACKEND-1__HLSLPERF_SINGLE_PASS_GROUPS-256__HLSLPERF_SINGLE_PASS_ITEMS_SCALE-4__HLSLPERF_VECTOR_WIDTH-1__HLSLPERF_WAVE_SIZE-64",true,true,true,"",,,,,,,,2,3.0432,3.1899,0.0218,33077.6725,1.6757,"HLSLPERF_CROWD_BACKEND=2;HLSLPERF_CROWD_TILE_BINS=512;HLSLPERF_CROWD_TILE_REPLICAS=1;HLSLPERF_CROWD_TILE_SIZE=16;HLSLPERF_ELEMENTS_PER_THREAD=4;HLSLPERF_GROUP_SIZE=128;HLSLPERF_SCAN_BACKEND=1;HLSLPERF_SINGLE_PASS_GROUPS=256;HLSLPERF_SINGLE_PASS_ITEMS_SCALE=4;HLSLPERF_VECTOR_WIDTH=1;HLSLPERF_WAVE_SIZE=64","3.0455;3.0164;3.0432;3.0258;3.0338;3.0014;3.0182;3.1657;3.0715;3.0511;3.2141",""
"HLSLPERF_CROWD_BACKEND-2__HLSLPERF_CROWD_TILE_BINS-512__HLSLPERF_CROWD_TILE_REPLICAS-2__HLSLPERF_CROWD_TILE_SIZE-16__HLSLPERF_ELEMENTS_PER_THREAD-4__HLSLPERF_GROUP_SIZE-128__HLSLPERF_SCAN_BACKEND-1__HLSLPERF_SINGLE_PASS_GROUPS-256__HLSLPERF_SINGLE_PASS_ITEMS_SCALE-4__HLSLPERF_VECTOR_WIDTH-1__HLSLPERF_WAVE_SIZE-64",true,true,true,"",,,,,,,,2,3.0294,3.0473,0.0052,33228.7899,1.6833,"HLSLPERF_CROWD_BACKEND=2;HLSLPERF_CROWD_TILE_BINS=512;HLSLPERF_CROWD_TILE_REPLICAS=2;HLSLPERF_CROWD_TILE_SIZE=16;HLSLPERF_ELEMENTS_PER_THREAD=4;HLSLPERF_GROUP_SIZE=128;HLSLPERF_SCAN_BACKEND=1;HLSLPERF_SINGLE_PASS_GROUPS=256;HLSLPERF_SINGLE_PASS_ITEMS_SCALE=4;HLSLPERF_VECTOR_WIDTH=1;HLSLPERF_WAVE_SIZE=64","3.0513;2.9889;3.0271;3.0249;3.0306;3.032;3.0434;3.0294;3.0202;3.0192;3.034",""
"HLSLPERF_CROWD_BACKEND-2__HLSLPERF_CROWD_TILE_BINS-512__HLSLPERF_CROWD_TILE_REPLICAS-1__HLSLPERF_CROWD_TILE_SIZE-16__HLSLPERF_ELEMENTS_PER_THREAD-4__HLSLPERF_GROUP_SIZE-128__HLSLPERF_SCAN_BACKEND-1__HLSLPERF_SINGLE_PASS_GROUPS-128__HLSLPERF_SINGLE_PASS_ITEMS_SCALE-2__HLSLPERF_VECTOR_WIDTH-4__HLSLPERF_WAVE_SIZE-32",true,true,true,"",,,,,,,,2,4.793,4.8097,0.0025,21002.1481,1.0639,"HLSLPERF_CROWD_BACKEND=2;HLSLPERF_CROWD_TILE_BINS=512;HLSLPERF_CROWD_TILE_REPLICAS=1;HLSLPERF_CROWD_TILE_SIZE=16;HLSLPERF_ELEMENTS_PER_THREAD=4;HLSLPERF_GROUP_SIZE=128;HLSLPERF_SCAN_BACKEND=1;HLSLPERF_SINGLE_PASS_GROUPS=128;HLSLPERF_SINGLE_PASS_ITEMS_SCALE=2;HLSLPERF_VECTOR_WIDTH=4;HLSLPERF_WAVE_SIZE=32","4.7934;4.8008;4.785;4.772;4.8185;4.7937;4.793;4.7871;4.778;4.7978;4.7924",""
"HLSLPERF_CROWD_BACKEND-2__HLSLPERF_CROWD_TILE_BINS-512__HLSLPERF_CROWD_TILE_REPLICAS-2__HLSLPERF_CROWD_TILE_SIZE-16__HLSLPERF_ELEMENTS_PER_THREAD-4__HLSLPERF_GROUP_SIZE-128__HLSLPERF_SCAN_BACKEND-1__HLSLPERF_SINGLE_PASS_GROUPS-128__HLSLPERF_SINGLE_PASS_ITEMS_SCALE-2__HLSLPERF_VECTOR_WIDTH-4__HLSLPERF_WAVE_SIZE-32",true,true,true,"",,,,,,,,2,4.7979,4.8295,0.0033,20980.5241,1.0628,"HLSLPERF_CROWD_BACKEND=2;HLSLPERF_CROWD_TILE_BINS=512;HLSLPERF_CROWD_TILE_REPLICAS=2;HLSLPERF_CROWD_TILE_SIZE=16;HLSLPERF_ELEMENTS_PER_THREAD=4;HLSLPERF_GROUP_SIZE=128;HLSLPERF_SCAN_BACKEND=1;HLSLPERF_SINGLE_PASS_GROUPS=128;HLSLPERF_SINGLE_PASS_ITEMS_SCALE=2;HLSLPERF_VECTOR_WIDTH=4;HLSLPERF_WAVE_SIZE=32","4.7877;4.7954;4.7915;4.7879;4.8331;4.7979;4.7923;4.8091;4.8143;4.826;4.8116",""
"HLSLPERF_CROWD_BACKEND-2__HLSLPERF_CROWD_TILE_BINS-512__HLSLPERF_CROWD_TILE_REPLICAS-1__HLSLPERF_CROWD_TILE_SIZE-16__HLSLPERF_ELEMENTS_PER_THREAD-4__HLSLPERF_GROUP_SIZE-128__HLSLPERF_SCAN_BACKEND-1__HLSLPERF_SINGLE_PASS_GROUPS-256__HLSLPERF_SINGLE_PASS_ITEMS_SCALE-2__HLSLPERF_VECTOR_WIDTH-4__HLSLPERF_WAVE_SIZE-32",true,true,true,"",,,,,,,,2,3.82,3.847,0.0055,26351.5102,1.3349,"HLSLPERF_CROWD_BACKEND=2;HLSLPERF_CROWD_TILE_BINS=512;HLSLPERF_CROWD_TILE_REPLICAS=1;HLSLPERF_CROWD_TILE_SIZE=16;HLSLPERF_ELEMENTS_PER_THREAD=4;HLSLPERF_GROUP_SIZE=128;HLSLPERF_SCAN_BACKEND=1;HLSLPERF_SINGLE_PASS_GROUPS=256;HLSLPERF_SINGLE_PASS_ITEMS_SCALE=2;HLSLPERF_VECTOR_WIDTH=4;HLSLPERF_WAVE_SIZE=32","3.7983;3.7997;3.8279;3.8573;3.8367;3.7982;3.822;3.7841;3.8106;3.82;3.827",""
"HLSLPERF_CROWD_BACKEND-2__HLSLPERF_CROWD_TILE_BINS-512__HLSLPERF_CROWD_TILE_REPLICAS-2__HLSLPERF_CROWD_TILE_SIZE-16__HLSLPERF_ELEMENTS_PER_THREAD-4__HLSLPERF_GROUP_SIZE-128__HLSLPERF_SCAN_BACKEND-1__HLSLPERF_SINGLE_PASS_GROUPS-256__HLSLPERF_SINGLE_PASS_ITEMS_SCALE-2__HLSLPERF_VECTOR_WIDTH-4__HLSLPERF_WAVE_SIZE-32",true,true,false,"",,,,,,,,2,3.8717,4.4639,0.0751,25999.9008,1.3171,"HLSLPERF_CROWD_BACKEND=2;HLSLPERF_CROWD_TILE_BINS=512;HLSLPERF_CROWD_TILE_REPLICAS=2;HLSLPERF_CROWD_TILE_SIZE=16;HLSLPERF_ELEMENTS_PER_THREAD=4;HLSLPERF_GROUP_SIZE=128;HLSLPERF_SCAN_BACKEND=1;HLSLPERF_SINGLE_PASS_GROUPS=256;HLSLPERF_SINGLE_PASS_ITEMS_SCALE=2;HLSLPERF_VECTOR_WIDTH=4;HLSLPERF_WAVE_SIZE=32","3.8042;3.8227;3.7922;3.8521;3.8698;3.8717;4.1382;4.4558;4.4623;4.4654;4.454",""
"HLSLPERF_CROWD_BACKEND-2__HLSLPERF_CROWD_TILE_BINS-512__HLSLPERF_CROWD_TILE_REPLICAS-1__HLSLPERF_CROWD_TILE_SIZE-16__HLSLPERF_ELEMENTS_PER_THREAD-4__HLSLPERF_GROUP_SIZE-128__HLSLPERF_SCAN_BACKEND-1__HLSLPERF_SINGLE_PASS_GROUPS-128__HLSLPERF_SINGLE_PASS_ITEMS_SCALE-4__HLSLPERF_VECTOR_WIDTH-4__HLSLPERF_WAVE_SIZE-32",true,true,true,"",,,,,,,,2,3.6121,3.7868,0.0242,27868.0494,1.4118,"HLSLPERF_CROWD_BACKEND=2;HLSLPERF_CROWD_TILE_BINS=512;HLSLPERF_CROWD_TILE_REPLICAS=1;HLSLPERF_CROWD_TILE_SIZE=16;HLSLPERF_ELEMENTS_PER_THREAD=4;HLSLPERF_GROUP_SIZE=128;HLSLPERF_SCAN_BACKEND=1;HLSLPERF_SINGLE_PASS_GROUPS=128;HLSLPERF_SINGLE_PASS_ITEMS_SCALE=4;HLSLPERF_VECTOR_WIDTH=4;HLSLPERF_WAVE_SIZE=32","3.568;3.561;3.5581;3.5791;3.7199;3.6121;3.611;3.8155;3.6864;3.7581;3.6926",""
"HLSLPERF_CROWD_BACKEND-2__HLSLPERF_CROWD_TILE_BINS-512__HLSLPERF_CROWD_TILE_REPLICAS-2__HLSLPERF_CROWD_TILE_SIZE-16__HLSLPERF_ELEMENTS_PER_THREAD-4__HLSLPERF_GROUP_SIZE-128__HLSLPERF_SCAN_BACKEND-1__HLSLPERF_SINGLE_PASS_GROUPS-128__HLSLPERF_SINGLE_PASS_ITEMS_SCALE-4__HLSLPERF_VECTOR_WIDTH-4__HLSLPERF_WAVE_SIZE-32",true,true,true,"",,,,,,,,2,3.5427,3.5864,0.0069,28414.2874,1.4394,"HLSLPERF_CROWD_BACKEND=2;HLSLPERF_CROWD_TILE_BINS=512;HLSLPERF_CROWD_TILE_REPLICAS=2;HLSLPERF_CROWD_TILE_SIZE=16;HLSLPERF_ELEMENTS_PER_THREAD=4;HLSLPERF_GROUP_SIZE=128;HLSLPERF_SCAN_BACKEND=1;HLSLPERF_SINGLE_PASS_GROUPS=128;HLSLPERF_SINGLE_PASS_ITEMS_SCALE=4;HLSLPERF_VECTOR_WIDTH=4;HLSLPERF_WAVE_SIZE=32","3.5415;3.5206;3.5404;3.5419;3.5427;3.6157;3.553;3.5492;3.5471;3.5292;3.5572",""
"HLSLPERF_CROWD_BACKEND-2__HLSLPERF_CROWD_TILE_BINS-512__HLSLPERF_CROWD_TILE_REPLICAS-1__HLSLPERF_CROWD_TILE_SIZE-16__HLSLPERF_ELEMENTS_PER_THREAD-4__HLSLPERF_GROUP_SIZE-128__HLSLPERF_SCAN_BACKEND-1__HLSLPERF_SINGLE_PASS_GROUPS-256__HLSLPERF_SINGLE_PASS_ITEMS_SCALE-4__HLSLPERF_VECTOR_WIDTH-4__HLSLPERF_WAVE_SIZE-32",true,true,true,"",,,,,,,,2,3.074,3.2143,0.0212,32746.8936,1.6589,"HLSLPERF_CROWD_BACKEND=2;HLSLPERF_CROWD_TILE_BINS=512;HLSLPERF_CROWD_TILE_REPLICAS=1;HLSLPERF_CROWD_TILE_SIZE=16;HLSLPERF_ELEMENTS_PER_THREAD=4;HLSLPERF_GROUP_SIZE=128;HLSLPERF_SCAN_BACKEND=1;HLSLPERF_SINGLE_PASS_GROUPS=256;HLSLPERF_SINGLE_PASS_ITEMS_SCALE=4;HLSLPERF_VECTOR_WIDTH=4;HLSLPERF_WAVE_SIZE=32","3.0673;3.0483;3.0749;3.0432;3.0235;3.0468;3.074;3.2131;3.0941;3.1177;3.2154",""
"HLSLPERF_CROWD_BACKEND-2__HLSLPERF_CROWD_TILE_BINS-512__HLSLPERF_CROWD_TILE_REPLICAS-2__HLSLPERF_CROWD_TILE_SIZE-16__HLSLPERF_ELEMENTS_PER_THREAD-4__HLSLPERF_GROUP_SIZE-128__HLSLPERF_SCAN_BACKEND-1__HLSLPERF_SINGLE_PASS_GROUPS-256__HLSLPERF_SINGLE_PASS_ITEMS_SCALE-4__HLSLPERF_VECTOR_WIDTH-4__HLSLPERF_WAVE_SIZE-32",true,true,true,"",,,,,,,,2,3.0634,3.1967,0.0207,32860.2054,1.6646,"HLSLPERF_CROWD_BACKEND=2;HLSLPERF_CROWD_TILE_BINS=512;HLSLPERF_CROWD_TILE_REPLICAS=2;HLSLPERF_CROWD_TILE_SIZE=16;HLSLPERF_ELEMENTS_PER_THREAD=4;HLSLPERF_GROUP_SIZE=128;HLSLPERF_SCAN_BACKEND=1;HLSLPERF_SINGLE_PASS_GROUPS=256;HLSLPERF_SINGLE_PASS_ITEMS_SCALE=4;HLSLPERF_VECTOR_WIDTH=4;HLSLPERF_WAVE_SIZE=32","3.0552;3.0634;3.0492;3.0494;3.0527;3.054;3.1025;3.1085;3.1215;3.1295;3.2639",""
"HLSLPERF_CROWD_BACKEND-2__HLSLPERF_CROWD_TILE_BINS-512__HLSLPERF_CROWD_TILE_REPLICAS-1__HLSLPERF_CROWD_TILE_SIZE-16__HLSLPERF_ELEMENTS_PER_THREAD-4__HLSLPERF_GROUP_SIZE-128__HLSLPERF_SCAN_BACKEND-1__HLSLPERF_SINGLE_PASS_GROUPS-128__HLSLPERF_SINGLE_PASS_ITEMS_SCALE-2__HLSLPERF_VECTOR_WIDTH-4__HLSLPERF_WAVE_SIZE-64",true,true,true,"",,,,,,,,2,4.8748,5.4398,0.055,20649.6437,1.0461,"HLSLPERF_CROWD_BACKEND=2;HLSLPERF_CROWD_TILE_BINS=512;HLSLPERF_CROWD_TILE_REPLICAS=1;HLSLPERF_CROWD_TILE_SIZE=16;HLSLPERF_ELEMENTS_PER_THREAD=4;HLSLPERF_GROUP_SIZE=128;HLSLPERF_SCAN_BACKEND=1;HLSLPERF_SINGLE_PASS_GROUPS=128;HLSLPERF_SINGLE_PASS_ITEMS_SCALE=2;HLSLPERF_VECTOR_WIDTH=4;HLSLPERF_WAVE_SIZE=64","4.8064;4.818;4.8114;4.8287;4.8161;4.8827;4.8748;5.1736;5.441;5.393;5.4387",""
"HLSLPERF_CROWD_BACKEND-2__HLSLPERF_CROWD_TILE_BINS-512__HLSLPERF_CROWD_TILE_REPLICAS-2__HLSLPERF_CROWD_TILE_SIZE-16__HLSLPERF_ELEMENTS_PER_THREAD-4__HLSLPERF_GROUP_SIZE-128__HLSLPERF_SCAN_BACKEND-1__HLSLPERF_SINGLE_PASS_GROUPS-128__HLSLPERF_SINGLE_PASS_ITEMS_SCALE-2__HLSLPERF_VECTOR_WIDTH-4__HLSLPERF_WAVE_SIZE-64",true,true,true,"",,,,,,,,2,4.875,5.4301,0.053,20649.0507,1.046,"HLSLPERF_CROWD_BACKEND=2;HLSLPERF_CROWD_TILE_BINS=512;HLSLPERF_CROWD_TILE_REPLICAS=2;HLSLPERF_CROWD_TILE_SIZE=16;HLSLPERF_ELEMENTS_PER_THREAD=4;HLSLPERF_GROUP_SIZE=128;HLSLPERF_SCAN_BACKEND=1;HLSLPERF_SINGLE_PASS_GROUPS=128;HLSLPERF_SINGLE_PASS_ITEMS_SCALE=2;HLSLPERF_VECTOR_WIDTH=4;HLSLPERF_WAVE_SIZE=64","4.8348;4.8212;4.8247;4.8438;4.8272;4.9093;4.875;5.258;5.3523;5.4243;5.436",""
"HLSLPERF_CROWD_BACKEND-2__HLSLPERF_CROWD_TILE_BINS-512__HLSLPERF_CROWD_TILE_REPLICAS-1__HLSLPERF_CROWD_TILE_SIZE-16__HLSLPERF_ELEMENTS_PER_THREAD-4__HLSLPERF_GROUP_SIZE-128__HLSLPERF_SCAN_BACKEND-1__HLSLPERF_SINGLE_PASS_GROUPS-256__HLSLPERF_SINGLE_PASS_ITEMS_SCALE-2__HLSLPERF_VECTOR_WIDTH-4__HLSLPERF_WAVE_SIZE-64",true,true,false,"",,,,,,,,2,4.0033,4.4544,0.0712,25145.0793,1.2738,"HLSLPERF_CROWD_BACKEND=2;HLSLPERF_CROWD_TILE_BINS=512;HLSLPERF_CROWD_TILE_REPLICAS=1;HLSLPERF_CROWD_TILE_SIZE=16;HLSLPERF_ELEMENTS_PER_THREAD=4;HLSLPERF_GROUP_SIZE=128;HLSLPERF_SCAN_BACKEND=1;HLSLPERF_SINGLE_PASS_GROUPS=256;HLSLPERF_SINGLE_PASS_ITEMS_SCALE=2;HLSLPERF_VECTOR_WIDTH=4;HLSLPERF_WAVE_SIZE=64","3.8513;3.804;3.8098;3.8081;4.0033;3.8818;4.0816;4.4577;4.4452;4.451;4.4228",""
"HLSLPERF_CROWD_BACKEND-2__HLSLPERF_CROWD_TILE_BINS-512__HLSLPERF_CROWD_TILE_REPLICAS-2__HLSLPERF_CROWD_TILE_SIZE-16__HLSLPERF_ELEMENTS_PER_THREAD-4__HLSLPERF_GROUP_SIZE-128__HLSLPERF_SCAN_BACKEND-1__HLSLPERF_SINGLE_PASS_GROUPS-256__HLSLPERF_SINGLE_PASS_ITEMS_SCALE-2__HLSLPERF_VECTOR_WIDTH-4__HLSLPERF_WAVE_SIZE-64",true,true,false,"",,,,,,,,2,3.9834,4.4808,0.0718,25270.8243,1.2802,"HLSLPERF_CROWD_BACKEND=2;HLSLPERF_CROWD_TILE_BINS=512;HLSLPERF_CROWD_TILE_REPLICAS=2;HLSLPERF_CROWD_TILE_SIZE=16;HLSLPERF_ELEMENTS_PER_THREAD=4;HLSLPERF_GROUP_SIZE=128;HLSLPERF_SCAN_BACKEND=1;HLSLPERF_SINGLE_PASS_GROUPS=256;HLSLPERF_SINGLE_PASS_ITEMS_SCALE=2;HLSLPERF_VECTOR_WIDTH=4;HLSLPERF_WAVE_SIZE=64","3.8223;3.8379;3.8241;3.9834;3.8674;3.8758;4.2041;4.4232;4.4621;4.4728;4.4887",""
"HLSLPERF_CROWD_BACKEND-2__HLSLPERF_CROWD_TILE_BINS-512__HLSLPERF_CROWD_TILE_REPLICAS-1__HLSLPERF_CROWD_TILE_SIZE-16__HLSLPERF_ELEMENTS_PER_THREAD-4__HLSLPERF_GROUP_SIZE-128__HLSLPERF_SCAN_BACKEND-1__HLSLPERF_SINGLE_PASS_GROUPS-128__HLSLPERF_SINGLE_PASS_ITEMS_SCALE-4__HLSLPERF_VECTOR_WIDTH-4__HLSLPERF_WAVE_SIZE-64",true,true,true,"",,,,,,,,2,3.5851,3.717,0.0216,28077.9261,1.4224,"HLSLPERF_CROWD_BACKEND=2;HLSLPERF_CROWD_TILE_BINS=512;HLSLPERF_CROWD_TILE_REPLICAS=1;HLSLPERF_CROWD_TILE_SIZE=16;HLSLPERF_ELEMENTS_PER_THREAD=4;HLSLPERF_GROUP_SIZE=128;HLSLPERF_SCAN_BACKEND=1;HLSLPERF_SINGLE_PASS_GROUPS=128;HLSLPERF_SINGLE_PASS_ITEMS_SCALE=4;HLSLPERF_VECTOR_WIDTH=4;HLSLPERF_WAVE_SIZE=64","3.5272;3.539;3.5454;3.5149;3.5277;3.6302;3.5946;3.5851;3.7692;3.6482;3.6648",""
"HLSLPERF_CROWD_BACKEND-2__HLSLPERF_CROWD_TILE_BINS-512__HLSLPERF_CROWD_TILE_REPLICAS-2__HLSLPERF_CROWD_TILE_SIZE-16__HLSLPERF_ELEMENTS_PER_THREAD-4__HLSLPERF_GROUP_SIZE-128__HLSLPERF_SCAN_BACKEND-1__HLSLPERF_SINGLE_PASS_GROUPS-128__HLSLPERF_SINGLE_PASS_ITEMS_SCALE-4__HLSLPERF_VECTOR_WIDTH-4__HLSLPERF_WAVE_SIZE-64",true,true,true,"",,,,,,,,2,3.5677,3.7685,0.0277,28215.4959,1.4294,"HLSLPERF_CROWD_BACKEND=2;HLSLPERF_CROWD_TILE_BINS=512;HLSLPERF_CROWD_TILE_REPLICAS=2;HLSLPERF_CROWD_TILE_SIZE=16;HLSLPERF_ELEMENTS_PER_THREAD=4;HLSLPERF_GROUP_SIZE=128;HLSLPERF_SCAN_BACKEND=1;HLSLPERF_SINGLE_PASS_GROUPS=128;HLSLPERF_SINGLE_PASS_ITEMS_SCALE=4;HLSLPERF_VECTOR_WIDTH=4;HLSLPERF_WAVE_SIZE=64","3.5265;3.5207;3.5179;3.5192;3.6894;3.5659;3.5736;3.8476;3.5677;3.6497;3.5931",""
"HLSLPERF_CROWD_BACKEND-2__HLSLPERF_CROWD_TILE_BINS-512__HLSLPERF_CROWD_TILE_REPLICAS-1__HLSLPERF_CROWD_TILE_SIZE-16__HLSLPERF_ELEMENTS_PER_THREAD-4__HLSLPERF_GROUP_SIZE-128__HLSLPERF_SCAN_BACKEND-1__HLSLPERF_SINGLE_PASS_GROUPS-256__HLSLPERF_SINGLE_PASS_ITEMS_SCALE-4__HLSLPERF_VECTOR_WIDTH-4__HLSLPERF_WAVE_SIZE-64",true,true,true,"",,,,,,,,2,3.1004,3.1505,0.0165,32468.051,1.6448,"HLSLPERF_CROWD_BACKEND=2;HLSLPERF_CROWD_TILE_BINS=512;HLSLPERF_CROWD_TILE_REPLICAS=1;HLSLPERF_CROWD_TILE_SIZE=16;HLSLPERF_ELEMENTS_PER_THREAD=4;HLSLPERF_GROUP_SIZE=128;HLSLPERF_SCAN_BACKEND=1;HLSLPERF_SINGLE_PASS_GROUPS=256;HLSLPERF_SINGLE_PASS_ITEMS_SCALE=4;HLSLPERF_VECTOR_WIDTH=4;HLSLPERF_WAVE_SIZE=64","3.1004;3.1004;3.079;3.1533;3.0268;3.0873;2.9891;3.1119;3.1476;3.0288;3.1033",""
"HLSLPERF_CROWD_BACKEND-2__HLSLPERF_CROWD_TILE_BINS-512__HLSLPERF_CROWD_TILE_REPLICAS-2__HLSLPERF_CROWD_TILE_SIZE-16__HLSLPERF_ELEMENTS_PER_THREAD-4__HLSLPERF_GROUP_SIZE-128__HLSLPERF_SCAN_BACKEND-1__HLSLPERF_SINGLE_PASS_GROUPS-256__HLSLPERF_SINGLE_PASS_ITEMS_SCALE-4__HLSLPERF_VECTOR_WIDTH-4__HLSLPERF_WAVE_SIZE-64",true,true,true,"",,,,,,,,2,3.0577,3.1627,0.0186,32921.2467,1.6677,"HLSLPERF_CROWD_BACKEND=2;HLSLPERF_CROWD_TILE_BINS=512;HLSLPERF_CROWD_TILE_REPLICAS=2;HLSLPERF_CROWD_TILE_SIZE=16;HLSLPERF_ELEMENTS_PER_THREAD=4;HLSLPERF_GROUP_SIZE=128;HLSLPERF_SCAN_BACKEND=1;HLSLPERF_SINGLE_PASS_GROUPS=256;HLSLPERF_SINGLE_PASS_ITEMS_SCALE=4;HLSLPERF_VECTOR_WIDTH=4;HLSLPERF_WAVE_SIZE=64","3.069;3.0577;3.0424;3.0358;3.0351;3.0131;3.0392;3.1021;3.0893;3.0601;3.2234",""
"HLSLPERF_CROWD_BACKEND-2__HLSLPERF_CROWD_TILE_BINS-512__HLSLPERF_CROWD_TILE_REPLICAS-1__HLSLPERF_CROWD_TILE_SIZE-16__HLSLPERF_ELEMENTS_PER_THREAD-2__HLSLPERF_GROUP_SIZE-256__HLSLPERF_SCAN_BACKEND-1__HLSLPERF_SINGLE_PASS_GROUPS-128__HLSLPERF_SINGLE_PASS_ITEMS_SCALE-2__HLSLPERF_VECTOR_WIDTH-1__HLSLPERF_WAVE_SIZE-32",true,true,true,"",,,,,,,,2,4.8907,5.4286,0.0581,20582.7631,1.0427,"HLSLPERF_CROWD_BACKEND=2;HLSLPERF_CROWD_TILE_BINS=512;HLSLPERF_CROWD_TILE_REPLICAS=1;HLSLPERF_CROWD_TILE_SIZE=16;HLSLPERF_ELEMENTS_PER_THREAD=2;HLSLPERF_GROUP_SIZE=256;HLSLPERF_SCAN_BACKEND=1;HLSLPERF_SINGLE_PASS_GROUPS=128;HLSLPERF_SINGLE_PASS_ITEMS_SCALE=2;HLSLPERF_VECTOR_WIDTH=1;HLSLPERF_WAVE_SIZE=32","4.8018;4.7992;4.7857;4.8014;4.8104;4.9541;4.8907;5.3955;5.3736;5.4616;5.3941",""
"HLSLPERF_CROWD_BACKEND-2__HLSLPERF_CROWD_TILE_BINS-512__HLSLPERF_CROWD_TILE_REPLICAS-2__HLSLPERF_CROWD_TILE_SIZE-16__HLSLPERF_ELEMENTS_PER_THREAD-2__HLSLPERF_GROUP_SIZE-256__HLSLPERF_SCAN_BACKEND-1__HLSLPERF_SINGLE_PASS_GROUPS-128__HLSLPERF_SINGLE_PASS_ITEMS_SCALE-2__HLSLPERF_VECTOR_WIDTH-1__HLSLPERF_WAVE_SIZE-32",true,true,true,"",,,,,,,,2,4.8448,5.4302,0.0555,20777.51,1.0526,"HLSLPERF_CROWD_BACKEND=2;HLSLPERF_CROWD_TILE_BINS=512;HLSLPERF_CROWD_TILE_REPLICAS=2;HLSLPERF_CROWD_TILE_SIZE=16;HLSLPERF_ELEMENTS_PER_THREAD=2;HLSLPERF_GROUP_SIZE=256;HLSLPERF_SCAN_BACKEND=1;HLSLPERF_SINGLE_PASS_GROUPS=128;HLSLPERF_SINGLE_PASS_ITEMS_SCALE=2;HLSLPERF_VECTOR_WIDTH=1;HLSLPERF_WAVE_SIZE=32","4.7912;4.784;4.8095;4.8025;4.7891;4.9394;4.8448;5.2132;5.3547;5.438;5.4224",""
"HLSLPERF_CROWD_BACKEND-2__HLSLPERF_CROWD_TILE_BINS-512__HLSLPERF_CROWD_TILE_REPLICAS-1__HLSLPERF_CROWD_TILE_SIZE-16__HLSLPERF_ELEMENTS_PER_THREAD-2__HLSLPERF_GROUP_SIZE-256__HLSLPERF_SCAN_BACKEND-1__HLSLPERF_SINGLE_PASS_GROUPS-256__HLSLPERF_SINGLE_PASS_ITEMS_SCALE-2__HLSLPERF_VECTOR_WIDTH-1__HLSLPERF_WAVE_SIZE-32",true,true,true,"",,,,,,,,2,3.898,3.9523,0.0118,25824.2123,1.3082,"HLSLPERF_CROWD_BACKEND=2;HLSLPERF_CROWD_TILE_BINS=512;HLSLPERF_CROWD_TILE_REPLICAS=1;HLSLPERF_CROWD_TILE_SIZE=16;HLSLPERF_ELEMENTS_PER_THREAD=2;HLSLPERF_GROUP_SIZE=256;HLSLPERF_SCAN_BACKEND=1;HLSLPERF_SINGLE_PASS_GROUPS=256;HLSLPERF_SINGLE_PASS_ITEMS_SCALE=2;HLSLPERF_VECTOR_WIDTH=1;HLSLPERF_WAVE_SIZE=32","3.8451;3.8278;3.8324;3.9947;3.897;3.9034;3.898;3.9015;3.907;3.9099;3.8962",""
"HLSLPERF_CROWD_BACKEND-2__HLSLPERF_CROWD_TILE_BINS-512__HLSLPERF_CROWD_TILE_REPLICAS-2__HLSLPERF_CROWD_TILE_SIZE-16__HLSLPERF_ELEMENTS_PER_THREAD-2__HLSLPERF_GROUP_SIZE-256__HLSLPERF_SCAN_BACKEND-1__HLSLPERF_SINGLE_PASS_GROUPS-256__HLSLPERF_SINGLE_PASS_ITEMS_SCALE-2__HLSLPERF_VECTOR_WIDTH-1__HLSLPERF_WAVE_SIZE-32",true,true,true,"",,,,,,,,2,3.8939,3.9834,0.0154,25851.2704,1.3096,"HLSLPERF_CROWD_BACKEND=2;HLSLPERF_CROWD_TILE_BINS=512;HLSLPERF_CROWD_TILE_REPLICAS=2;HLSLPERF_CROWD_TILE_SIZE=16;HLSLPERF_ELEMENTS_PER_THREAD=2;HLSLPERF_GROUP_SIZE=256;HLSLPERF_SCAN_BACKEND=1;HLSLPERF_SINGLE_PASS_GROUPS=256;HLSLPERF_SINGLE_PASS_ITEMS_SCALE=2;HLSLPERF_VECTOR_WIDTH=1;HLSLPERF_WAVE_SIZE=32","3.8326;3.8356;3.8288;4.0484;3.8862;3.8951;3.9185;3.8939;3.8971;3.8931;3.9076",""
"HLSLPERF_CROWD_BACKEND-2__HLSLPERF_CROWD_TILE_BINS-512__HLSLPERF_CROWD_TILE_REPLICAS-1__HLSLPERF_CROWD_TILE_SIZE-16__HLSLPERF_ELEMENTS_PER_THREAD-2__HLSLPERF_GROUP_SIZE-256__HLSLPERF_SCAN_BACKEND-1__HLSLPERF_SINGLE_PASS_GROUPS-128__HLSLPERF_SINGLE_PASS_ITEMS_SCALE-4__HLSLPERF_VECTOR_WIDTH-1__HLSLPERF_WAVE_SIZE-32",true,true,true,"",,,,,,,,2,3.663,3.7293,0.021,27480.9572,1.3921,"HLSLPERF_CROWD_BACKEND=2;HLSLPERF_CROWD_TILE_BINS=512;HLSLPERF_CROWD_TILE_REPLICAS=1;HLSLPERF_CROWD_TILE_SIZE=16;HLSLPERF_ELEMENTS_PER_THREAD=2;HLSLPERF_GROUP_SIZE=256;HLSLPERF_SCAN_BACKEND=1;HLSLPERF_SINGLE_PASS_GROUPS=128;HLSLPERF_SINGLE_PASS_ITEMS_SCALE=4;HLSLPERF_VECTOR_WIDTH=1;HLSLPERF_WAVE_SIZE=32","3.533;3.5337;3.5548;3.663;3.5727;3.581;3.675;3.6704;3.692;3.7309;3.7276",""
"HLSLPERF_CROWD_BACKEND-2__HLSLPERF_CROWD_TILE_BINS-512__HLSLPERF_CROWD_TILE_REPLICAS-2__HLSLPERF_CROWD_TILE_SIZE-16__HLSLPERF_ELEMENTS_PER_THREAD-2__HLSLPERF_GROUP_SIZE-256__HLSLPERF_SCAN_BACKEND-1__HLSLPERF_SINGLE_PASS_GROUPS-128__HLSLPERF_SINGLE_PASS_ITEMS_SCALE-4__HLSLPERF_VECTOR_WIDTH-1__HLSLPERF_WAVE_SIZE-32",true,true,true,"",,,,,,,,2,3.5784,3.7674,0.0266,28131.126,1.4251,"HLSLPERF_CROWD_BACKEND=2;HLSLPERF_CROWD_TILE_BINS=512;HLSLPERF_CROWD_TILE_REPLICAS=2;HLSLPERF_CROWD_TILE_SIZE=16;HLSLPERF_ELEMENTS_PER_THREAD=2;HLSLPERF_GROUP_SIZE=256;HLSLPERF_SCAN_BACKEND=1;HLSLPERF_SINGLE_PASS_GROUPS=128;HLSLPERF_SINGLE_PASS_ITEMS_SCALE=4;HLSLPERF_VECTOR_WIDTH=1;HLSLPERF_WAVE_SIZE=32","3.5101;3.5427;3.52;3.5784;3.5296;3.7118;3.5711;3.5883;3.8229;3.6537;3.6621",""
"HLSLPERF_CROWD_BACKEND-2__HLSLPERF_CROWD_TILE_BINS-512__HLSLPERF_CROWD_TILE_REPLICAS-1__HLSLPERF_CROWD_TILE_SIZE-16__HLSLPERF_ELEMENTS_PER_THREAD-2__HLSLPERF_GROUP_SIZE-256__HLSLPERF_SCAN_BACKEND-1__HLSLPERF_SINGLE_PASS_GROUPS-256__HLSLPERF_SINGLE_PASS_ITEMS_SCALE-4__HLSLPERF_VECTOR_WIDTH-1__HLSLPERF_WAVE_SIZE-32",true,true,true,"",,,,,,,,2,3.1414,3.2269,0.0141,32044.4954,1.6233,"HLSLPERF_CROWD_BACKEND=2;HLSLPERF_CROWD_TILE_BINS=512;HLSLPERF_CROWD_TILE_REPLICAS=1;HLSLPERF_CROWD_TILE_SIZE=16;HLSLPERF_ELEMENTS_PER_THREAD=2;HLSLPERF_GROUP_SIZE=256;HLSLPERF_SCAN_BACKEND=1;HLSLPERF_SINGLE_PASS_GROUPS=256;HLSLPERF_SINGLE_PASS_ITEMS_SCALE=4;HLSLPERF_VECTOR_WIDTH=1;HLSLPERF_WAVE_SIZE=32","3.121;3.124;3.1251;3.1331;3.1209;3.1414;3.2699;3.1718;3.1797;3.169;3.1839",""
"HLSLPERF_CROWD_BACKEND-2__HLSLPERF_CROWD_TILE_BINS-512__HLSLPERF_CROWD_TILE_REPLICAS-2__HLSLPERF_CROWD_TILE_SIZE-16__HLSLPERF_ELEMENTS_PER_THREAD-2__HLSLPERF_GROUP_SIZE-256__HLSLPERF_SCAN_BACKEND-1__HLSLPERF_SINGLE_PASS_GROUPS-256__HLSLPERF_SINGLE_PASS_ITEMS_SCALE-4__HLSLPERF_VECTOR_WIDTH-1__HLSLPERF_WAVE_SIZE-32",true,true,true,"",,,,,,,,2,3.1165,3.2571,0.0212,32300.5256,1.6363,"HLSLPERF_CROWD_BACKEND=2;HLSLPERF_CROWD_TILE_BINS=512;HLSLPERF_CROWD_TILE_REPLICAS=2;HLSLPERF_CROWD_TILE_SIZE=16;HLSLPERF_ELEMENTS_PER_THREAD=2;HLSLPERF_GROUP_SIZE=256;HLSLPERF_SCAN_BACKEND=1;HLSLPERF_SINGLE_PASS_GROUPS=256;HLSLPERF_SINGLE_PASS_ITEMS_SCALE=4;HLSLPERF_VECTOR_WIDTH=1;HLSLPERF_WAVE_SIZE=32","3.1293;3.1165;3.1119;3.1144;3.1139;3.113;3.1044;3.1659;3.1791;3.1584;3.3351",""
"HLSLPERF_CROWD_BACKEND-2__HLSLPERF_CROWD_TILE_BINS-512__HLSLPERF_CROWD_TILE_REPLICAS-1__HLSLPERF_CROWD_TILE_SIZE-16__HLSLPERF_ELEMENTS_PER_THREAD-2__HLSLPERF_GROUP_SIZE-256__HLSLPERF_SCAN_BACKEND-1__HLSLPERF_SINGLE_PASS_GROUPS-128__HLSLPERF_SINGLE_PASS_ITEMS_SCALE-2__HLSLPERF_VECTOR_WIDTH-1__HLSLPERF_WAVE_SIZE-64",true,true,true,"",,,,,,,,2,4.7771,5.3654,0.0541,21072.1395,1.0675,"HLSLPERF_CROWD_BACKEND=2;HLSLPERF_CROWD_TILE_BINS=512;HLSLPERF_CROWD_TILE_REPLICAS=1;HLSLPERF_CROWD_TILE_SIZE=16;HLSLPERF_ELEMENTS_PER_THREAD=2;HLSLPERF_GROUP_SIZE=256;HLSLPERF_SCAN_BACKEND=1;HLSLPERF_SINGLE_PASS_GROUPS=128;HLSLPERF_SINGLE_PASS_ITEMS_SCALE=2;HLSLPERF_VECTOR_WIDTH=1;HLSLPERF_WAVE_SIZE=64","4.7401;4.7401;4.7328;4.74;4.7311;4.8244;4.7771;4.9889;5.26;5.357;5.3737",""
"HLSLPERF_CROWD_BACKEND-2__HLSLPERF_CROWD_TILE_BINS-512__HLSLPERF_CROWD_TILE_REPLICAS-2__HLSLPERF_CROWD_TILE_SIZE-16__HLSLPERF_ELEMENTS_PER_THREAD-2__HLSLPERF_GROUP_SIZE-256__HLSLPERF_SCAN_BACKEND-1__HLSLPERF_SINGLE_PASS_GROUPS-128__HLSLPERF_SINGLE_PASS_ITEMS_SCALE-2__HLSLPERF_VECTOR_WIDTH-1__HLSLPERF_WAVE_SIZE-64",true,true,true,"",,,,,,,,2,4.8123,5.3351,0.0537,20918.0048,1.0597,"HLSLPERF_CROWD_BACKEND=2;HLSLPERF_CROWD_TILE_BINS=512;HLSLPERF_CROWD_TILE_REPLICAS=2;HLSLPERF_CROWD_TILE_SIZE=16;HLSLPERF_ELEMENTS_PER_THREAD=2;HLSLPERF_GROUP_SIZE=256;HLSLPERF_SCAN_BACKEND=1;HLSLPERF_SINGLE_PASS_GROUPS=128;HLSLPERF_SINGLE_PASS_ITEMS_SCALE=2;HLSLPERF_VECTOR_WIDTH=1;HLSLPERF_WAVE_SIZE=64","4.7468;4.752;4.7284;4.7039;4.7455;4.8384;4.8123;5.0172;5.3257;5.3323;5.3378",""
"HLSLPERF_CROWD_BACKEND-2__HLSLPERF_CROWD_TILE_BINS-512__HLSLPERF_CROWD_TILE_REPLICAS-1__HLSLPERF_CROWD_TILE_SIZE-16__HLSLPERF_ELEMENTS_PER_THREAD-2__HLSLPERF_GROUP_SIZE-256__HLSLPERF_SCAN_BACKEND-1__HLSLPERF_SINGLE_PASS_GROUPS-256__HLSLPERF_SINGLE_PASS_ITEMS_SCALE-2__HLSLPERF_VECTOR_WIDTH-1__HLSLPERF_WAVE_SIZE-64",true,true,false,"",,,,,,,,2,3.8654,4.4104,0.074,26042.4116,1.3193,"HLSLPERF_CROWD_BACKEND=2;HLSLPERF_CROWD_TILE_BINS=512;HLSLPERF_CROWD_TILE_REPLICAS=1;HLSLPERF_CROWD_TILE_SIZE=16;HLSLPERF_ELEMENTS_PER_THREAD=2;HLSLPERF_GROUP_SIZE=256;HLSLPERF_SCAN_BACKEND=1;HLSLPERF_SINGLE_PASS_GROUPS=256;HLSLPERF_SINGLE_PASS_ITEMS_SCALE=2;HLSLPERF_VECTOR_WIDTH=1;HLSLPERF_WAVE_SIZE=64","3.787;3.777;3.7769;3.8654;3.8092;3.8256;4.3049;4.4114;4.3787;4.3884;4.4094",""
"HLSLPERF_CROWD_BACKEND-2__HLSLPERF_CROWD_TILE_BINS-512__HLSLPERF_CROWD_TILE_REPLICAS-2__HLSLPERF_CROWD_TILE_SIZE-16__HLSLPERF_ELEMENTS_PER_THREAD-2__HLSLPERF_GROUP_SIZE-256__HLSLPERF_SCAN_BACKEND-1__HLSLPERF_SINGLE_PASS_GROUPS-256__HLSLPERF_SINGLE_PASS_ITEMS_SCALE-2__HLSLPERF_VECTOR_WIDTH-1__HLSLPERF_WAVE_SIZE-64",true,true,true,"",,,,,,,,2,4.4036,4.4315,0.0073,22859.4226,1.158,"HLSLPERF_CROWD_BACKEND=2;HLSLPERF_CROWD_TILE_BINS=512;HLSLPERF_CROWD_TILE_REPLICAS=2;HLSLPERF_CROWD_TILE_SIZE=16;HLSLPERF_ELEMENTS_PER_THREAD=2;HLSLPERF_GROUP_SIZE=256;HLSLPERF_SCAN_BACKEND=1;HLSLPERF_SINGLE_PASS_GROUPS=256;HLSLPERF_SINGLE_PASS_ITEMS_SCALE=2;HLSLPERF_VECTOR_WIDTH=1;HLSLPERF_WAVE_SIZE=64","4.4087;4.33;4.4309;4.3921;4.4036;4.3659;4.4173;4.3879;4.4322;4.3551;4.404",""
"HLSLPERF_CROWD_BACKEND-2__HLSLPERF_CROWD_TILE_BINS-512__HLSLPERF_CROWD_TILE_REPLICAS-1__HLSLPERF_CROWD_TILE_SIZE-16__HLSLPERF_ELEMENTS_PER_THREAD-2__HLSLPERF_GROUP_SIZE-256__HLSLPERF_SCAN_BACKEND-1__HLSLPERF_SINGLE_PASS_GROUPS-128__HLSLPERF_SINGLE_PASS_ITEMS_SCALE-4__HLSLPERF_VECTOR_WIDTH-1__HLSLPERF_WAVE_SIZE-64",true,true,true,"",,,,,,,,2,3.6258,3.7668,0.0239,27763.0581,1.4064,"HLSLPERF_CROWD_BACKEND=2;HLSLPERF_CROWD_TILE_BINS=512;HLSLPERF_CROWD_TILE_REPLICAS=1;HLSLPERF_CROWD_TILE_SIZE=16;HLSLPERF_ELEMENTS_PER_THREAD=2;HLSLPERF_GROUP_SIZE=256;HLSLPERF_SCAN_BACKEND=1;HLSLPERF_SINGLE_PASS_GROUPS=128;HLSLPERF_SINGLE_PASS_ITEMS_SCALE=4;HLSLPERF_VECTOR_WIDTH=1;HLSLPERF_WAVE_SIZE=64","3.6258;3.7159;3.7045;3.5943;3.6314;3.6402;3.8178;3.5207;3.5431;3.6213;3.5522",""
"HLSLPERF_CROWD_BACKEND-2__HLSLPERF_CROWD_TILE_BINS-512__HLSLPERF_CROWD_TILE_REPLICAS-2__HLSLPERF_CROWD_TILE_SIZE-16__HLSLPERF_ELEMENTS_PER_THREAD-2__HLSLPERF_GROUP_SIZE-256__HLSLPERF_SCAN_BACKEND-1__HLSLPERF_SINGLE_PASS_GROUPS-128__HLSLPERF_SINGLE_PASS_ITEMS_SCALE-4__HLSLPERF_VECTOR_WIDTH-1__HLSLPERF_WAVE_SIZE-64",true,true,true,"",,,,,,,,2,3.5133,3.7007,0.0252,28651.9008,1.4515,"HLSLPERF_CROWD_BACKEND=2;HLSLPERF_CROWD_TILE_BINS=512;HLSLPERF_CROWD_TILE_REPLICAS=2;HLSLPERF_CROWD_TILE_SIZE=16;HLSLPERF_ELEMENTS_PER_THREAD=2;HLSLPERF_GROUP_SIZE=256;HLSLPERF_SCAN_BACKEND=1;HLSLPERF_SINGLE_PASS_GROUPS=128;HLSLPERF_SINGLE_PASS_ITEMS_SCALE=4;HLSLPERF_VECTOR_WIDTH=1;HLSLPERF_WAVE_SIZE=64","3.4714;3.4779;3.4619;3.4987;3.6247;3.5131;3.5133;3.6844;3.6051;3.6037;3.7169",""
"HLSLPERF_CROWD_BACKEND-2__HLSLPERF_CROWD_TILE_BINS-512__HLSLPERF_CROWD_TILE_REPLICAS-1__HLSLPERF_CROWD_TILE_SIZE-16__HLSLPERF_ELEMENTS_PER_THREAD-2__HLSLPERF_GROUP_SIZE-256__HLSLPERF_SCAN_BACKEND-1__HLSLPERF_SINGLE_PASS_GROUPS-256__HLSLPERF_SINGLE_PASS_ITEMS_SCALE-4__HLSLPERF_VECTOR_WIDTH-1__HLSLPERF_WAVE_SIZE-64",true,true,true,"",,,,,,,,2,3.1005,3.2605,0.0262,32466.3755,1.6447,"HLSLPERF_CROWD_BACKEND=2;HLSLPERF_CROWD_TILE_BINS=512;HLSLPERF_CROWD_TILE_REPLICAS=1;HLSLPERF_CROWD_TILE_SIZE=16;HLSLPERF_ELEMENTS_PER_THREAD=2;HLSLPERF_GROUP_SIZE=256;HLSLPERF_SCAN_BACKEND=1;HLSLPERF_SINGLE_PASS_GROUPS=256;HLSLPERF_SINGLE_PASS_ITEMS_SCALE=4;HLSLPERF_VECTOR_WIDTH=1;HLSLPERF_WAVE_SIZE=64","3.0649;3.0399;3.1005;3.0516;3.1178;3.0462;3.0712;3.2102;3.1145;3.1268;3.3109",""
"HLSLPERF_CROWD_BACKEND-2__HLSLPERF_CROWD_TILE_BINS-512__HLSLPERF_CROWD_TILE_REPLICAS-2__HLSLPERF_CROWD_TILE_SIZE-16__HLSLPERF_ELEMENTS_PER_THREAD-2__HLSLPERF_GROUP_SIZE-256__HLSLPERF_SCAN_BACKEND-1__HLSLPERF_SINGLE_PASS_GROUPS-256__HLSLPERF_SINGLE_PASS_ITEMS_SCALE-4__HLSLPERF_VECTOR_WIDTH-1__HLSLPERF_WAVE_SIZE-64",true,true,true,"",,,,,,,,2,3.0498,3.2081,0.0255,33006.5237,1.6721,"HLSLPERF_CROWD_BACKEND=2;HLSLPERF_CROWD_TILE_BINS=512;HLSLPERF_CROWD_TILE_REPLICAS=2;HLSLPERF_CROWD_TILE_SIZE=16;HLSLPERF_ELEMENTS_PER_THREAD=2;HLSLPERF_GROUP_SIZE=256;HLSLPERF_SCAN_BACKEND=1;HLSLPERF_SINGLE_PASS_GROUPS=256;HLSLPERF_SINGLE_PASS_ITEMS_SCALE=4;HLSLPERF_VECTOR_WIDTH=1;HLSLPERF_WAVE_SIZE=64","3.0429;3.0389;3.0296;3.0498;3.0425;3.0369;3.0852;3.0892;3.1118;3.06;3.3045",""
"HLSLPERF_CROWD_BACKEND-2__HLSLPERF_CROWD_TILE_BINS-512__HLSLPERF_CROWD_TILE_REPLICAS-1__HLSLPERF_CROWD_TILE_SIZE-16__HLSLPERF_ELEMENTS_PER_THREAD-4__HLSLPERF_GROUP_SIZE-256__HLSLPERF_SCAN_BACKEND-1__HLSLPERF_SINGLE_PASS_GROUPS-128__HLSLPERF_SINGLE_PASS_ITEMS_SCALE-2__HLSLPERF_VECTOR_WIDTH-1__HLSLPERF_WAVE_SIZE-32",true,true,true,"",,,,,,,,2,3.541,3.6046,0.0088,28427.6077,1.4401,"HLSLPERF_CROWD_BACKEND=2;HLSLPERF_CROWD_TILE_BINS=512;HLSLPERF_CROWD_TILE_REPLICAS=1;HLSLPERF_CROWD_TILE_SIZE=16;HLSLPERF_ELEMENTS_PER_THREAD=4;HLSLPERF_GROUP_SIZE=256;HLSLPERF_SCAN_BACKEND=1;HLSLPERF_SINGLE_PASS_GROUPS=128;HLSLPERF_SINGLE_PASS_ITEMS_SCALE=2;HLSLPERF_VECTOR_WIDTH=1;HLSLPERF_WAVE_SIZE=32","3.528;3.526;3.543;3.5728;3.6363;3.5317;3.5547;3.551;3.5388;3.541;3.5351",""
"HLSLPERF_CROWD_BACKEND-2__HLSLPERF_CROWD_TILE_BINS-512__HLSLPERF_CROWD_TILE_REPLICAS-2__HLSLPERF_CROWD_TILE_SIZE-16__HLSLPERF_ELEMENTS_PER_THREAD-4__HLSLPERF_GROUP_SIZE-256__HLSLPERF_SCAN_BACKEND-1__HLSLPERF_SINGLE_PASS_GROUPS-128__HLSLPERF_SINGLE_PASS_ITEMS_SCALE-2__HLSLPERF_VECTOR_WIDTH-1__HLSLPERF_WAVE_SIZE-32",true,true,true,"",,,,,,,,2,3.5547,3.5648,0.0028,28318.0475,1.4345,"HLSLPERF_CROWD_BACKEND=2;HLSLPERF_CROWD_TILE_BINS=512;HLSLPERF_CROWD_TILE_REPLICAS=2;HLSLPERF_CROWD_TILE_SIZE=16;HLSLPERF_ELEMENTS_PER_THREAD=4;HLSLPERF_GROUP_SIZE=256;HLSLPERF_SCAN_BACKEND=1;HLSLPERF_SINGLE_PASS_GROUPS=128;HLSLPERF_SINGLE_PASS_ITEMS_SCALE=2;HLSLPERF_VECTOR_WIDTH=1;HLSLPERF_WAVE_SIZE=32","3.5467;3.55;3.5567;3.5313;3.5609;3.5453;3.5578;3.5688;3.5564;3.5547;3.5435",""
"HLSLPERF_CROWD_BACKEND-2__HLSLPERF_CROWD_TILE_BINS-512__HLSLPERF_CROWD_TILE_REPLICAS-1__HLSLPERF_CROWD_TILE_SIZE-16__HLSLPERF_ELEMENTS_PER_THREAD-4__HLSLPERF_GROUP_SIZE-256__HLSLPERF_SCAN_BACKEND-1__HLSLPERF_SINGLE_PASS_GROUPS-256__HLSLPERF_SINGLE_PASS_ITEMS_SCALE-2__HLSLPERF_VECTOR_WIDTH-1__HLSLPERF_WAVE_SIZE-32",true,true,true,"",,,,,,,,2,3.1907,3.364,0.0259,31548.5737,1.5982,"HLSLPERF_CROWD_BACKEND=2;HLSLPERF_CROWD_TILE_BINS=512;HLSLPERF_CROWD_TILE_REPLICAS=1;HLSLPERF_CROWD_TILE_SIZE=16;HLSLPERF_ELEMENTS_PER_THREAD=4;HLSLPERF_GROUP_SIZE=256;HLSLPERF_SCAN_BACKEND=1;HLSLPERF_SINGLE_PASS_GROUPS=256;HLSLPERF_SINGLE_PASS_ITEMS_SCALE=2;HLSLPERF_VECTOR_WIDTH=1;HLSLPERF_WAVE_SIZE=32","3.1838;3.1452;3.1657;3.1334;3.134;3.3372;3.1907;3.2434;3.3907;3.1916;3.2218",""
"HLSLPERF_CROWD_BACKEND-2__HLSLPERF_CROWD_TILE_BINS-512__HLSLPERF_CROWD_TILE_REPLICAS-2__HLSLPERF_CROWD_TILE_SIZE-16__HLSLPERF_ELEMENTS_PER_THREAD-4__HLSLPERF_GROUP_SIZE-256__HLSLPERF_SCAN_BACKEND-1__HLSLPERF_SINGLE_PASS_GROUPS-256__HLSLPERF_SINGLE_PASS_ITEMS_SCALE-2__HLSLPERF_VECTOR_WIDTH-1__HLSLPERF_WAVE_SIZE-32",true,true,true,"",,,,,,,,2,3.2008,3.4506,0.0339,31449.8107,1.5932,"HLSLPERF_CROWD_BACKEND=2;HLSLPERF_CROWD_TILE_BINS=512;HLSLPERF_CROWD_TILE_REPLICAS=2;HLSLPERF_CROWD_TILE_SIZE=16;HLSLPERF_ELEMENTS_PER_THREAD=4;HLSLPERF_GROUP_SIZE=256;HLSLPERF_SCAN_BACKEND=1;HLSLPERF_SINGLE_PASS_GROUPS=256;HLSLPERF_SINGLE_PASS_ITEMS_SCALE=2;HLSLPERF_VECTOR_WIDTH=1;HLSLPERF_WAVE_SIZE=32","3.1937;3.2004;3.5022;3.2111;3.1903;3.1997;3.3339;3.399;3.2008;3.1937;3.383",""
"HLSLPERF_CROWD_BACKEND-2__HLSLPERF_CROWD_TILE_BINS-512__HLSLPERF_CROWD_TILE_REPLICAS-1__HLSLPERF_CROWD_TILE_SIZE-16__HLSLPERF_ELEMENTS_PER_THREAD-4__HLSLPERF_GROUP_SIZE-256__HLSLPERF_SCAN_BACKEND-1__HLSLPERF_SINGLE_PASS_GROUPS-128__HLSLPERF_SINGLE_PASS_ITEMS_SCALE-4__HLSLPERF_VECTOR_WIDTH-1__HLSLPERF_WAVE_SIZE-32",true,true,true,"",,,,,,,,2,2.9819,3.0971,0.0189,33757.6531,1.7101,"HLSLPERF_CROWD_BACKEND=2;HLSLPERF_CROWD_TILE_BINS=512;HLSLPERF_CROWD_TILE_REPLICAS=1;HLSLPERF_CROWD_TILE_SIZE=16;HLSLPERF_ELEMENTS_PER_THREAD=4;HLSLPERF_GROUP_SIZE=256;HLSLPERF_SCAN_BACKEND=1;HLSLPERF_SINGLE_PASS_GROUPS=128;HLSLPERF_SINGLE_PASS_ITEMS_SCALE=4;HLSLPERF_VECTOR_WIDTH=1;HLSLPERF_WAVE_SIZE=32","2.9819;3.0025;2.9618;2.9702;2.9768;2.9521;2.9498;3.1354;3.0386;3.0356;3.0588",""
"HLSLPERF_CROWD_BACKEND-2__HLSLPERF_CROWD_TILE_BINS-512__HLSLPERF_CROWD_TILE_REPLICAS-2__HLSLPERF_CROWD_TILE_SIZE-16__HLSLPERF_ELEMENTS_PER_THREAD-4__HLSLPERF_GROUP_SIZE-256__HLSLPERF_SCAN_BACKEND-1__HLSLPERF_SINGLE_PASS_GROUPS-128__HLSLPERF_SINGLE_PASS_ITEMS_SCALE-4__HLSLPERF_VECTOR_WIDTH-1__HLSLPERF_WAVE_SIZE-32",true,true,true,"",,,,,,,,2,2.9977,3.1813,0.0268,33580.1768,1.7011,"HLSLPERF_CROWD_BACKEND=2;HLSLPERF_CROWD_TILE_BINS=512;HLSLPERF_CROWD_TILE_REPLICAS=2;HLSLPERF_CROWD_TILE_SIZE=16;HLSLPERF_ELEMENTS_PER_THREAD=4;HLSLPERF_GROUP_SIZE=256;HLSLPERF_SCAN_BACKEND=1;HLSLPERF_SINGLE_PASS_GROUPS=128;HLSLPERF_SINGLE_PASS_ITEMS_SCALE=4;HLSLPERF_VECTOR_WIDTH=1;HLSLPERF_WAVE_SIZE=32","2.9922;2.9705;2.9987;2.9738;2.9977;2.962;2.9721;3.1505;3.0448;3.0303;3.2121",""
"HLSLPERF_CROWD_BACKEND-2__HLSLPERF_CROWD_TILE_BINS-512__HLSLPERF_CROWD_TILE_REPLICAS-1__HLSLPERF_CROWD_TILE_SIZE-16__HLSLPERF_ELEMENTS_PER_THREAD-4__HLSLPERF_GROUP_SIZE-256__HLSLPERF_SCAN_BACKEND-1__HLSLPERF_SINGLE_PASS_GROUPS-256__HLSLPERF_SINGLE_PASS_ITEMS_SCALE-4__HLSLPERF_VECTOR_WIDTH-1__HLSLPERF_WAVE_SIZE-32",true,true,true,"",,,,,,,,2,2.7998,2.889,0.0163,35954.2589,1.8214,"HLSLPERF_CROWD_BACKEND=2;HLSLPERF_CROWD_TILE_BINS=512;HLSLPERF_CROWD_TILE_REPLICAS=1;HLSLPERF_CROWD_TILE_SIZE=16;HLSLPERF_ELEMENTS_PER_THREAD=4;HLSLPERF_GROUP_SIZE=256;HLSLPERF_SCAN_BACKEND=1;HLSLPERF_SINGLE_PASS_GROUPS=256;HLSLPERF_SINGLE_PASS_ITEMS_SCALE=4;HLSLPERF_VECTOR_WIDTH=1;HLSLPERF_WAVE_SIZE=32","2.7957;2.7998;2.8105;2.7927;2.7658;2.7686;2.7771;2.9094;2.8349;2.8686;2.8581",""
"HLSLPERF_CROWD_BACKEND-2__HLSLPERF_CROWD_TILE_BINS-512__HLSLPERF_CROWD_TILE_REPLICAS-2__HLSLPERF_CROWD_TILE_SIZE-16__HLSLPERF_ELEMENTS_PER_THREAD-4__HLSLPERF_GROUP_SIZE-256__HLSLPERF_SCAN_BACKEND-1__HLSLPERF_SINGLE_PASS_GROUPS-256__HLSLPERF_SINGLE_PASS_ITEMS_SCALE-4__HLSLPERF_VECTOR_WIDTH-1__HLSLPERF_WAVE_SIZE-32",true,true,true,"",,,,,,,,2,2.8095,2.9552,0.025,35829.8674,1.8151,"HLSLPERF_CROWD_BACKEND=2;HLSLPERF_CROWD_TILE_BINS=512;HLSLPERF_CROWD_TILE_REPLICAS=2;HLSLPERF_CROWD_TILE_SIZE=16;HLSLPERF_ELEMENTS_PER_THREAD=4;HLSLPERF_GROUP_SIZE=256;HLSLPERF_SCAN_BACKEND=1;HLSLPERF_SINGLE_PASS_GROUPS=256;HLSLPERF_SINGLE_PASS_ITEMS_SCALE=4;HLSLPERF_VECTOR_WIDTH=1;HLSLPERF_WAVE_SIZE=32","2.803;2.8149;2.8224;2.8319;2.7867;2.8095;2.8016;2.7607;2.774;3.0135;2.8968",""
"HLSLPERF_CROWD_BACKEND-2__HLSLPERF_CROWD_TILE_BINS-512__HLSLPERF_CROWD_TILE_REPLICAS-1__HLSLPERF_CROWD_TILE_SIZE-16__HLSLPERF_ELEMENTS_PER_THREAD-4__HLSLPERF_GROUP_SIZE-256__HLSLPERF_SCAN_BACKEND-1__HLSLPERF_SINGLE_PASS_GROUPS-128__HLSLPERF_SINGLE_PASS_ITEMS_SCALE-2__HLSLPERF_VECTOR_WIDTH-1__HLSLPERF_WAVE_SIZE-64",true,true,true,"",,,,,,,,2,3.5264,3.6902,0.024,28545.788,1.4461,"HLSLPERF_CROWD_BACKEND=2;HLSLPERF_CROWD_TILE_BINS=512;HLSLPERF_CROWD_TILE_REPLICAS=1;HLSLPERF_CROWD_TILE_SIZE=16;HLSLPERF_ELEMENTS_PER_THREAD=4;HLSLPERF_GROUP_SIZE=256;HLSLPERF_SCAN_BACKEND=1;HLSLPERF_SINGLE_PASS_GROUPS=128;HLSLPERF_SINGLE_PASS_ITEMS_SCALE=2;HLSLPERF_VECTOR_WIDTH=1;HLSLPERF_WAVE_SIZE=64","3.4712;3.4766;3.4691;3.4831;3.492;3.5266;3.5651;3.5264;3.7299;3.6504;3.6035",""
"HLSLPERF_CROWD_BACKEND-2__HLSLPERF_CROWD_TILE_BINS-512__HLSLPERF_CROWD_TILE_REPLICAS-2__HLSLPERF_CROWD_TILE_SIZE-16__HLSLPERF_ELEMENTS_PER_THREAD-4__HLSLPERF_GROUP_SIZE-256__HLSLPERF_SCAN_BACKEND-1__HLSLPERF_SINGLE_PASS_GROUPS-128__HLSLPERF_SINGLE_PASS_ITEMS_SCALE-2__HLSLPERF_VECTOR_WIDTH-1__HLSLPERF_WAVE_SIZE-64",true,true,true,"",,,,,,,,2,3.4769,3.5073,0.0046,28952.1916,1.4667,"HLSLPERF_CROWD_BACKEND=2;HLSLPERF_CROWD_TILE_BINS=512;HLSLPERF_CROWD_TILE_REPLICAS=2;HLSLPERF_CROWD_TILE_SIZE=16;HLSLPERF_ELEMENTS_PER_THREAD=4;HLSLPERF_GROUP_SIZE=256;HLSLPERF_SCAN_BACKEND=1;HLSLPERF_SINGLE_PASS_GROUPS=128;HLSLPERF_SINGLE_PASS_ITEMS_SCALE=2;HLSLPERF_VECTOR_WIDTH=1;HLSLPERF_WAVE_SIZE=64","3.4611;3.4732;3.4769;3.5083;3.4686;3.5062;3.4861;3.4623;3.4888;3.4881;3.4729",""
"HLSLPERF_CROWD_BACKEND-2__HLSLPERF_CROWD_TILE_BINS-512__HLSLPERF_CROWD_TILE_REPLICAS-1__HLSLPERF_CROWD_TILE_SIZE-16__HLSLPERF_ELEMENTS_PER_THREAD-4__HLSLPERF_GROUP_SIZE-256__HLSLPERF_SCAN_BACKEND-1__HLSLPERF_SINGLE_PASS_GROUPS-256__HLSLPERF_SINGLE_PASS_ITEMS_SCALE-2__HLSLPERF_VECTOR_WIDTH-1__HLSLPERF_WAVE_SIZE-64",true,true,true,"",,,,,,,,2,3.0678,3.2192,0.0227,32813.0753,1.6623,"HLSLPERF_CROWD_BACKEND=2;HLSLPERF_CROWD_TILE_BINS=512;HLSLPERF_CROWD_TILE_REPLICAS=1;HLSLPERF_CROWD_TILE_SIZE=16;HLSLPERF_ELEMENTS_PER_THREAD=4;HLSLPERF_GROUP_SIZE=256;HLSLPERF_SCAN_BACKEND=1;HLSLPERF_SINGLE_PASS_GROUPS=256;HLSLPERF_SINGLE_PASS_ITEMS_SCALE=2;HLSLPERF_VECTOR_WIDTH=1;HLSLPERF_WAVE_SIZE=64","3.0329;3.0278;3.0773;3.0678;3.0667;3.029;3.0416;3.1995;3.1116;3.096;3.239",""
"HLSLPERF_CROWD_BACKEND-2__HLSLPERF_CROWD_TILE_BINS-512__HLSLPERF_CROWD_TILE_REPLICAS-2__HLSLPERF_CROWD_TILE_SIZE-16__HLSLPERF_ELEMENTS_PER_THREAD-4__HLSLPERF_GROUP_SIZE-256__HLSLPERF_SCAN_BACKEND-1__HLSLPERF_SINGLE_PASS_GROUPS-256__HLSLPERF_SINGLE_PASS_ITEMS_SCALE-2__HLSLPERF_VECTOR_WIDTH-1__HLSLPERF_WAVE_SIZE-64",true,true,true,"",,,,,,,,2,3.0586,3.2833,0.0317,32911.99,1.6673,"HLSLPERF_CROWD_BACKEND=2;HLSLPERF_CROWD_TILE_BINS=512;HLSLPERF_CROWD_TILE_REPLICAS=2;HLSLPERF_CROWD_TILE_SIZE=16;HLSLPERF_ELEMENTS_PER_THREAD=4;HLSLPERF_GROUP_SIZE=256;HLSLPERF_SCAN_BACKEND=1;HLSLPERF_SINGLE_PASS_GROUPS=256;HLSLPERF_SINGLE_PASS_ITEMS_SCALE=2;HLSLPERF_VECTOR_WIDTH=1;HLSLPERF_WAVE_SIZE=64","3.0549;3.0607;3.0337;3.0559;3.051;3.0166;3.0586;3.2279;3.1517;3.1284;3.3386",""
"HLSLPERF_CROWD_BACKEND-2__HLSLPERF_CROWD_TILE_BINS-512__HLSLPERF_CROWD_TILE_REPLICAS-1__HLSLPERF_CROWD_TILE_SIZE-16__HLSLPERF_ELEMENTS_PER_THREAD-4__HLSLPERF_GROUP_SIZE-256__HLSLPERF_SCAN_BACKEND-1__HLSLPERF_SINGLE_PASS_GROUPS-128__HLSLPERF_SINGLE_PASS_ITEMS_SCALE-4__HLSLPERF_VECTOR_WIDTH-1__HLSLPERF_WAVE_SIZE-64",true,true,true,"",,,,,,,,2,2.904,2.938,0.0078,34663.4307,1.756,"HLSLPERF_CROWD_BACKEND=2;HLSLPERF_CROWD_TILE_BINS=512;HLSLPERF_CROWD_TILE_REPLICAS=1;HLSLPERF_CROWD_TILE_SIZE=16;HLSLPERF_ELEMENTS_PER_THREAD=4;HLSLPERF_GROUP_SIZE=256;HLSLPERF_SCAN_BACKEND=1;HLSLPERF_SINGLE_PASS_GROUPS=128;HLSLPERF_SINGLE_PASS_ITEMS_SCALE=4;HLSLPERF_VECTOR_WIDTH=1;HLSLPERF_WAVE_SIZE=64","2.9353;2.906;2.8905;2.9115;2.9044;2.904;2.8635;2.9408;2.9026;2.8799;2.8864",""
"HLSLPERF_CROWD_BACKEND-2__HLSLPERF_CROWD_TILE_BINS-512__HLSLPERF_CROWD_TILE_REPLICAS-2__HLSLPERF_CROWD_TILE_SIZE-16__HLSLPERF_ELEMENTS_PER_THREAD-4__HLSLPERF_GROUP_SIZE-256__HLSLPERF_SCAN_BACKEND-1__HLSLPERF_SINGLE_PASS_GROUPS-128__HLSLPERF_SINGLE_PASS_ITEMS_SCALE-4__HLSLPERF_VECTOR_WIDTH-1__HLSLPERF_WAVE_SIZE-64",true,true,true,"",,,,,,,,2,2.898,3.0227,0.019,34735.9163,1.7597,"HLSLPERF_CROWD_BACKEND=2;HLSLPERF_CROWD_TILE_BINS=512;HLSLPERF_CROWD_TILE_REPLICAS=2;HLSLPERF_CROWD_TILE_SIZE=16;HLSLPERF_ELEMENTS_PER_THREAD=4;HLSLPERF_GROUP_SIZE=256;HLSLPERF_SCAN_BACKEND=1;HLSLPERF_SINGLE_PASS_GROUPS=128;HLSLPERF_SINGLE_PASS_ITEMS_SCALE=4;HLSLPERF_VECTOR_WIDTH=1;HLSLPERF_WAVE_SIZE=64","2.8847;2.898;2.8941;2.8864;2.8937;2.8922;2.9174;2.9033;3.0573;2.9881;2.9696",""
"HLSLPERF_CROWD_BACKEND-2__HLSLPERF_CROWD_TILE_BINS-512__HLSLPERF_CROWD_TILE_REPLICAS-1__HLSLPERF_CROWD_TILE_SIZE-16__HLSLPERF_ELEMENTS_PER_THREAD-4__HLSLPERF_GROUP_SIZE-256__HLSLPERF_SCAN_BACKEND-1__HLSLPERF_SINGLE_PASS_GROUPS-256__HLSLPERF_SINGLE_PASS_ITEMS_SCALE-4__HLSLPERF_VECTOR_WIDTH-1__HLSLPERF_WAVE_SIZE-64",true,true,true,"",,,,,,,,2,2.7419,2.7812,0.0089,36712.4357,1.8598,"HLSLPERF_CROWD_BACKEND=2;HLSLPERF_CROWD_TILE_BINS=512;HLSLPERF_CROWD_TILE_REPLICAS=1;HLSLPERF_CROWD_TILE_SIZE=16;HLSLPERF_ELEMENTS_PER_THREAD=4;HLSLPERF_GROUP_SIZE=256;HLSLPERF_SCAN_BACKEND=1;HLSLPERF_SINGLE_PASS_GROUPS=256;HLSLPERF_SINGLE_PASS_ITEMS_SCALE=4;HLSLPERF_VECTOR_WIDTH=1;HLSLPERF_WAVE_SIZE=64","2.7463;2.7719;2.7235;2.717;2.7419;2.7343;2.7271;2.732;2.7751;2.7784;2.7839",""
"HLSLPERF_CROWD_BACKEND-2__HLSLPERF_CROWD_TILE_BINS-512__HLSLPERF_CROWD_TILE_REPLICAS-2__HLSLPERF_CROWD_TILE_SIZE-16__HLSLPERF_ELEMENTS_PER_THREAD-4__HLSLPERF_GROUP_SIZE-256__HLSLPERF_SCAN_BACKEND-1__HLSLPERF_SINGLE_PASS_GROUPS-256__HLSLPERF_SINGLE_PASS_ITEMS_SCALE-4__HLSLPERF_VECTOR_WIDTH-1__HLSLPERF_WAVE_SIZE-64",true,true,true,"",,,,,,,,2,2.7611,2.8305,0.0163,36457.9425,1.8469,"HLSLPERF_CROWD_BACKEND=2;HLSLPERF_CROWD_TILE_BINS=512;HLSLPERF_CROWD_TILE_REPLICAS=2;HLSLPERF_CROWD_TILE_SIZE=16;HLSLPERF_ELEMENTS_PER_THREAD=4;HLSLPERF_GROUP_SIZE=256;HLSLPERF_SCAN_BACKEND=1;HLSLPERF_SINGLE_PASS_GROUPS=256;HLSLPERF_SINGLE_PASS_ITEMS_SCALE=4;HLSLPERF_VECTOR_WIDTH=1;HLSLPERF_WAVE_SIZE=64","2.7789;2.7749;2.7611;2.7303;2.7478;2.7447;2.7114;2.7272;2.7712;2.8811;2.7799",""
"HLSLPERF_CROWD_BACKEND-2__HLSLPERF_CROWD_TILE_BINS-512__HLSLPERF_CROWD_TILE_REPLICAS-1__HLSLPERF_CROWD_TILE_SIZE-16__HLSLPERF_ELEMENTS_PER_THREAD-4__HLSLPERF_GROUP_SIZE-256__HLSLPERF_SCAN_BACKEND-1__HLSLPERF_SINGLE_PASS_GROUPS-128__HLSLPERF_SINGLE_PASS_ITEMS_SCALE-2__HLSLPERF_VECTOR_WIDTH-4__HLSLPERF_WAVE_SIZE-32",true,true,true,"",,,,,,,,2,3.5894,3.7669,0.0306,28044.915,1.4207,"HLSLPERF_CROWD_BACKEND=2;HLSLPERF_CROWD_TILE_BINS=512;HLSLPERF_CROWD_TILE_REPLICAS=1;HLSLPERF_CROWD_TILE_SIZE=16;HLSLPERF_ELEMENTS_PER_THREAD=4;HLSLPERF_GROUP_SIZE=256;HLSLPERF_SCAN_BACKEND=1;HLSLPERF_SINGLE_PASS_GROUPS=128;HLSLPERF_SINGLE_PASS_ITEMS_SCALE=2;HLSLPERF_VECTOR_WIDTH=4;HLSLPERF_WAVE_SIZE=32","3.5369;3.5415;3.5307;3.5575;3.5271;3.6154;3.5894;3.6128;3.9184;3.592;3.6089",""
"HLSLPERF_CROWD_BACKEND-2__HLSLPERF_CROWD_TILE_BINS-512__HLSLPERF_CROWD_TILE_REPLICAS-2__HLSLPERF_CROWD_TILE_SIZE-16__HLSLPERF_ELEMENTS_PER_THREAD-4__HLSLPERF_GROUP_SIZE-256__HLSLPERF_SCAN_BACKEND-1__HLSLPERF_SINGLE_PASS_GROUPS-128__HLSLPERF_SINGLE_PASS_ITEMS_SCALE-2__HLSLPERF_VECTOR_WIDTH-4__HLSLPERF_WAVE_SIZE-32",true,true,true,"",,,,,,,,2,3.5995,3.6795,0.0139,27965.9108,1.4167,"HLSLPERF_CROWD_BACKEND=2;HLSLPERF_CROWD_TILE_BINS=512;HLSLPERF_CROWD_TILE_REPLICAS=2;HLSLPERF_CROWD_TILE_SIZE=16;HLSLPERF_ELEMENTS_PER_THREAD=4;HLSLPERF_GROUP_SIZE=256;HLSLPERF_SCAN_BACKEND=1;HLSLPERF_SINGLE_PASS_GROUPS=128;HLSLPERF_SINGLE_PASS_ITEMS_SCALE=2;HLSLPERF_VECTOR_WIDTH=4;HLSLPERF_WAVE_SIZE=32","3.5547;3.5419;3.556;3.5592;3.5978;3.6958;3.5995;3.6096;3.6517;3.6091;3.6632",""
"HLSLPERF_CROWD_BACKEND-2__HLSLPERF_CROWD_TILE_BINS-512__HLSLPERF_CROWD_TILE_REPLICAS-1__HLSLPERF_CROWD_TILE_SIZE-16__HLSLPERF_ELEMENTS_PER_THREAD-4__HLSLPERF_GROUP_SIZE-256__HLSLPERF_SCAN_BACKEND-1__HLSLPERF_SINGLE_PASS_GROUPS-256__HLSLPERF_SINGLE_PASS_ITEMS_SCALE-2__HLSLPERF_VECTOR_WIDTH-4__HLSLPERF_WAVE_SIZE-32",true,true,true,"",,,,,,,,2,3.1465,3.3042,0.0232,31992.3521,1.6207,"HLSLPERF_CROWD_BACKEND=2;HLSLPERF_CROWD_TILE_BINS=512;HLSLPERF_CROWD_TILE_REPLICAS=1;HLSLPERF_CROWD_TILE_SIZE=16;HLSLPERF_ELEMENTS_PER_THREAD=4;HLSLPERF_GROUP_SIZE=256;HLSLPERF_SCAN_BACKEND=1;HLSLPERF_SINGLE_PASS_GROUPS=256;HLSLPERF_SINGLE_PASS_ITEMS_SCALE=2;HLSLPERF_VECTOR_WIDTH=4;HLSLPERF_WAVE_SIZE=32","3.122;3.1334;3.1399;3.1244;3.1465;3.105;3.2475;3.1822;3.181;3.1862;3.3609",""
"HLSLPERF_CROWD_BACKEND-2__HLSLPERF_CROWD_TILE_BINS-512__HLSLPERF_CROWD_TILE_REPLICAS-2__HLSLPERF_CROWD_TILE_SIZE-16__HLSLPERF_ELEMENTS_PER_THREAD-4__HLSLPERF_GROUP_SIZE-256__HLSLPERF_SCAN_BACKEND-1__HLSLPERF_SINGLE_PASS_GROUPS-256__HLSLPERF_SINGLE_PASS_ITEMS_SCALE-2__HLSLPERF_VECTOR_WIDTH-4__HLSLPERF_WAVE_SIZE-32",true,true,true,"",,,,,,,,2,3.1662,3.2171,0.0146,31793.2954,1.6106,"HLSLPERF_CROWD_BACKEND=2;HLSLPERF_CROWD_TILE_BINS=512;HLSLPERF_CROWD_TILE_REPLICAS=2;HLSLPERF_CROWD_TILE_SIZE=16;HLSLPERF_ELEMENTS_PER_THREAD=4;HLSLPERF_GROUP_SIZE=256;HLSLPERF_SCAN_BACKEND=1;HLSLPERF_SINGLE_PASS_GROUPS=256;HLSLPERF_SINGLE_PASS_ITEMS_SCALE=2;HLSLPERF_VECTOR_WIDTH=4;HLSLPERF_WAVE_SIZE=32","3.1208;3.1929;3.1249;3.1052;3.1114;3.1038;3.2412;3.1931;3.1662;3.1886;3.1828",""
"HLSLPERF_CROWD_BACKEND-2__HLSLPERF_CROWD_TILE_BINS-512__HLSLPERF_CROWD_TILE_REPLICAS-1__HLSLPERF_CROWD_TILE_SIZE-16__HLSLPERF_ELEMENTS_PER_THREAD-4__HLSLPERF_GROUP_SIZE-256__HLSLPERF_SCAN_BACKEND-1__HLSLPERF_SINGLE_PASS_GROUPS-128__HLSLPERF_SINGLE_PASS_ITEMS_SCALE-4__HLSLPERF_VECTOR_WIDTH-4__HLSLPERF_WAVE_SIZE-32",true,true,true,"",,,,,,,,2,2.9875,3.0558,0.0144,33695.0527,1.7069,"HLSLPERF_CROWD_BACKEND=2;HLSLPERF_CROWD_TILE_BINS=512;HLSLPERF_CROWD_TILE_REPLICAS=1;HLSLPERF_CROWD_TILE_SIZE=16;HLSLPERF_ELEMENTS_PER_THREAD=4;HLSLPERF_GROUP_SIZE=256;HLSLPERF_SCAN_BACKEND=1;HLSLPERF_SINGLE_PASS_GROUPS=128;HLSLPERF_SINGLE_PASS_ITEMS_SCALE=4;HLSLPERF_VECTOR_WIDTH=4;HLSLPERF_WAVE_SIZE=32","3.0238;2.9688;2.9875;2.9646;2.9591;2.9662;2.9375;3.0865;3.025;3.0186;3.023",""
"HLSLPERF_CROWD_BACKEND-2__HLSLPERF_CROWD_TILE_BINS-512__HLSLPERF_CROWD_TILE_REPLICAS-2__HLSLPERF_CROWD_TILE_SIZE-16__HLSLPERF_ELEMENTS_PER_THREAD-4__HLSLPERF_GROUP_SIZE-256__HLSLPERF_SCAN_BACKEND-1__HLSLPERF_SINGLE_PASS_GROUPS-128__HLSLPERF_SINGLE_PASS_ITEMS_SCALE-4__HLSLPERF_VECTOR_WIDTH-4__HLSLPERF_WAVE_SIZE-32",true,true,true,"",,,,,,,,2,2.9844,3.1576,0.027,33729.375,1.7087,"HLSLPERF_CROWD_BACKEND=2;HLSLPERF_CROWD_TILE_BINS=512;HLSLPERF_CROWD_TILE_REPLICAS=2;HLSLPERF_CROWD_TILE_SIZE=16;HLSLPERF_ELEMENTS_PER_THREAD=4;HLSLPERF_GROUP_SIZE=256;HLSLPERF_SCAN_BACKEND=1;HLSLPERF_SINGLE_PASS_GROUPS=128;HLSLPERF_SINGLE_PASS_ITEMS_SCALE=4;HLSLPERF_VECTOR_WIDTH=4;HLSLPERF_WAVE_SIZE=32","3.029;2.9451;2.9766;2.9844;2.9656;2.9525;2.9479;3.1059;3.0371;3.0591;3.2093",""
"HLSLPERF_CROWD_BACKEND-2__HLSLPERF_CROWD_TILE_BINS-512__HLSLPERF_CROWD_TILE_REPLICAS-1__HLSLPERF_CROWD_TILE_SIZE-16__HLSLPERF_ELEMENTS_PER_THREAD-4__HLSLPERF_GROUP_SIZE-256__HLSLPERF_SCAN_BACKEND-1__HLSLPERF_SINGLE_PASS_GROUPS-256__HLSLPERF_SINGLE_PASS_ITEMS_SCALE-4__HLSLPERF_VECTOR_WIDTH-4__HLSLPERF_WAVE_SIZE-32",true,true,true,"",,,,,,,,2,2.7959,2.9408,0.0251,36004.1547,1.8239,"HLSLPERF_CROWD_BACKEND=2;HLSLPERF_CROWD_TILE_BINS=512;HLSLPERF_CROWD_TILE_REPLICAS=1;HLSLPERF_CROWD_TILE_SIZE=16;HLSLPERF_ELEMENTS_PER_THREAD=4;HLSLPERF_GROUP_SIZE=256;HLSLPERF_SCAN_BACKEND=1;HLSLPERF_SINGLE_PASS_GROUPS=256;HLSLPERF_SINGLE_PASS_ITEMS_SCALE=4;HLSLPERF_VECTOR_WIDTH=4;HLSLPERF_WAVE_SIZE=32","2.8432;2.7957;2.776;2.7856;2.7602;2.7633;2.8202;2.7959;3.0007;2.8809;2.874",""
"HLSLPERF_CROWD_BACKEND-2__HLSLPERF_CROWD_TILE_BINS-512__HLSLPERF_CROWD_TILE_REPLICAS-2__HLSLPERF_CROWD_TILE_SIZE-16__HLSLPERF_ELEMENTS_PER_THREAD-4__HLSLPERF_GROUP_SIZE-256__HLSLPERF_SCAN_BACKEND-1__HLSLPERF_SINGLE_PASS_GROUPS-256__HLSLPERF_SINGLE_PASS_ITEMS_SCALE-4__HLSLPERF_VECTOR_WIDTH-4__HLSLPERF_WAVE_SIZE-32",true,true,true,"",,,,,,,,2,2.7899,3.1262,0.0516,36081.845,1.8278,"HLSLPERF_CROWD_BACKEND=2;HLSLPERF_CROWD_TILE_BINS=512;HLSLPERF_CROWD_TILE_REPLICAS=2;HLSLPERF_CROWD_TILE_SIZE=16;HLSLPERF_ELEMENTS_PER_THREAD=4;HLSLPERF_GROUP_SIZE=256;HLSLPERF_SCAN_BACKEND=1;HLSLPERF_SINGLE_PASS_GROUPS=256;HLSLPERF_SINGLE_PASS_ITEMS_SCALE=4;HLSLPERF_VECTOR_WIDTH=4;HLSLPERF_WAVE_SIZE=32","2.8689;2.8777;3.0154;3.2369;2.7628;2.7602;2.772;2.7701;2.8319;2.7899;2.7589",""
"HLSLPERF_CROWD_BACKEND-2__HLSLPERF_CROWD_TILE_BINS-512__HLSLPERF_CROWD_TILE_REPLICAS-1__HLSLPERF_CROWD_TILE_SIZE-16__HLSLPERF_ELEMENTS_PER_THREAD-4__HLSLPERF_GROUP_SIZE-256__HLSLPERF_SCAN_BACKEND-1__HLSLPERF_SINGLE_PASS_GROUPS-128__HLSLPERF_SINGLE_PASS_ITEMS_SCALE-2__HLSLPERF_VECTOR_WIDTH-4__HLSLPERF_WAVE_SIZE-64",true,true,true,"",,,,,,,,2,3.4881,3.5352,0.0068,28859.228,1.462,"HLSLPERF_CROWD_BACKEND=2;HLSLPERF_CROWD_TILE_BINS=512;HLSLPERF_CROWD_TILE_REPLICAS=1;HLSLPERF_CROWD_TILE_SIZE=16;HLSLPERF_ELEMENTS_PER_THREAD=4;HLSLPERF_GROUP_SIZE=256;HLSLPERF_SCAN_BACKEND=1;HLSLPERF_SINGLE_PASS_GROUPS=128;HLSLPERF_SINGLE_PASS_ITEMS_SCALE=2;HLSLPERF_VECTOR_WIDTH=4;HLSLPERF_WAVE_SIZE=64","3.4758;3.4841;3.5092;3.5069;3.5611;3.4922;3.5031;3.4869;3.4817;3.4881;3.4854",""
"HLSLPERF_CROWD_BACKEND-2__HLSLPERF_CROWD_TILE_BINS-512__HLSLPERF_CROWD_TILE_REPLICAS-2__HLSLPERF_CROWD_TILE_SIZE-16__HLSLPERF_ELEMENTS_PER_THREAD-4__HLSLPERF_GROUP_SIZE-256__HLSLPERF_SCAN_BACKEND-1__HLSLPERF_SINGLE_PASS_GROUPS-128__HLSLPERF_SINGLE_PASS_ITEMS_SCALE-2__HLSLPERF_VECTOR_WIDTH-4__HLSLPERF_WAVE_SIZE-64",true,true,true,"",,,,,,,,2,3.4856,3.5128,0.0043,28880.0927,1.463,"HLSLPERF_CROWD_BACKEND=2;HLSLPERF_CROWD_TILE_BINS=512;HLSLPERF_CROWD_TILE_REPLICAS=2;HLSLPERF_CROWD_TILE_SIZE=16;HLSLPERF_ELEMENTS_PER_THREAD=4;HLSLPERF_GROUP_SIZE=256;HLSLPERF_SCAN_BACKEND=1;HLSLPERF_SINGLE_PASS_GROUPS=128;HLSLPERF_SINGLE_PASS_ITEMS_SCALE=2;HLSLPERF_VECTOR_WIDTH=4;HLSLPERF_WAVE_SIZE=64","3.4943;3.4836;3.4705;3.4769;3.4889;3.4856;3.5136;3.4831;3.5121;3.487;3.4662",""
"HLSLPERF_CROWD_BACKEND-2__HLSLPERF_CROWD_TILE_BINS-512__HLSLPERF_CROWD_TILE_REPLICAS-1__HLSLPERF_CROWD_TILE_SIZE-16__HLSLPERF_ELEMENTS_PER_THREAD-4__HLSLPERF_GROUP_SIZE-256__HLSLPERF_SCAN_BACKEND-1__HLSLPERF_SINGLE_PASS_GROUPS-256__HLSLPERF_SINGLE_PASS_ITEMS_SCALE-2__HLSLPERF_VECTOR_WIDTH-4__HLSLPERF_WAVE_SIZE-64",true,true,true,"",,,,,,,,2,3.0719,3.2317,0.0252,32768.64,1.66,"HLSLPERF_CROWD_BACKEND=2;HLSLPERF_CROWD_TILE_BINS=512;HLSLPERF_CROWD_TILE_REPLICAS=1;HLSLPERF_CROWD_TILE_SIZE=16;HLSLPERF_ELEMENTS_PER_THREAD=4;HLSLPERF_GROUP_SIZE=256;HLSLPERF_SCAN_BACKEND=1;HLSLPERF_SINGLE_PASS_GROUPS=256;HLSLPERF_SINGLE_PASS_ITEMS_SCALE=2;HLSLPERF_VECTOR_WIDTH=4;HLSLPERF_WAVE_SIZE=64","3.0719;3.0618;3.0601;3.0336;3.042;3.0185;3.1548;3.1239;3.1111;3.2802;3.1833",""
"HLSLPERF_CROWD_BACKEND-2__HLSLPERF_CROWD_TILE_BINS-512__HLSLPERF_CROWD_TILE_REPLICAS-2__HLSLPERF_CROWD_TILE_SIZE-16__HLSLPERF_ELEMENTS_PER_THREAD-4__HLSLPERF_GROUP_SIZE-256__HLSLPERF_SCAN_BACKEND-1__HLSLPERF_SINGLE_PASS_GROUPS-256__HLSLPERF_SINGLE_PASS_ITEMS_SCALE-2__HLSLPERF_VECTOR_WIDTH-4__HLSLPERF_WAVE_SIZE-64",true,true,true,"",,,,,,,,2,3.09,3.1985,0.0182,32576.6967,1.6503,"HLSLPERF_CROWD_BACKEND=2;HLSLPERF_CROWD_TILE_BINS=512;HLSLPERF_CROWD_TILE_REPLICAS=2;HLSLPERF_CROWD_TILE_SIZE=16;HLSLPERF_ELEMENTS_PER_THREAD=4;HLSLPERF_GROUP_SIZE=256;HLSLPERF_SCAN_BACKEND=1;HLSLPERF_SINGLE_PASS_GROUPS=256;HLSLPERF_SINGLE_PASS_ITEMS_SCALE=2;HLSLPERF_VECTOR_WIDTH=4;HLSLPERF_WAVE_SIZE=64","3.081;3.034;3.0635;3.0656;3.1027;3.0642;3.1518;3.09;3.1012;3.2271;3.1698",""
"HLSLPERF_CROWD_BACKEND-2__HLSLPERF_CROWD_TILE_BINS-512__HLSLPERF_CROWD_TILE_REPLICAS-1__HLSLPERF_CROWD_TILE_SIZE-16__HLSLPERF_ELEMENTS_PER_THREAD-4__HLSLPERF_GROUP_SIZE-256__HLSLPERF_SCAN_BACKEND-1__HLSLPERF_SINGLE_PASS_GROUPS-128__HLSLPERF_SINGLE_PASS_ITEMS_SCALE-4__HLSLPERF_VECTOR_WIDTH-4__HLSLPERF_WAVE_SIZE-64",true,true,true,"",,,,,,,,2,2.9297,3.0551,0.0217,34359.3572,1.7406,"HLSLPERF_CROWD_BACKEND=2;HLSLPERF_CROWD_TILE_BINS=512;HLSLPERF_CROWD_TILE_REPLICAS=1;HLSLPERF_CROWD_TILE_SIZE=16;HLSLPERF_ELEMENTS_PER_THREAD=4;HLSLPERF_GROUP_SIZE=256;HLSLPERF_SCAN_BACKEND=1;HLSLPERF_SINGLE_PASS_GROUPS=128;HLSLPERF_SINGLE_PASS_ITEMS_SCALE=4;HLSLPERF_VECTOR_WIDTH=4;HLSLPERF_WAVE_SIZE=64","2.9297;2.9343;2.9224;2.9171;2.909;2.8953;2.8906;3.0101;2.9825;3.0082;3.1",""
"HLSLPERF_CROWD_BACKEND-2__HLSLPERF_CROWD_TILE_BINS-512__HLSLPERF_CROWD_TILE_REPLICAS-2__HLSLPERF_CROWD_TILE_SIZE-16__HLSLPERF_ELEMENTS_PER_THREAD-4__HLSLPERF_GROUP_SIZE-256__HLSLPERF_SCAN_BACKEND-1__HLSLPERF_SINGLE_PASS_GROUPS-128__HLSLPERF_SINGLE_PASS_ITEMS_SCALE-4__HLSLPERF_VECTOR_WIDTH-4__HLSLPERF_WAVE_SIZE-64",true,true,true,"",,,,,,,,2,2.9426,2.9753,0.0112,34208.4985,1.7329,"HLSLPERF_CROWD_BACKEND=2;HLSLPERF_CROWD_TILE_BINS=512;HLSLPERF_CROWD_TILE_REPLICAS=2;HLSLPERF_CROWD_TILE_SIZE=16;HLSLPERF_ELEMENTS_PER_THREAD=4;HLSLPERF_GROUP_SIZE=256;HLSLPERF_SCAN_BACKEND=1;HLSLPERF_SINGLE_PASS_GROUPS=128;HLSLPERF_SINGLE_PASS_ITEMS_SCALE=4;HLSLPERF_VECTOR_WIDTH=4;HLSLPERF_WAVE_SIZE=64","2.9695;2.9426;2.9224;2.8982;2.9025;2.9136;2.9465;2.8805;2.9739;2.9767;2.9502",""
"HLSLPERF_CROWD_BACKEND-2__HLSLPERF_CROWD_TILE_BINS-512__HLSLPERF_CROWD_TILE_REPLICAS-1__HLSLPERF_CROWD_TILE_SIZE-16__HLSLPERF_ELEMENTS_PER_THREAD-4__HLSLPERF_GROUP_SIZE-256__HLSLPERF_SCAN_BACKEND-1__HLSLPERF_SINGLE_PASS_GROUPS-256__HLSLPERF_SINGLE_PASS_ITEMS_SCALE-4__HLSLPERF_VECTOR_WIDTH-4__HLSLPERF_WAVE_SIZE-64",true,true,true,"",,,,,,,,2,2.8248,2.9315,0.0182,35635.548,1.8052,"HLSLPERF_CROWD_BACKEND=2;HLSLPERF_CROWD_TILE_BINS=512;HLSLPERF_CROWD_TILE_REPLICAS=1;HLSLPERF_CROWD_TILE_SIZE=16;HLSLPERF_ELEMENTS_PER_THREAD=4;HLSLPERF_GROUP_SIZE=256;HLSLPERF_SCAN_BACKEND=1;HLSLPERF_SINGLE_PASS_GROUPS=256;HLSLPERF_SINGLE_PASS_ITEMS_SCALE=4;HLSLPERF_VECTOR_WIDTH=4;HLSLPERF_WAVE_SIZE=64","2.8058;2.8248;2.8372;2.8037;2.7915;2.8234;2.8165;2.8414;2.9619;2.8915;2.9012",""
"HLSLPERF_CROWD_BACKEND-2__HLSLPERF_CROWD_TILE_BINS-512__HLSLPERF_CROWD_TILE_REPLICAS-2__HLSLPERF_CROWD_TILE_SIZE-16__HLSLPERF_ELEMENTS_PER_THREAD-4__HLSLPERF_GROUP_SIZE-256__HLSLPERF_SCAN_BACKEND-1__HLSLPERF_SINGLE_PASS_GROUPS-256__HLSLPERF_SINGLE_PASS_ITEMS_SCALE-4__HLSLPERF_VECTOR_WIDTH-4__HLSLPERF_WAVE_SIZE-64",true,true,true,"",,,,,,,,2,3.0602,3.1269,0.0189,32893.922,1.6664,"HLSLPERF_CROWD_BACKEND=2;HLSLPERF_CROWD_TILE_BINS=512;HLSLPERF_CROWD_TILE_REPLICAS=2;HLSLPERF_CROWD_TILE_SIZE=16;HLSLPERF_ELEMENTS_PER_THREAD=4;HLSLPERF_GROUP_SIZE=256;HLSLPERF_SCAN_BACKEND=1;HLSLPERF_SINGLE_PASS_GROUPS=256;HLSLPERF_SINGLE_PASS_ITEMS_SCALE=4;HLSLPERF_VECTOR_WIDTH=4;HLSLPERF_WAVE_SIZE=64","2.9905;2.9962;3.0956;2.9832;3.1076;3.0602;3.0597;3.1461;3.0897;3.0762;2.9755",""
"HLSLPERF_CROWD_BACKEND-2__HLSLPERF_CROWD_TILE_BINS-512__HLSLPERF_CROWD_TILE_REPLICAS-1__HLSLPERF_CROWD_TILE_SIZE-16__HLSLPERF_ELEMENTS_PER_THREAD-2__HLSLPERF_GROUP_SIZE-512__HLSLPERF_SCAN_BACKEND-1__HLSLPERF_SINGLE_PASS_GROUPS-128__HLSLPERF_SINGLE_PASS_ITEMS_SCALE-2__HLSLPERF_VECTOR_WIDTH-1__HLSLPERF_WAVE_SIZE-32",true,true,true,"",,,,,,,,2,3.623,3.6705,0.0097,27784.5145,1.4075,"HLSLPERF_CROWD_BACKEND=2;HLSLPERF_CROWD_TILE_BINS=512;HLSLPERF_CROWD_TILE_REPLICAS=1;HLSLPERF_CROWD_TILE_SIZE=16;HLSLPERF_ELEMENTS_PER_THREAD=2;HLSLPERF_GROUP_SIZE=512;HLSLPERF_SCAN_BACKEND=1;HLSLPERF_SINGLE_PASS_GROUPS=128;HLSLPERF_SINGLE_PASS_ITEMS_SCALE=2;HLSLPERF_VECTOR_WIDTH=1;HLSLPERF_WAVE_SIZE=32","3.623;3.5745;3.6246;3.7143;3.6266;3.5989;3.6251;3.5915;3.6179;3.6101;3.623",""
"HLSLPERF_CROWD_BACKEND-2__HLSLPERF_CROWD_TILE_BINS-512__HLSLPERF_CROWD_TILE_REPLICAS-2__HLSLPERF_CROWD_TILE_SIZE-16__HLSLPERF_ELEMENTS_PER_THREAD-2__HLSLPERF_GROUP_SIZE-512__HLSLPERF_SCAN_BACKEND-1__HLSLPERF_SINGLE_PASS_GROUPS-128__HLSLPERF_SINGLE_PASS_ITEMS_SCALE-2__HLSLPERF_VECTOR_WIDTH-1__HLSLPERF_WAVE_SIZE-32",true,true,true,"",,,,,,,,2,3.6537,3.7235,0.0139,27551.2075,1.3957,"HLSLPERF_CROWD_BACKEND=2;HLSLPERF_CROWD_TILE_BINS=512;HLSLPERF_CROWD_TILE_REPLICAS=2;HLSLPERF_CROWD_TILE_SIZE=16;HLSLPERF_ELEMENTS_PER_THREAD=2;HLSLPERF_GROUP_SIZE=512;HLSLPERF_SCAN_BACKEND=1;HLSLPERF_SINGLE_PASS_GROUPS=128;HLSLPERF_SINGLE_PASS_ITEMS_SCALE=2;HLSLPERF_VECTOR_WIDTH=1;HLSLPERF_WAVE_SIZE=32","3.6379;3.5862;3.5831;3.6065;3.7551;3.6537;3.6773;3.6918;3.6691;3.6865;3.6491",""
"HLSLPERF_CROWD_BACKEND-2__HLSLPERF_CROWD_TILE_BINS-512__HLSLPERF_CROWD_TILE_REPLICAS-1__HLSLPERF_CROWD_TILE_SIZE-16__HLSLPERF_ELEMENTS_PER_THREAD-2__HLSLPERF_GROUP_SIZE-512__HLSLPERF_SCAN_BACKEND-1__HLSLPERF_SINGLE_PASS_GROUPS-256__HLSLPERF_SINGLE_PASS_ITEMS_SCALE-2__HLSLPERF_VECTOR_WIDTH-1__HLSLPERF_WAVE_SIZE-32",true,true,true,"",,,,,,,,2,3.6763,3.7551,0.0143,27381.836,1.3871,"HLSLPERF_CROWD_BACKEND=2;HLSLPERF_CROWD_TILE_BINS=512;HLSLPERF_CROWD_TILE_REPLICAS=1;HLSLPERF_CROWD_TILE_SIZE=16;HLSLPERF_ELEMENTS_PER_THREAD=2;HLSLPERF_GROUP_SIZE=512;HLSLPERF_SCAN_BACKEND=1;HLSLPERF_SINGLE_PASS_GROUPS=256;HLSLPERF_SINGLE_PASS_ITEMS_SCALE=2;HLSLPERF_VECTOR_WIDTH=1;HLSLPERF_WAVE_SIZE=32","3.6077;3.6399;3.6097;3.6118;3.6919;3.6623;3.6898;3.7523;3.7578;3.6763;3.689",""
"HLSLPERF_CROWD_BACKEND-2__HLSLPERF_CROWD_TILE_BINS-512__HLSLPERF_CROWD_TILE_REPLICAS-2__HLSLPERF_CROWD_TILE_SIZE-16__HLSLPERF_ELEMENTS_PER_THREAD-2__HLSLPERF_GROUP_SIZE-512__HLSLPERF_SCAN_BACKEND-1__HLSLPERF_SINGLE_PASS_GROUPS-256__HLSLPERF_SINGLE_PASS_ITEMS_SCALE-2__HLSLPERF_VECTOR_WIDTH-1__HLSLPERF_WAVE_SIZE-32",true,true,true,"",,,,,,,,2,3.6685,3.8166,0.0205,27440.0558,1.3901,"HLSLPERF_CROWD_BACKEND=2;HLSLPERF_CROWD_TILE_BINS=512;HLSLPERF_CROWD_TILE_REPLICAS=2;HLSLPERF_CROWD_TILE_SIZE=16;HLSLPERF_ELEMENTS_PER_THREAD=2;HLSLPERF_GROUP_SIZE=512;HLSLPERF_SCAN_BACKEND=1;HLSLPERF_SINGLE_PASS_GROUPS=256;HLSLPERF_SINGLE_PASS_ITEMS_SCALE=2;HLSLPERF_VECTOR_WIDTH=1;HLSLPERF_WAVE_SIZE=32","3.6249;3.6019;3.6355;3.6194;3.6685;3.706;3.6569;3.8264;3.7429;3.7118;3.8067",""
"HLSLPERF_CROWD_BACKEND-2__HLSLPERF_CROWD_TILE_BINS-512__HLSLPERF_CROWD_TILE_REPLICAS-1__HLSLPERF_CROWD_TILE_SIZE-16__HLSLPERF_ELEMENTS_PER_THREAD-2__HLSLPERF_GROUP_SIZE-512__HLSLPERF_SCAN_BACKEND-1__HLSLPERF_SINGLE_PASS_GROUPS-128__HLSLPERF_SINGLE_PASS_ITEMS_SCALE-4__HLSLPERF_VECTOR_WIDTH-1__HLSLPERF_WAVE_SIZE-32",true,true,true,"",,,,,,,,2,3.0255,3.1459,0.0243,33271.6232,1.6855,"HLSLPERF_CROWD_BACKEND=2;HLSLPERF_CROWD_TILE_BINS=512;HLSLPERF_CROWD_TILE_REPLICAS=1;HLSLPERF_CROWD_TILE_SIZE=16;HLSLPERF_ELEMENTS_PER_THREAD=2;HLSLPERF_GROUP_SIZE=512;HLSLPERF_SCAN_BACKEND=1;HLSLPERF_SINGLE_PASS_GROUPS=128;HLSLPERF_SINGLE_PASS_ITEMS_SCALE=4;HLSLPERF_VECTOR_WIDTH=1;HLSLPERF_WAVE_SIZE=32","2.9881;3.0255;3.0337;2.9729;2.9435;2.993;2.9958;3.1824;3.1054;3.1095;3.1067",""
"HLSLPERF_CROWD_BACKEND-2__HLSLPERF_CROWD_TILE_BINS-512__HLSLPERF_CROWD_TILE_REPLICAS-2__HLSLPERF_CROWD_TILE_SIZE-16__HLSLPERF_ELEMENTS_PER_THREAD-2__HLSLPERF_GROUP_SIZE-512__HLSLPERF_SCAN_BACKEND-1__HLSLPERF_SINGLE_PASS_GROUPS-128__HLSLPERF_SINGLE_PASS_ITEMS_SCALE-4__HLSLPERF_VECTOR_WIDTH-1__HLSLPERF_WAVE_SIZE-32",true,true,true,"",,,,,,,,2,2.9872,3.0284,0.0075,33698.4367,1.7071,"HLSLPERF_CROWD_BACKEND=2;HLSLPERF_CROWD_TILE_BINS=512;HLSLPERF_CROWD_TILE_REPLICAS=2;HLSLPERF_CROWD_TILE_SIZE=16;HLSLPERF_ELEMENTS_PER_THREAD=2;HLSLPERF_GROUP_SIZE=512;HLSLPERF_SCAN_BACKEND=1;HLSLPERF_SINGLE_PASS_GROUPS=128;HLSLPERF_SINGLE_PASS_ITEMS_SCALE=4;HLSLPERF_VECTOR_WIDTH=1;HLSLPERF_WAVE_SIZE=32","3.0118;2.9723;2.9879;2.9682;2.9827;2.9741;3.0451;2.9971;2.9872;2.978;3.008",""
"HLSLPERF_CROWD_BACKEND-2__HLSLPERF_CROWD_TILE_BINS-512__HLSLPERF_CROWD_TILE_REPLICAS-1__HLSLPERF_CROWD_TILE_SIZE-16__HLSLPERF_ELEMENTS_PER_THREAD-2__HLSLPERF_GROUP_SIZE-512__HLSLPERF_SCAN_BACKEND-1__HLSLPERF_SINGLE_PASS_GROUPS-256__HLSLPERF_SINGLE_PASS_ITEMS_SCALE-4__HLSLPERF_VECTOR_WIDTH-1__HLSLPERF_WAVE_SIZE-32",true,true,true,"",,,,,,,,2,3.0361,3.1911,0.0243,33155.0245,1.6796,"HLSLPERF_CROWD_BACKEND=2;HLSLPERF_CROWD_TILE_BINS=512;HLSLPERF_CROWD_TILE_REPLICAS=1;HLSLPERF_CROWD_TILE_SIZE=16;HLSLPERF_ELEMENTS_PER_THREAD=2;HLSLPERF_GROUP_SIZE=512;HLSLPERF_SCAN_BACKEND=1;HLSLPERF_SINGLE_PASS_GROUPS=256;HLSLPERF_SINGLE_PASS_ITEMS_SCALE=4;HLSLPERF_VECTOR_WIDTH=1;HLSLPERF_WAVE_SIZE=32","3.038;3.0297;3.0042;3.0361;3.0137;3.0174;3.0202;3.1365;3.1155;3.114;3.2457",""
"HLSLPERF_CROWD_BACKEND-2__HLSLPERF_CROWD_TILE_BINS-512__HLSLPERF_CROWD_TILE_REPLICAS-2__HLSLPERF_CROWD_TILE_SIZE-16__HLSLPERF_ELEMENTS_PER_THREAD-2__HLSLPERF_GROUP_SIZE-512__HLSLPERF_SCAN_BACKEND-1__HLSLPERF_SINGLE_PASS_GROUPS-256__HLSLPERF_SINGLE_PASS_ITEMS_SCALE-4__HLSLPERF_VECTOR_WIDTH-1__HLSLPERF_WAVE_SIZE-32",true,true,true,"",,,,,,,,2,3.0282,3.2607,0.0339,33241.7381,1.684,"HLSLPERF_CROWD_BACKEND=2;HLSLPERF_CROWD_TILE_BINS=512;HLSLPERF_CROWD_TILE_REPLICAS=2;HLSLPERF_CROWD_TILE_SIZE=16;HLSLPERF_ELEMENTS_PER_THREAD=2;HLSLPERF_GROUP_SIZE=512;HLSLPERF_SCAN_BACKEND=1;HLSLPERF_SINGLE_PASS_GROUPS=256;HLSLPERF_SINGLE_PASS_ITEMS_SCALE=4;HLSLPERF_VECTOR_WIDTH=1;HLSLPERF_WAVE_SIZE=32","3.0095;3.0358;3.0113;3.0282;2.9917;3.0253;3.0108;3.1934;3.1104;3.1421;3.328",""
"HLSLPERF_CROWD_BACKEND-2__HLSLPERF_CROWD_TILE_BINS-512__HLSLPERF_CROWD_TILE_REPLICAS-1__HLSLPERF_CROWD_TILE_SIZE-16__HLSLPERF_ELEMENTS_PER_THREAD-2__HLSLPERF_GROUP_SIZE-512__HLSLPERF_SCAN_BACKEND-1__HLSLPERF_SINGLE_PASS_GROUPS-128__HLSLPERF_SINGLE_PASS_ITEMS_SCALE-2__HLSLPERF_VECTOR_WIDTH-1__HLSLPERF_WAVE_SIZE-64",true,true,true,"",,,,,,,,2,3.5791,3.6352,0.0137,28125.1526,1.4248,"HLSLPERF_CROWD_BACKEND=2;HLSLPERF_CROWD_TILE_BINS=512;HLSLPERF_CROWD_TILE_REPLICAS=1;HLSLPERF_CROWD_TILE_SIZE=16;HLSLPERF_ELEMENTS_PER_THREAD=2;HLSLPERF_GROUP_SIZE=512;HLSLPERF_SCAN_BACKEND=1;HLSLPERF_SINGLE_PASS_GROUPS=128;HLSLPERF_SINGLE_PASS_ITEMS_SCALE=2;HLSLPERF_VECTOR_WIDTH=1;HLSLPERF_WAVE_SIZE=64","3.5275;3.5003;3.5143;3.5247;3.6363;3.5794;3.5739;3.6229;3.5946;3.5791;3.6341",""
"HLSLPERF_CROWD_BACKEND-2__HLSLPERF_CROWD_TILE_BINS-512__HLSLPERF_CROWD_TILE_REPLICAS-2__HLSLPERF_CROWD_TILE_SIZE-16__HLSLPERF_ELEMENTS_PER_THREAD-2__HLSLPERF_GROUP_SIZE-512__HLSLPERF_SCAN_BACKEND-1__HLSLPERF_SINGLE_PASS_GROUPS-128__HLSLPERF_SINGLE_PASS_ITEMS_SCALE-2__HLSLPERF_VECTOR_WIDTH-1__HLSLPERF_WAVE_SIZE-64",true,true,true,"",,,,,,,,2,3.5642,3.6449,0.0148,28242.728,1.4307,"HLSLPERF_CROWD_BACKEND=2;HLSLPERF_CROWD_TILE_BINS=512;HLSLPERF_CROWD_TILE_REPLICAS=2;HLSLPERF_CROWD_TILE_SIZE=16;HLSLPERF_ELEMENTS_PER_THREAD=2;HLSLPERF_GROUP_SIZE=512;HLSLPERF_SCAN_BACKEND=1;HLSLPERF_SINGLE_PASS_GROUPS=128;HLSLPERF_SINGLE_PASS_ITEMS_SCALE=2;HLSLPERF_VECTOR_WIDTH=1;HLSLPERF_WAVE_SIZE=64","3.5642;3.5274;3.5098;3.5277;3.5035;3.6021;3.5558;3.5709;3.655;3.6348;3.6293",""
"HLSLPERF_CROWD_BACKEND-2__HLSLPERF_CROWD_TILE_BINS-512__HLSLPERF_CROWD_TILE_REPLICAS-1__HLSLPERF_CROWD_TILE_SIZE-16__HLSLPERF_ELEMENTS_PER_THREAD-2__HLSLPERF_GROUP_SIZE-512__HLSLPERF_SCAN_BACKEND-1__HLSLPERF_SINGLE_PASS_GROUPS-256__HLSLPERF_SINGLE_PASS_ITEMS_SCALE-2__HLSLPERF_VECTOR_WIDTH-1__HLSLPERF_WAVE_SIZE-64",true,true,true,"",,,,,,,,2,3.073,3.2512,0.0255,32757.3368,1.6594,"HLSLPERF_CROWD_BACKEND=2;HLSLPERF_CROWD_TILE_BINS=512;HLSLPERF_CROWD_TILE_REPLICAS=1;HLSLPERF_CROWD_TILE_SIZE=16;HLSLPERF_ELEMENTS_PER_THREAD=2;HLSLPERF_GROUP_SIZE=512;HLSLPERF_SCAN_BACKEND=1;HLSLPERF_SINGLE_PASS_GROUPS=256;HLSLPERF_SINGLE_PASS_ITEMS_SCALE=2;HLSLPERF_VECTOR_WIDTH=1;HLSLPERF_WAVE_SIZE=64","3.065;3.0514;3.029;3.073;3.0725;3.0602;3.201;3.1069;3.1291;3.3013;3.1327",""
"HLSLPERF_CROWD_BACKEND-2__HLSLPERF_CROWD_TILE_BINS-512__HLSLPERF_CROWD_TILE_REPLICAS-2__HLSLPERF_CROWD_TILE_SIZE-16__HLSLPERF_ELEMENTS_PER_THREAD-2__HLSLPERF_GROUP_SIZE-512__HLSLPERF_SCAN_BACKEND-1__HLSLPERF_SINGLE_PASS_GROUPS-256__HLSLPERF_SINGLE_PASS_ITEMS_SCALE-2__HLSLPERF_VECTOR_WIDTH-1__HLSLPERF_WAVE_SIZE-64",true,true,true,"",,,,,,,,2,3.0927,3.1523,0.0124,32548.2569,1.6488,"HLSLPERF_CROWD_BACKEND=2;HLSLPERF_CROWD_TILE_BINS=512;HLSLPERF_CROWD_TILE_REPLICAS=2;HLSLPERF_CROWD_TILE_SIZE=16;HLSLPERF_ELEMENTS_PER_THREAD=2;HLSLPERF_GROUP_SIZE=512;HLSLPERF_SCAN_BACKEND=1;HLSLPERF_SINGLE_PASS_GROUPS=256;HLSLPERF_SINGLE_PASS_ITEMS_SCALE=2;HLSLPERF_VECTOR_WIDTH=1;HLSLPERF_WAVE_SIZE=64","3.0927;3.0843;3.0492;3.0686;3.0817;3.0434;3.1807;3.1239;3.112;3.1173;3.1035",""
"HLSLPERF_CROWD_BACKEND-2__HLSLPERF_CROWD_TILE_BINS-512__HLSLPERF_CROWD_TILE_REPLICAS-1__HLSLPERF_CROWD_TILE_SIZE-16__HLSLPERF_ELEMENTS_PER_THREAD-2__HLSLPERF_GROUP_SIZE-512__HLSLPERF_SCAN_BACKEND-1__HLSLPERF_SINGLE_PASS_GROUPS-128__HLSLPERF_SINGLE_PASS_ITEMS_SCALE-4__HLSLPERF_VECTOR_WIDTH-1__HLSLPERF_WAVE_SIZE-64",true,true,true,"",,,,,,,,2,3.0941,3.1343,0.0133,32534.1607,1.6481,"HLSLPERF_CROWD_BACKEND=2;HLSLPERF_CROWD_TILE_BINS=512;HLSLPERF_CROWD_TILE_REPLICAS=1;HLSLPERF_CROWD_TILE_SIZE=16;HLSLPERF_ELEMENTS_PER_THREAD=2;HLSLPERF_GROUP_SIZE=512;HLSLPERF_SCAN_BACKEND=1;HLSLPERF_SINGLE_PASS_GROUPS=128;HLSLPERF_SINGLE_PASS_ITEMS_SCALE=4;HLSLPERF_VECTOR_WIDTH=1;HLSLPERF_WAVE_SIZE=64","3.0114;3.0343;3.0458;3.0711;3.0954;3.1272;3.0941;3.1252;3.1414;3.0954;3.0698",""
"HLSLPERF_CROWD_BACKEND-2__HLSLPERF_CROWD_TILE_BINS-512__HLSLPERF_CROWD_TILE_REPLICAS-2__HLSLPERF_CROWD_TILE_SIZE-16__HLSLPERF_ELEMENTS_PER_THREAD-2__HLSLPERF_GROUP_SIZE-512__HLSLPERF_SCAN_BACKEND-1__HLSLPERF_SINGLE_PASS_GROUPS-128__HLSLPERF_SINGLE_PASS_ITEMS_SCALE-4__HLSLPERF_VECTOR_WIDTH-1__HLSLPERF_WAVE_SIZE-64",true,true,true,"",,,,,,,,2,2.9695,3.0371,0.0186,33899.5292,1.7173,"HLSLPERF_CROWD_BACKEND=2;HLSLPERF_CROWD_TILE_BINS=512;HLSLPERF_CROWD_TILE_REPLICAS=2;HLSLPERF_CROWD_TILE_SIZE=16;HLSLPERF_ELEMENTS_PER_THREAD=2;HLSLPERF_GROUP_SIZE=512;HLSLPERF_SCAN_BACKEND=1;HLSLPERF_SINGLE_PASS_GROUPS=128;HLSLPERF_SINGLE_PASS_ITEMS_SCALE=4;HLSLPERF_VECTOR_WIDTH=1;HLSLPERF_WAVE_SIZE=64","2.9933;2.9147;2.9149;2.9009;2.9009;2.9841;2.9157;3.0808;2.9695;2.9798;2.9799",""
"HLSLPERF_CROWD_BACKEND-2__HLSLPERF_CROWD_TILE_BINS-512__HLSLPERF_CROWD_TILE_REPLICAS-1__HLSLPERF_CROWD_TILE_SIZE-16__HLSLPERF_ELEMENTS_PER_THREAD-2__HLSLPERF_GROUP_SIZE-512__HLSLPERF_SCAN_BACKEND-1__HLSLPERF_SINGLE_PASS_GROUPS-256__HLSLPERF_SINGLE_PASS_ITEMS_SCALE-4__HLSLPERF_VECTOR_WIDTH-1__HLSLPERF_WAVE_SIZE-64",true,true,true,"",,,,,,,,2,2.7498,2.8657,0.0208,36608.0298,1.8545,"HLSLPERF_CROWD_BACKEND=2;HLSLPERF_CROWD_TILE_BINS=512;HLSLPERF_CROWD_TILE_REPLICAS=1;HLSLPERF_CROWD_TILE_SIZE=16;HLSLPERF_ELEMENTS_PER_THREAD=2;HLSLPERF_GROUP_SIZE=512;HLSLPERF_SCAN_BACKEND=1;HLSLPERF_SINGLE_PASS_GROUPS=256;HLSLPERF_SINGLE_PASS_ITEMS_SCALE=4;HLSLPERF_VECTOR_WIDTH=1;HLSLPERF_WAVE_SIZE=64","2.781;2.7455;2.7498;2.7993;2.7406;2.7343;2.7409;2.7319;2.7542;2.9321;2.7928",""
"HLSLPERF_CROWD_BACKEND-2__HLSLPERF_CROWD_TILE_BINS-512__HLSLPERF_CROWD_TILE_REPLICAS-2__HLSLPERF_CROWD_TILE_SIZE-16__HLSLPERF_ELEMENTS_PER_THREAD-2__HLSLPERF_GROUP_SIZE-512__HLSLPERF_SCAN_BACKEND-1__HLSLPERF_SINGLE_PASS_GROUPS-256__HLSLPERF_SINGLE_PASS_ITEMS_SCALE-4__HLSLPERF_VECTOR_WIDTH-1__HLSLPERF_WAVE_SIZE-64",true,true,true,"",,,,,,,,2,2.7641,2.8732,0.0206,36417.5823,1.8449,"HLSLPERF_CROWD_BACKEND=2;HLSLPERF_CROWD_TILE_BINS=512;HLSLPERF_CROWD_TILE_REPLICAS=2;HLSLPERF_CROWD_TILE_SIZE=16;HLSLPERF_ELEMENTS_PER_THREAD=2;HLSLPERF_GROUP_SIZE=512;HLSLPERF_SCAN_BACKEND=1;HLSLPERF_SINGLE_PASS_GROUPS=256;HLSLPERF_SINGLE_PASS_ITEMS_SCALE=4;HLSLPERF_VECTOR_WIDTH=1;HLSLPERF_WAVE_SIZE=64","2.7909;2.7723;2.7641;2.7472;2.728;2.7662;2.7348;2.7336;2.7151;2.9133;2.833",""
"HLSLPERF_CROWD_BACKEND-2__HLSLPERF_CROWD_TILE_BINS-512__HLSLPERF_CROWD_TILE_REPLICAS-1__HLSLPERF_CROWD_TILE_SIZE-16__HLSLPERF_ELEMENTS_PER_THREAD-4__HLSLPERF_GROUP_SIZE-512__HLSLPERF_SCAN_BACKEND-1__HLSLPERF_SINGLE_PASS_GROUPS-128__HLSLPERF_SINGLE_PASS_ITEMS_SCALE-2__HLSLPERF_VECTOR_WIDTH-1__HLSLPERF_WAVE_SIZE-32",true,true,true,"",,,,,,,,2,3.0655,3.1015,0.007,32837.9088,1.6635,"HLSLPERF_CROWD_BACKEND=2;HLSLPERF_CROWD_TILE_BINS=512;HLSLPERF_CROWD_TILE_REPLICAS=1;HLSLPERF_CROWD_TILE_SIZE=16;HLSLPERF_ELEMENTS_PER_THREAD=4;HLSLPERF_GROUP_SIZE=512;HLSLPERF_SCAN_BACKEND=1;HLSLPERF_SINGLE_PASS_GROUPS=128;HLSLPERF_SINGLE_PASS_ITEMS_SCALE=2;HLSLPERF_VECTOR_WIDTH=1;HLSLPERF_WAVE_SIZE=32","3.0513;3.0617;3.0464;3.0655;3.074;3.1162;3.0752;3.0868;3.0673;3.0501;3.0399",""
"HLSLPERF_CROWD_BACKEND-2__HLSLPERF_CROWD_TILE_BINS-512__HLSLPERF_CROWD_TILE_REPLICAS-2__HLSLPERF_CROWD_TILE_SIZE-16__HLSLPERF_ELEMENTS_PER_THREAD-4__HLSLPERF_GROUP_SIZE-512__HLSLPERF_SCAN_BACKEND-1__HLSLPERF_SINGLE_PASS_GROUPS-128__HLSLPERF_SINGLE_PASS_ITEMS_SCALE-2__HLSLPERF_VECTOR_WIDTH-1__HLSLPERF_WAVE_SIZE-32",true,true,true,"",,,,,,,,2,3.0388,3.1071,0.0112,33126.2204,1.6781,"HLSLPERF_CROWD_BACKEND=2;HLSLPERF_CROWD_TILE_BINS=512;HLSLPERF_CROWD_TILE_REPLICAS=2;HLSLPERF_CROWD_TILE_SIZE=16;HLSLPERF_ELEMENTS_PER_THREAD=4;HLSLPERF_GROUP_SIZE=512;HLSLPERF_SCAN_BACKEND=1;HLSLPERF_SINGLE_PASS_GROUPS=128;HLSLPERF_SINGLE_PASS_ITEMS_SCALE=2;HLSLPERF_VECTOR_WIDTH=1;HLSLPERF_WAVE_SIZE=32","3.0388;3.0454;3.0613;3.0239;3.021;3.0281;3.1399;3.0742;3.0435;3.0378;3.0273",""
"HLSLPERF_CROWD_BACKEND-2__HLSLPERF_CROWD_TILE_BINS-512__HLSLPERF_CROWD_TILE_REPLICAS-1__HLSLPERF_CROWD_TILE_SIZE-16__HLSLPERF_ELEMENTS_PER_THREAD-4__HLSLPERF_GROUP_SIZE-512__HLSLPERF_SCAN_BACKEND-1__HLSLPERF_SINGLE_PASS_GROUPS-256__HLSLPERF_SINGLE_PASS_ITEMS_SCALE-2__HLSLPERF_VECTOR_WIDTH-1__HLSLPERF_WAVE_SIZE-32",true,true,true,"",,,,,,,,2,3.0359,3.0698,0.0065,33157.4271,1.6797,"HLSLPERF_CROWD_BACKEND=2;HLSLPERF_CROWD_TILE_BINS=512;HLSLPERF_CROWD_TILE_REPLICAS=1;HLSLPERF_CROWD_TILE_SIZE=16;HLSLPERF_ELEMENTS_PER_THREAD=4;HLSLPERF_GROUP_SIZE=512;HLSLPERF_SCAN_BACKEND=1;HLSLPERF_SINGLE_PASS_GROUPS=256;HLSLPERF_SINGLE_PASS_ITEMS_SCALE=2;HLSLPERF_VECTOR_WIDTH=1;HLSLPERF_WAVE_SIZE=32","3.0479;3.0489;3.0347;3.0294;3.0217;3.0112;3.0292;3.0381;3.0359;3.0863;3.0533",""
"HLSLPERF_CROWD_BACKEND-2__HLSLPERF_CROWD_TILE_BINS-512__HLSLPERF_CROWD_TILE_REPLICAS-2__HLSLPERF_CROWD_TILE_SIZE-16__HLSLPERF_ELEMENTS_PER_THREAD-4__HLSLPERF_GROUP_SIZE-512__HLSLPERF_SCAN_BACKEND-1__HLSLPERF_SINGLE_PASS_GROUPS-256__HLSLPERF_SINGLE_PASS_ITEMS_SCALE-2__HLSLPERF_VECTOR_WIDTH-1__HLSLPERF_WAVE_SIZE-32",true,true,true,"",,,,,,,,2,3.0759,3.2595,0.0272,32726.0272,1.6578,"HLSLPERF_CROWD_BACKEND=2;HLSLPERF_CROWD_TILE_BINS=512;HLSLPERF_CROWD_TILE_REPLICAS=2;HLSLPERF_CROWD_TILE_SIZE=16;HLSLPERF_ELEMENTS_PER_THREAD=4;HLSLPERF_GROUP_SIZE=512;HLSLPERF_SCAN_BACKEND=1;HLSLPERF_SINGLE_PASS_GROUPS=256;HLSLPERF_SINGLE_PASS_ITEMS_SCALE=2;HLSLPERF_VECTOR_WIDTH=1;HLSLPERF_WAVE_SIZE=32","3.0759;3.0537;3.0739;3.0538;3.0192;3.0587;3.0786;3.2085;3.1406;3.1208;3.3105",""
"HLSLPERF_CROWD_BACKEND-2__HLSLPERF_CROWD_TILE_BINS-512__HLSLPERF_CROWD_TILE_REPLICAS-1__HLSLPERF_CROWD_TILE_SIZE-16__HLSLPERF_ELEMENTS_PER_THREAD-4__HLSLPERF_GROUP_SIZE-512__HLSLPERF_SCAN_BACKEND-1__HLSLPERF_SINGLE_PASS_GROUPS-128__HLSLPERF_SINGLE_PASS_ITEMS_SCALE-4__HLSLPERF_VECTOR_WIDTH-1__HLSLPERF_WAVE_SIZE-32",true,true,true,"",,,,,,,,2,2.933,3.1541,0.0342,34320.6988,1.7386,"HLSLPERF_CROWD_BACKEND=2;HLSLPERF_CROWD_TILE_BINS=512;HLSLPERF_CROWD_TILE_REPLICAS=1;HLSLPERF_CROWD_TILE_SIZE=16;HLSLPERF_ELEMENTS_PER_THREAD=4;HLSLPERF_GROUP_SIZE=512;HLSLPERF_SCAN_BACKEND=1;HLSLPERF_SINGLE_PASS_GROUPS=128;HLSLPERF_SINGLE_PASS_ITEMS_SCALE=4;HLSLPERF_VECTOR_WIDTH=1;HLSLPERF_WAVE_SIZE=32","2.9302;2.917;3.2189;3.0583;2.933;2.8786;3.0893;3.0127;2.9225;2.9242;3.0559",""
"HLSLPERF_CROWD_BACKEND-2__HLSLPERF_CROWD_TILE_BINS-512__HLSLPERF_CROWD_TILE_REPLICAS-2__HLSLPERF_CROWD_TILE_SIZE-16__HLSLPERF_ELEMENTS_PER_THREAD-4__HLSLPERF_GROUP_SIZE-512__HLSLPERF_SCAN_BACKEND-1__HLSLPERF_SINGLE_PASS_GROUPS-128__HLSLPERF_SINGLE_PASS_ITEMS_SCALE-4__HLSLPERF_VECTOR_WIDTH-1__HLSLPERF_WAVE_SIZE-32",true,true,true,"",,,,,,,,2,2.8455,2.9346,0.0165,35376.3121,1.7921,"HLSLPERF_CROWD_BACKEND=2;HLSLPERF_CROWD_TILE_BINS=512;HLSLPERF_CROWD_TILE_REPLICAS=2;HLSLPERF_CROWD_TILE_SIZE=16;HLSLPERF_ELEMENTS_PER_THREAD=4;HLSLPERF_GROUP_SIZE=512;HLSLPERF_SCAN_BACKEND=1;HLSLPERF_SINGLE_PASS_GROUPS=128;HLSLPERF_SINGLE_PASS_ITEMS_SCALE=4;HLSLPERF_VECTOR_WIDTH=1;HLSLPERF_WAVE_SIZE=32","2.8397;2.864;2.8371;2.8396;2.8664;2.8455;2.8175;2.7757;2.9492;2.8729;2.9201",""
"HLSLPERF_CROWD_BACKEND-2__HLSLPERF_CROWD_TILE_BINS-512__HLSLPERF_CROWD_TILE_REPLICAS-1__HLSLPERF_CROWD_TILE_SIZE-16__HLSLPERF_ELEMENTS_PER_THREAD-4__HLSLPERF_GROUP_SIZE-512__HLSLPERF_SCAN_BACKEND-1__HLSLPERF_SINGLE_PASS_GROUPS-256__HLSLPERF_SINGLE_PASS_ITEMS_SCALE-4__HLSLPERF_VECTOR_WIDTH-1__HLSLPERF_WAVE_SIZE-32",true,true,true,"",,,,,,,,2,2.862,2.9001,0.012,35172.1148,1.7818,"HLSLPERF_CROWD_BACKEND=2;HLSLPERF_CROWD_TILE_BINS=512;HLSLPERF_CROWD_TILE_REPLICAS=1;HLSLPERF_CROWD_TILE_SIZE=16;HLSLPERF_ELEMENTS_PER_THREAD=4;HLSLPERF_GROUP_SIZE=512;HLSLPERF_SCAN_BACKEND=1;HLSLPERF_SINGLE_PASS_GROUPS=256;HLSLPERF_SINGLE_PASS_ITEMS_SCALE=4;HLSLPERF_VECTOR_WIDTH=1;HLSLPERF_WAVE_SIZE=32","2.892;2.8607;2.8712;2.862;2.838;2.8039;2.8274;2.804;2.865;2.8833;2.9081",""
"HLSLPERF_CROWD_BACKEND-2__HLSLPERF_CROWD_TILE_BINS-512__HLSLPERF_CROWD_TILE_REPLICAS-2__HLSLPERF_CROWD_TILE_SIZE-16__HLSLPERF_ELEMENTS_PER_THREAD-4__HLSLPERF_GROUP_SIZE-512__HLSLPERF_SCAN_BACKEND-1__HLSLPERF_SINGLE_PASS_GROUPS-256__HLSLPERF_SINGLE_PASS_ITEMS_SCALE-4__HLSLPERF_VECTOR_WIDTH-1__HLSLPERF_WAVE_SIZE-32",true,true,true,"",,,,,,,,2,3.0173,3.0658,0.0119,33361.8231,1.6901,"HLSLPERF_CROWD_BACKEND=2;HLSLPERF_CROWD_TILE_BINS=512;HLSLPERF_CROWD_TILE_REPLICAS=2;HLSLPERF_CROWD_TILE_SIZE=16;HLSLPERF_ELEMENTS_PER_THREAD=4;HLSLPERF_GROUP_SIZE=512;HLSLPERF_SCAN_BACKEND=1;HLSLPERF_SINGLE_PASS_GROUPS=256;HLSLPERF_SINGLE_PASS_ITEMS_SCALE=4;HLSLPERF_VECTOR_WIDTH=1;HLSLPERF_WAVE_SIZE=32","3.0111;2.9665;3.0468;3.0515;3.0488;3.0218;2.9877;2.9749;3.0801;3.0173;2.9942",""
"HLSLPERF_CROWD_BACKEND-2__HLSLPERF_CROWD_TILE_BINS-512__HLSLPERF_CROWD_TILE_REPLICAS-1__HLSLPERF_CROWD_TILE_SIZE-16__HLSLPERF_ELEMENTS_PER_THREAD-4__HLSLPERF_GROUP_SIZE-512__HLSLPERF_SCAN_BACKEND-1__HLSLPERF_SINGLE_PASS_GROUPS-128__HLSLPERF_SINGLE_PASS_ITEMS_SCALE-2__HLSLPERF_VECTOR_WIDTH-1__HLSLPERF_WAVE_SIZE-64",true,true,true,"",,,,,,,,2,2.9793,3.1488,0.0242,33787.1126,1.7116,"HLSLPERF_CROWD_BACKEND=2;HLSLPERF_CROWD_TILE_BINS=512;HLSLPERF_CROWD_TILE_REPLICAS=1;HLSLPERF_CROWD_TILE_SIZE=16;HLSLPERF_ELEMENTS_PER_THREAD=4;HLSLPERF_GROUP_SIZE=512;HLSLPERF_SCAN_BACKEND=1;HLSLPERF_SINGLE_PASS_GROUPS=128;HLSLPERF_SINGLE_PASS_ITEMS_SCALE=2;HLSLPERF_VECTOR_WIDTH=1;HLSLPERF_WAVE_SIZE=64","2.9555;2.9639;2.9689;2.9665;2.9793;2.9918;2.9595;3.1223;3.0233;3.0295;3.1753",""
"HLSLPERF_CROWD_BACKEND-2__HLSLPERF_CROWD_TILE_BINS-512__HLSLPERF_CROWD_TILE_REPLICAS-2__HLSLPERF_CROWD_TILE_SIZE-16__HLSLPERF_ELEMENTS_PER_THREAD-4__HLSLPERF_GROUP_SIZE-512__HLSLPERF_SCAN_BACKEND-1__HLSLPERF_SINGLE_PASS_GROUPS-128__HLSLPERF_SINGLE_PASS_ITEMS_SCALE-2__HLSLPERF_VECTOR_WIDTH-1__HLSLPERF_WAVE_SIZE-64",true,true,true,"",,,,,,,,2,2.9641,3.0106,0.009,33961.0591,1.7204,"HLSLPERF_CROWD_BACKEND=2;HLSLPERF_CROWD_TILE_BINS=512;HLSLPERF_CROWD_TILE_REPLICAS=2;HLSLPERF_CROWD_TILE_SIZE=16;HLSLPERF_ELEMENTS_PER_THREAD=4;HLSLPERF_GROUP_SIZE=512;HLSLPERF_SCAN_BACKEND=1;HLSLPERF_SINGLE_PASS_GROUPS=128;HLSLPERF_SINGLE_PASS_ITEMS_SCALE=2;HLSLPERF_VECTOR_WIDTH=1;HLSLPERF_WAVE_SIZE=64","2.9454;2.9925;2.9449;2.9614;2.9437;2.9641;2.9449;3.0287;2.9839;2.9725;2.9881",""
"HLSLPERF_CROWD_BACKEND-2__HLSLPERF_CROWD_TILE_BINS-512__HLSLPERF_CROWD_TILE_REPLICAS-1__HLSLPERF_CROWD_TILE_SIZE-16__HLSLPERF_ELEMENTS_PER_THREAD-4__HLSLPERF_GROUP_SIZE-512__HLSLPERF_SCAN_BACKEND-1__HLSLPERF_SINGLE_PASS_GROUPS-256__HLSLPERF_SINGLE_PASS_ITEMS_SCALE-2__HLSLPERF_VECTOR_WIDTH-1__HLSLPERF_WAVE_SIZE-64",true,true,true,"",,,,,,,,2,2.7846,2.8227,0.007,36150.5214,1.8313,"HLSLPERF_CROWD_BACKEND=2;HLSLPERF_CROWD_TILE_BINS=512;HLSLPERF_CROWD_TILE_REPLICAS=1;HLSLPERF_CROWD_TILE_SIZE=16;HLSLPERF_ELEMENTS_PER_THREAD=4;HLSLPERF_GROUP_SIZE=512;HLSLPERF_SCAN_BACKEND=1;HLSLPERF_SINGLE_PASS_GROUPS=256;HLSLPERF_SINGLE_PASS_ITEMS_SCALE=2;HLSLPERF_VECTOR_WIDTH=1;HLSLPERF_WAVE_SIZE=64","2.8078;2.7738;2.7846;2.8176;2.7793;2.7858;2.7698;2.7967;2.8278;2.7798;2.7723",""
"HLSLPERF_CROWD_BACKEND-2__HLSLPERF_CROWD_TILE_BINS-512__HLSLPERF_CROWD_TILE_REPLICAS-2__HLSLPERF_CROWD_TILE_SIZE-16__HLSLPERF_ELEMENTS_PER_THREAD-4__HLSLPERF_GROUP_SIZE-512__HLSLPERF_SCAN_BACKEND-1__HLSLPERF_SINGLE_PASS_GROUPS-256__HLSLPERF_SINGLE_PASS_ITEMS_SCALE-2__HLSLPERF_VECTOR_WIDTH-1__HLSLPERF_WAVE_SIZE-64",true,true,true,"",,,,,,,,2,2.8021,2.8587,0.0116,35924.7468,1.8199,"HLSLPERF_CROWD_BACKEND=2;HLSLPERF_CROWD_TILE_BINS=512;HLSLPERF_CROWD_TILE_REPLICAS=2;HLSLPERF_CROWD_TILE_SIZE=16;HLSLPERF_ELEMENTS_PER_THREAD=4;HLSLPERF_GROUP_SIZE=512;HLSLPERF_SCAN_BACKEND=1;HLSLPERF_SINGLE_PASS_GROUPS=256;HLSLPERF_SINGLE_PASS_ITEMS_SCALE=2;HLSLPERF_VECTOR_WIDTH=1;HLSLPERF_WAVE_SIZE=64","2.8067;2.8021;2.8012;2.8071;2.8174;2.788;2.7701;2.8999;2.7978;2.815;2.7969",""
"HLSLPERF_CROWD_BACKEND-2__HLSLPERF_CROWD_TILE_BINS-512__HLSLPERF_CROWD_TILE_REPLICAS-1__HLSLPERF_CROWD_TILE_SIZE-16__HLSLPERF_ELEMENTS_PER_THREAD-4__HLSLPERF_GROUP_SIZE-512__HLSLPERF_SCAN_BACKEND-1__HLSLPERF_SINGLE_PASS_GROUPS-128__HLSLPERF_SINGLE_PASS_ITEMS_SCALE-4__HLSLPERF_VECTOR_WIDTH-1__HLSLPERF_WAVE_SIZE-64",true,true,true,"",,,,,,,,2,2.7491,2.8613,0.0198,36617.085,1.855,"HLSLPERF_CROWD_BACKEND=2;HLSLPERF_CROWD_TILE_BINS=512;HLSLPERF_CROWD_TILE_REPLICAS=1;HLSLPERF_CROWD_TILE_SIZE=16;HLSLPERF_ELEMENTS_PER_THREAD=4;HLSLPERF_GROUP_SIZE=512;HLSLPERF_SCAN_BACKEND=1;HLSLPERF_SINGLE_PASS_GROUPS=128;HLSLPERF_SINGLE_PASS_ITEMS_SCALE=4;HLSLPERF_VECTOR_WIDTH=1;HLSLPERF_WAVE_SIZE=64","2.7693;2.7318;2.7491;2.8035;2.7198;2.7407;2.7669;2.7288;2.7302;2.9047;2.818",""
"HLSLPERF_CROWD_BACKEND-2__HLSLPERF_CROWD_TILE_BINS-512__HLSLPERF_CROWD_TILE_REPLICAS-2__HLSLPERF_CROWD_TILE_SIZE-16__HLSLPERF_ELEMENTS_PER_THREAD-4__HLSLPERF_GROUP_SIZE-512__HLSLPERF_SCAN_BACKEND-1__HLSLPERF_SINGLE_PASS_GROUPS-128__HLSLPERF_SINGLE_PASS_ITEMS_SCALE-4__HLSLPERF_VECTOR_WIDTH-1__HLSLPERF_WAVE_SIZE-64",true,true,true,"",,,,,,,,2,2.7524,2.7961,0.0104,36573.4482,1.8528,"HLSLPERF_CROWD_BACKEND=2;HLSLPERF_CROWD_TILE_BINS=512;HLSLPERF_CROWD_TILE_REPLICAS=2;HLSLPERF_CROWD_TILE_SIZE=16;HLSLPERF_ELEMENTS_PER_THREAD=4;HLSLPERF_GROUP_SIZE=512;HLSLPERF_SCAN_BACKEND=1;HLSLPERF_SINGLE_PASS_GROUPS=128;HLSLPERF_SINGLE_PASS_ITEMS_SCALE=4;HLSLPERF_VECTOR_WIDTH=1;HLSLPERF_WAVE_SIZE=64","2.7726;2.7705;2.7528;2.744;2.7524;2.7469;2.7222;2.7367;2.7047;2.805;2.7872",""
"HLSLPERF_CROWD_BACKEND-2__HLSLPERF_CROWD_TILE_BINS-512__HLSLPERF_CROWD_TILE_REPLICAS-1__HLSLPERF_CROWD_TILE_SIZE-16__HLSLPERF_ELEMENTS_PER_THREAD-4__HLSLPERF_GROUP_SIZE-512__HLSLPERF_SCAN_BACKEND-1__HLSLPERF_SINGLE_PASS_GROUPS-256__HLSLPERF_SINGLE_PASS_ITEMS_SCALE-4__HLSLPERF_VECTOR_WIDTH-1__HLSLPERF_WAVE_SIZE-64",true,true,true,"",,,,,,,,2,2.7843,2.853,0.0164,36153.8972,1.8315,"HLSLPERF_CROWD_BACKEND=2;HLSLPERF_CROWD_TILE_BINS=512;HLSLPERF_CROWD_TILE_REPLICAS=1;HLSLPERF_CROWD_TILE_SIZE=16;HLSLPERF_ELEMENTS_PER_THREAD=4;HLSLPERF_GROUP_SIZE=512;HLSLPERF_SCAN_BACKEND=1;HLSLPERF_SINGLE_PASS_GROUPS=256;HLSLPERF_SINGLE_PASS_ITEMS_SCALE=4;HLSLPERF_VECTOR_WIDTH=1;HLSLPERF_WAVE_SIZE=64","2.7887;2.7844;2.7843;2.7655;2.7561;2.7372;2.7372;2.7232;2.8641;2.8283;2.8419",""
"HLSLPERF_CROWD_BACKEND-2__HLSLPERF_CROWD_TILE_BINS-512__HLSLPERF_CROWD_TILE_REPLICAS-2__HLSLPERF_CROWD_TILE_SIZE-16__HLSLPERF_ELEMENTS_PER_THREAD-4__HLSLPERF_GROUP_SIZE-512__HLSLPERF_SCAN_BACKEND-1__HLSLPERF_SINGLE_PASS_GROUPS-256__HLSLPERF_SINGLE_PASS_ITEMS_SCALE-4__HLSLPERF_VECTOR_WIDTH-1__HLSLPERF_WAVE_SIZE-64",true,true,true,"",,,,,,,,2,2.7555,2.8433,0.0152,36532.3017,1.8507,"HLSLPERF_CROWD_BACKEND=2;HLSLPERF_CROWD_TILE_BINS=512;HLSLPERF_CROWD_TILE_REPLICAS=2;HLSLPERF_CROWD_TILE_SIZE=16;HLSLPERF_ELEMENTS_PER_THREAD=4;HLSLPERF_GROUP_SIZE=512;HLSLPERF_SCAN_BACKEND=1;HLSLPERF_SINGLE_PASS_GROUPS=256;HLSLPERF_SINGLE_PASS_ITEMS_SCALE=4;HLSLPERF_VECTOR_WIDTH=1;HLSLPERF_WAVE_SIZE=64","2.7608;2.8014;2.735;2.752;2.7555;2.731;2.7707;2.749;2.7418;2.8706;2.8161",""
"HLSLPERF_CROWD_BACKEND-2__HLSLPERF_CROWD_TILE_BINS-512__HLSLPERF_CROWD_TILE_REPLICAS-1__HLSLPERF_CROWD_TILE_SIZE-16__HLSLPERF_ELEMENTS_PER_THREAD-4__HLSLPERF_GROUP_SIZE-512__HLSLPERF_SCAN_BACKEND-1__HLSLPERF_SINGLE_PASS_GROUPS-128__HLSLPERF_SINGLE_PASS_ITEMS_SCALE-2__HLSLPERF_VECTOR_WIDTH-4__HLSLPERF_WAVE_SIZE-32",true,true,true,"",,,,,,,,2,3.0544,3.35,0.0436,32957.2467,1.6696,"HLSLPERF_CROWD_BACKEND=2;HLSLPERF_CROWD_TILE_BINS=512;HLSLPERF_CROWD_TILE_REPLICAS=1;HLSLPERF_CROWD_TILE_SIZE=16;HLSLPERF_ELEMENTS_PER_THREAD=4;HLSLPERF_GROUP_SIZE=512;HLSLPERF_SCAN_BACKEND=1;HLSLPERF_SINGLE_PASS_GROUPS=128;HLSLPERF_SINGLE_PASS_ITEMS_SCALE=2;HLSLPERF_VECTOR_WIDTH=4;HLSLPERF_WAVE_SIZE=32","3.0307;3.0637;3.0527;3.0544;3.0369;3.0335;3.05;3.2106;3.0916;3.1209;3.4893",""
"HLSLPERF_CROWD_BACKEND-2__HLSLPERF_CROWD_TILE_BINS-512__HLSLPERF_CROWD_TILE_REPLICAS-2__HLSLPERF_CROWD_TILE_SIZE-16__HLSLPERF_ELEMENTS_PER_THREAD-4__HLSLPERF_GROUP_SIZE-512__HLSLPERF_SCAN_BACKEND-1__HLSLPERF_SINGLE_PASS_GROUPS-128__HLSLPERF_SINGLE_PASS_ITEMS_SCALE-2__HLSLPERF_VECTOR_WIDTH-4__HLSLPERF_WAVE_SIZE-32",true,true,true,"",,,,,,,,2,3.0957,3.332,0.0402,32516.7152,1.6472,"HLSLPERF_CROWD_BACKEND=2;HLSLPERF_CROWD_TILE_BINS=512;HLSLPERF_CROWD_TILE_REPLICAS=2;HLSLPERF_CROWD_TILE_SIZE=16;HLSLPERF_ELEMENTS_PER_THREAD=4;HLSLPERF_GROUP_SIZE=512;HLSLPERF_SCAN_BACKEND=1;HLSLPERF_SINGLE_PASS_GROUPS=128;HLSLPERF_SINGLE_PASS_ITEMS_SCALE=2;HLSLPERF_VECTOR_WIDTH=4;HLSLPERF_WAVE_SIZE=32","3.0957;3.0442;3.0703;3.0305;3.0291;3.0523;3.1943;3.135;3.1332;3.1366;3.4697",""
"HLSLPERF_CROWD_BACKEND-2__HLSLPERF_CROWD_TILE_BINS-512__HLSLPERF_CROWD_TILE_REPLICAS-1__HLSLPERF_CROWD_TILE_SIZE-16__HLSLPERF_ELEMENTS_PER_THREAD-4__HLSLPERF_GROUP_SIZE-512__HLSLPERF_SCAN_BACKEND-1__HLSLPERF_SINGLE_PASS_GROUPS-256__HLSLPERF_SINGLE_PASS_ITEMS_SCALE-2__HLSLPERF_VECTOR_WIDTH-4__HLSLPERF_WAVE_SIZE-32",true,true,true,"",,,,,,,,2,3.0371,3.2695,0.0333,33144.5445,1.679,"HLSLPERF_CROWD_BACKEND=2;HLSLPERF_CROWD_TILE_BINS=512;HLSLPERF_CROWD_TILE_REPLICAS=1;HLSLPERF_CROWD_TILE_SIZE=16;HLSLPERF_ELEMENTS_PER_THREAD=4;HLSLPERF_GROUP_SIZE=512;HLSLPERF_SCAN_BACKEND=1;HLSLPERF_SINGLE_PASS_GROUPS=256;HLSLPERF_SINGLE_PASS_ITEMS_SCALE=2;HLSLPERF_VECTOR_WIDTH=4;HLSLPERF_WAVE_SIZE=32","3.0371;3.016;3.0283;3.0206;3.0216;3.0192;3.2392;3.1547;3.1166;3.2997;3.1967",""
"HLSLPERF_CROWD_BACKEND-2__HLSLPERF_CROWD_TILE_BINS-512__HLSLPERF_CROWD_TILE_REPLICAS-2__HLSLPERF_CROWD_TILE_SIZE-16__HLSLPERF_ELEMENTS_PER_THREAD-4__HLSLPERF_GROUP_SIZE-512__HLSLPERF_SCAN_BACKEND-1__HLSLPERF_SINGLE_PASS_GROUPS-256__HLSLPERF_SINGLE_PASS_ITEMS_SCALE-2__HLSLPERF_VECTOR_WIDTH-4__HLSLPERF_WAVE_SIZE-32",true,true,true,"",,,,,,,,2,3.0624,3.2479,0.0286,32870.9357,1.6652,"HLSLPERF_CROWD_BACKEND=2;HLSLPERF_CROWD_TILE_BINS=512;HLSLPERF_CROWD_TILE_REPLICAS=2;HLSLPERF_CROWD_TILE_SIZE=16;HLSLPERF_ELEMENTS_PER_THREAD=4;HLSLPERF_GROUP_SIZE=512;HLSLPERF_SCAN_BACKEND=1;HLSLPERF_SINGLE_PASS_GROUPS=256;HLSLPERF_SINGLE_PASS_ITEMS_SCALE=2;HLSLPERF_VECTOR_WIDTH=4;HLSLPERF_WAVE_SIZE=32","3.0807;3.0624;3.019;3.0243;3.0383;3.0375;3.0221;3.1841;3.0918;3.083;3.3117",""
"HLSLPERF_CROWD_BACKEND-2__HLSLPERF_CROWD_TILE_BINS-512__HLSLPERF_CROWD_TILE_REPLICAS-1__HLSLPERF_CROWD_TILE_SIZE-16__HLSLPERF_ELEMENTS_PER_THREAD-4__HLSLPERF_GROUP_SIZE-512__HLSLPERF_SCAN_BACKEND-1__HLSLPERF_SINGLE_PASS_GROUPS-128__HLSLPERF_SINGLE_PASS_ITEMS_SCALE-4__HLSLPERF_VECTOR_WIDTH-4__HLSLPERF_WAVE_SIZE-32",true,true,true,"",,,,,,,,2,2.8646,2.9331,0.0129,35140.9278,1.7802,"HLSLPERF_CROWD_BACKEND=2;HLSLPERF_CROWD_TILE_BINS=512;HLSLPERF_CROWD_TILE_REPLICAS=1;HLSLPERF_CROWD_TILE_SIZE=16;HLSLPERF_ELEMENTS_PER_THREAD=4;HLSLPERF_GROUP_SIZE=512;HLSLPERF_SCAN_BACKEND=1;HLSLPERF_SINGLE_PASS_GROUPS=128;HLSLPERF_SINGLE_PASS_ITEMS_SCALE=4;HLSLPERF_VECTOR_WIDTH=4;HLSLPERF_WAVE_SIZE=32","2.888;2.8646;2.8846;2.8614;2.8349;2.8637;2.8453;2.8368;2.9245;2.9244;2.9417",""
"HLSLPERF_CROWD_BACKEND-2__HLSLPERF_CROWD_TILE_BINS-512__HLSLPERF_CROWD_TILE_REPLICAS-2__HLSLPERF_CROWD_TILE_SIZE-16__HLSLPERF_ELEMENTS_PER_THREAD-4__HLSLPERF_GROUP_SIZE-512__HLSLPERF_SCAN_BACKEND-1__HLSLPERF_SINGLE_PASS_GROUPS-128__HLSLPERF_SINGLE_PASS_ITEMS_SCALE-4__HLSLPERF_VECTOR_WIDTH-4__HLSLPERF_WAVE_SIZE-32",true,true,true,"",,,,,,,,2,2.876,2.9615,0.0172,35001.146,1.7731,"HLSLPERF_CROWD_BACKEND=2;HLSLPERF_CROWD_TILE_BINS=512;HLSLPERF_CROWD_TILE_REPLICAS=2;HLSLPERF_CROWD_TILE_SIZE=16;HLSLPERF_ELEMENTS_PER_THREAD=4;HLSLPERF_GROUP_SIZE=512;HLSLPERF_SCAN_BACKEND=1;HLSLPERF_SINGLE_PASS_GROUPS=128;HLSLPERF_SINGLE_PASS_ITEMS_SCALE=4;HLSLPERF_VECTOR_WIDTH=4;HLSLPERF_WAVE_SIZE=32","2.8877;2.8926;2.8577;2.876;2.8473;2.8467;2.8597;2.8316;3.0122;2.9108;2.9094",""
"HLSLPERF_CROWD_BACKEND-2__HLSLPERF_CROWD_TILE_BINS-512__HLSLPERF_CROWD_TILE_REPLICAS-1__HLSLPERF_CROWD_TILE_SIZE-16__HLSLPERF_ELEMENTS_PER_THREAD-4__HLSLPERF_GROUP_SIZE-512__HLSLPERF_SCAN_BACKEND-1__HLSLPERF_SINGLE_PASS_GROUPS-256__HLSLPERF_SINGLE_PASS_ITEMS_SCALE-4__HLSLPERF_VECTOR_WIDTH-4__HLSLPERF_WAVE_SIZE-32",true,true,true,"",,,,,,,,2,2.8435,2.8731,0.0066,35401.6923,1.7934,"HLSLPERF_CROWD_BACKEND=2;HLSLPERF_CROWD_TILE_BINS=512;HLSLPERF_CROWD_TILE_REPLICAS=1;HLSLPERF_CROWD_TILE_SIZE=16;HLSLPERF_ELEMENTS_PER_THREAD=4;HLSLPERF_GROUP_SIZE=512;HLSLPERF_SCAN_BACKEND=1;HLSLPERF_SINGLE_PASS_GROUPS=256;HLSLPERF_SINGLE_PASS_ITEMS_SCALE=4;HLSLPERF_VECTOR_WIDTH=4;HLSLPERF_WAVE_SIZE=32","2.8642;2.882;2.8241;2.8455;2.841;2.8435;2.8153;2.8492;2.857;2.8303;2.8361",""
"HLSLPERF_CROWD_BACKEND-2__HLSLPERF_CROWD_TILE_BINS-512__HLSLPERF_CROWD_TILE_REPLICAS-2__HLSLPERF_CROWD_TILE_SIZE-16__HLSLPERF_ELEMENTS_PER_THREAD-4__HLSLPERF_GROUP_SIZE-512__HLSLPERF_SCAN_BACKEND-1__HLSLPERF_SINGLE_PASS_GROUPS-256__HLSLPERF_SINGLE_PASS_ITEMS_SCALE-4__HLSLPERF_VECTOR_WIDTH-4__HLSLPERF_WAVE_SIZE-32",true,true,true,"",,,,,,,,2,2.8639,2.9014,0.0082,35149.5171,1.7806,"HLSLPERF_CROWD_BACKEND=2;HLSLPERF_CROWD_TILE_BINS=512;HLSLPERF_CROWD_TILE_REPLICAS=2;HLSLPERF_CROWD_TILE_SIZE=16;HLSLPERF_ELEMENTS_PER_THREAD=4;HLSLPERF_GROUP_SIZE=512;HLSLPERF_SCAN_BACKEND=1;HLSLPERF_SINGLE_PASS_GROUPS=256;HLSLPERF_SINGLE_PASS_ITEMS_SCALE=4;HLSLPERF_VECTOR_WIDTH=4;HLSLPERF_WAVE_SIZE=32","2.8709;2.8534;2.8678;2.8455;2.8481;2.8433;2.8323;2.9184;2.8646;2.8639;2.8843",""
"HLSLPERF_CROWD_BACKEND-2__HLSLPERF_CROWD_TILE_BINS-512__HLSLPERF_CROWD_TILE_REPLICAS-1__HLSLPERF_CROWD_TILE_SIZE-16__HLSLPERF_ELEMENTS_PER_THREAD-4__HLSLPERF_GROUP_SIZE-512__HLSLPERF_SCAN_BACKEND-1__HLSLPERF_SINGLE_PASS_GROUPS-128__HLSLPERF_SINGLE_PASS_ITEMS_SCALE-2__HLSLPERF_VECTOR_WIDTH-4__HLSLPERF_WAVE_SIZE-64",true,true,true,"",,,,,,,,2,2.9629,2.9863,0.0072,33974.5844,1.7211,"HLSLPERF_CROWD_BACKEND=2;HLSLPERF_CROWD_TILE_BINS=512;HLSLPERF_CROWD_TILE_REPLICAS=1;HLSLPERF_CROWD_TILE_SIZE=16;HLSLPERF_ELEMENTS_PER_THREAD=4;HLSLPERF_GROUP_SIZE=512;HLSLPERF_SCAN_BACKEND=1;HLSLPERF_SINGLE_PASS_GROUPS=128;HLSLPERF_SINGLE_PASS_ITEMS_SCALE=2;HLSLPERF_VECTOR_WIDTH=4;HLSLPERF_WAVE_SIZE=64","2.9285;2.9518;2.9934;2.9232;2.9438;2.9666;2.9734;2.9792;2.9724;2.9596;2.9629",""
"HLSLPERF_CROWD_BACKEND-2__HLSLPERF_CROWD_TILE_BINS-512__HLSLPERF_CROWD_TILE_REPLICAS-2__HLSLPERF_CROWD_TILE_SIZE-16__HLSLPERF_ELEMENTS_PER_THREAD-4__HLSLPERF_GROUP_SIZE-512__HLSLPERF_SCAN_BACKEND-1__HLSLPERF_SINGLE_PASS_GROUPS-128__HLSLPERF_SINGLE_PASS_ITEMS_SCALE-2__HLSLPERF_VECTOR_WIDTH-4__HLSLPERF_WAVE_SIZE-64",true,true,true,"",,,,,,,,2,2.9552,2.9898,0.0082,34062.8772,1.7256,"HLSLPERF_CROWD_BACKEND=2;HLSLPERF_CROWD_TILE_BINS=512;HLSLPERF_CROWD_TILE_REPLICAS=2;HLSLPERF_CROWD_TILE_SIZE=16;HLSLPERF_ELEMENTS_PER_THREAD=4;HLSLPERF_GROUP_SIZE=512;HLSLPERF_SCAN_BACKEND=1;HLSLPERF_SINGLE_PASS_GROUPS=128;HLSLPERF_SINGLE_PASS_ITEMS_SCALE=2;HLSLPERF_VECTOR_WIDTH=4;HLSLPERF_WAVE_SIZE=64","2.9552;2.9493;2.9869;2.9458;2.9253;2.9148;2.9613;2.967;2.9927;2.9467;2.9807",""
"HLSLPERF_CROWD_BACKEND-2__HLSLPERF_CROWD_TILE_BINS-512__HLSLPERF_CROWD_TILE_REPLICAS-1__HLSLPERF_CROWD_TILE_SIZE-16__HLSLPERF_ELEMENTS_PER_THREAD-4__HLSLPERF_GROUP_SIZE-512__HLSLPERF_SCAN_BACKEND-1__HLSLPERF_SINGLE_PASS_GROUPS-256__HLSLPERF_SINGLE_PASS_ITEMS_SCALE-2__HLSLPERF_VECTOR_WIDTH-4__HLSLPERF_WAVE_SIZE-64",true,true,true,"",,,,,,,,2,2.8021,2.8622,0.0117,35924.7468,1.8199,"HLSLPERF_CROWD_BACKEND=2;HLSLPERF_CROWD_TILE_BINS=512;HLSLPERF_CROWD_TILE_REPLICAS=1;HLSLPERF_CROWD_TILE_SIZE=16;HLSLPERF_ELEMENTS_PER_THREAD=4;HLSLPERF_GROUP_SIZE=512;HLSLPERF_SCAN_BACKEND=1;HLSLPERF_SINGLE_PASS_GROUPS=256;HLSLPERF_SINGLE_PASS_ITEMS_SCALE=2;HLSLPERF_VECTOR_WIDTH=4;HLSLPERF_WAVE_SIZE=64","2.8243;2.8021;2.8004;2.7889;2.7884;2.7999;2.7692;2.8959;2.8134;2.8125;2.8286",""
"HLSLPERF_CROWD_BACKEND-2__HLSLPERF_CROWD_TILE_BINS-512__HLSLPERF_CROWD_TILE_REPLICAS-2__HLSLPERF_CROWD_TILE_SIZE-16__HLSLPERF_ELEMENTS_PER_THREAD-4__HLSLPERF_GROUP_SIZE-512__HLSLPERF_SCAN_BACKEND-1__HLSLPERF_SINGLE_PASS_GROUPS-256__HLSLPERF_SINGLE_PASS_ITEMS_SCALE-2__HLSLPERF_VECTOR_WIDTH-4__HLSLPERF_WAVE_SIZE-64",true,true,true,"",,,,,,,,2,2.8153,2.8561,0.011,35755.5432,1.8113,"HLSLPERF_CROWD_BACKEND=2;HLSLPERF_CROWD_TILE_BINS=512;HLSLPERF_CROWD_TILE_REPLICAS=2;HLSLPERF_CROWD_TILE_SIZE=16;HLSLPERF_ELEMENTS_PER_THREAD=4;HLSLPERF_GROUP_SIZE=512;HLSLPERF_SCAN_BACKEND=1;HLSLPERF_SINGLE_PASS_GROUPS=256;HLSLPERF_SINGLE_PASS_ITEMS_SCALE=2;HLSLPERF_VECTOR_WIDTH=4;HLSLPERF_WAVE_SIZE=64","2.8164;2.7855;2.8197;2.7987;2.8029;2.7795;2.7704;2.8153;2.8859;2.8224;2.8262",""
"HLSLPERF_CROWD_BACKEND-2__HLSLPERF_CROWD_TILE_BINS-512__HLSLPERF_CROWD_TILE_REPLICAS-1__HLSLPERF_CROWD_TILE_SIZE-16__HLSLPERF_ELEMENTS_PER_THREAD-4__HLSLPERF_GROUP_SIZE-512__HLSLPERF_SCAN_BACKEND-1__HLSLPERF_SINGLE_PASS_GROUPS-128__HLSLPERF_SINGLE_PASS_ITEMS_SCALE-4__HLSLPERF_VECTOR_WIDTH-4__HLSLPERF_WAVE_SIZE-64",true,true,true,"",,,,,,,,2,2.8441,2.8797,0.0071,35393.4771,1.793,"HLSLPERF_CROWD_BACKEND=2;HLSLPERF_CROWD_TILE_BINS=512;HLSLPERF_CROWD_TILE_REPLICAS=1;HLSLPERF_CROWD_TILE_SIZE=16;HLSLPERF_ELEMENTS_PER_THREAD=4;HLSLPERF_GROUP_SIZE=512;HLSLPERF_SCAN_BACKEND=1;HLSLPERF_SINGLE_PASS_GROUPS=128;HLSLPERF_SINGLE_PASS_ITEMS_SCALE=4;HLSLPERF_VECTOR_WIDTH=4;HLSLPERF_WAVE_SIZE=64","2.8267;2.8403;2.8778;2.8259;2.8491;2.8529;2.8404;2.8158;2.8441;2.8513;2.8815",""
"HLSLPERF_CROWD_BACKEND-2__HLSLPERF_CROWD_TILE_BINS-512__HLSLPERF_CROWD_TILE_REPLICAS-2__HLSLPERF_CROWD_TILE_SIZE-16__HLSLPERF_ELEMENTS_PER_THREAD-4__HLSLPERF_GROUP_SIZE-512__HLSLPERF_SCAN_BACKEND-1__HLSLPERF_SINGLE_PASS_GROUPS-128__HLSLPERF_SINGLE_PASS_ITEMS_SCALE-4__HLSLPERF_VECTOR_WIDTH-4__HLSLPERF_WAVE_SIZE-64",true,true,true,"",,,,,,,,2,2.8327,2.9353,0.0169,35536.4164,1.8002,"HLSLPERF_CROWD_BACKEND=2;HLSLPERF_CROWD_TILE_BINS=512;HLSLPERF_CROWD_TILE_REPLICAS=2;HLSLPERF_CROWD_TILE_SIZE=16;HLSLPERF_ELEMENTS_PER_THREAD=4;HLSLPERF_GROUP_SIZE=512;HLSLPERF_SCAN_BACKEND=1;HLSLPERF_SINGLE_PASS_GROUPS=128;HLSLPERF_SINGLE_PASS_ITEMS_SCALE=4;HLSLPERF_VECTOR_WIDTH=4;HLSLPERF_WAVE_SIZE=64","2.8392;2.8402;2.8139;2.8074;2.8171;2.8327;2.8276;2.8303;2.9738;2.8968;2.863",""
"HLSLPERF_CROWD_BACKEND-2__HLSLPERF_CROWD_TILE_BINS-512__HLSLPERF_CROWD_TILE_REPLICAS-1__HLSLPERF_CROWD_TILE_SIZE-16__HLSLPERF_ELEMENTS_PER_THREAD-4__HLSLPERF_GROUP_SIZE-512__HLSLPERF_SCAN_BACKEND-1__HLSLPERF_SINGLE_PASS_GROUPS-256__HLSLPERF_SINGLE_PASS_ITEMS_SCALE-4__HLSLPERF_VECTOR_WIDTH-4__HLSLPERF_WAVE_SIZE-64",true,true,true,"",,,,,,,,2,3.1508,3.2275,0.0153,31948.8936,1.6185,"HLSLPERF_CROWD_BACKEND=2;HLSLPERF_CROWD_TILE_BINS=512;HLSLPERF_CROWD_TILE_REPLICAS=1;HLSLPERF_CROWD_TILE_SIZE=16;HLSLPERF_ELEMENTS_PER_THREAD=4;HLSLPERF_GROUP_SIZE=512;HLSLPERF_SCAN_BACKEND=1;HLSLPERF_SINGLE_PASS_GROUPS=256;HLSLPERF_SINGLE_PASS_ITEMS_SCALE=4;HLSLPERF_VECTOR_WIDTH=4;HLSLPERF_WAVE_SIZE=64","3.1651;3.2314;3.139;3.1696;3.1263;3.1926;3.2236;3.0866;3.0929;3.1508;3.1181",""
"HLSLPERF_CROWD_BACKEND-2__HLSLPERF_CROWD_TILE_BINS-512__HLSLPERF_CROWD_TILE_REPLICAS-2__HLSLPERF_CROWD_TILE_SIZE-16__HLSLPERF_ELEMENTS_PER_THREAD-4__HLSLPERF_GROUP_SIZE-512__HLSLPERF_SCAN_BACKEND-1__HLSLPERF_SINGLE_PASS_GROUPS-256__HLSLPERF_SINGLE_PASS_ITEMS_SCALE-4__HLSLPERF_VECTOR_WIDTH-4__HLSLPERF_WAVE_SIZE-64",true,true,true,"",,,,,,,,2,2.8488,2.9066,0.0123,35335.3328,1.79,"HLSLPERF_CROWD_BACKEND=2;HLSLPERF_CROWD_TILE_BINS=512;HLSLPERF_CROWD_TILE_REPLICAS=2;HLSLPERF_CROWD_TILE_SIZE=16;HLSLPERF_ELEMENTS_PER_THREAD=4;HLSLPERF_GROUP_SIZE=512;HLSLPERF_SCAN_BACKEND=1;HLSLPERF_SINGLE_PASS_GROUPS=256;HLSLPERF_SINGLE_PASS_ITEMS_SCALE=4;HLSLPERF_VECTOR_WIDTH=4;HLSLPERF_WAVE_SIZE=64","2.8435;2.8405;2.8733;2.8201;2.819;2.8488;2.816;2.851;2.9371;2.8761;2.8738",""
