candidate_id,compiled,correct,stable,rga_status,max_vgprs_used,max_live_vgprs,max_allocated_vgprs,max_sgprs_used,max_lds_bytes,max_scratch_bytes,min_occupancy_waves_per_simd,dispatches_per_batch,median_gpu_ms,p95_gpu_ms,cv,throughput_mitems_s,speedup_vs_baseline,defines,samples_gpu_ms,error
"HLSLPERF_CROWD_BACKEND-1__HLSLPERF_CROWD_TILE_BINS-512__HLSLPERF_CROWD_TILE_SIZE-16__HLSLPERF_ELEMENTS_PER_THREAD-2__HLSLPERF_GROUP_SIZE-128__HLSLPERF_SCAN_BACKEND-1__HLSLPERF_VECTOR_WIDTH-1",true,true,true,"",,,,,,,,2,3.0685,3.1135,0.009,16402.7949,1.0364,"HLSLPERF_CROWD_BACKEND=1;HLSLPERF_CROWD_TILE_BINS=512;HLSLPERF_CROWD_TILE_SIZE=16;HLSLPERF_ELEMENTS_PER_THREAD=2;HLSLPERF_GROUP_SIZE=128;HLSLPERF_SCAN_BACKEND=1;HLSLPERF_VECTOR_WIDTH=1","3.1157;3.0944;3.1112;3.0734;3.0685;3.087;3.0634;3.0423;3.0346;3.0454;3.0528",""
"HLSLPERF_CROWD_BACKEND-1__HLSLPERF_CROWD_TILE_BINS-512__HLSLPERF_CROWD_TILE_SIZE-16__HLSLPERF_ELEMENTS_PER_THREAD-4__HLSLPERF_GROUP_SIZE-128__HLSLPERF_SCAN_BACKEND-1__HLSLPERF_VECTOR_WIDTH-1",true,true,true,"",,,,,,,,2,3.1745,3.1936,0.004,15854.8845,1.0017,"HLSLPERF_CROWD_BACKEND=1;HLSLPERF_CROWD_TILE_BINS=512;HLSLPERF_CROWD_TILE_SIZE=16;HLSLPERF_ELEMENTS_PER_THREAD=4;HLSLPERF_GROUP_SIZE=128;HLSLPERF_SCAN_BACKEND=1;HLSLPERF_VECTOR_WIDTH=1","3.1568;3.1761;3.1745;3.1974;3.162;3.1586;3.1898;3.1704;3.1733;3.1851;3.1768",""
"HLSLPERF_CROWD_BACKEND-1__HLSLPERF_CROWD_TILE_BINS-512__HLSLPERF_CROWD_TILE_SIZE-16__HLSLPERF_ELEMENTS_PER_THREAD-4__HLSLPERF_GROUP_SIZE-128__HLSLPERF_SCAN_BACKEND-1__HLSLPERF_VECTOR_WIDTH-4",true,true,true,"",,,,,,,,2,3.154,3.1941,0.0059,15957.8344,1.0082,"HLSLPERF_CROWD_BACKEND=1;HLSLPERF_CROWD_TILE_BINS=512;HLSLPERF_CROWD_TILE_SIZE=16;HLSLPERF_ELEMENTS_PER_THREAD=4;HLSLPERF_GROUP_SIZE=128;HLSLPERF_SCAN_BACKEND=1;HLSLPERF_VECTOR_WIDTH=4","3.1476;3.161;3.1822;3.1497;3.1981;3.1522;3.1478;3.1675;3.154;3.1901;3.1477",""
"HLSLPERF_CROWD_BACKEND-1__HLSLPERF_CROWD_TILE_BINS-512__HLSLPERF_CROWD_TILE_SIZE-16__HLSLPERF_ELEMENTS_PER_THREAD-2__HLSLPERF_GROUP_SIZE-256__HLSLPERF_SCAN_BACKEND-1__HLSLPERF_VECTOR_WIDTH-1",true,true,true,"",,,,,,,,2,3.0578,3.0865,0.0043,16459.8697,1.04,"HLSLPERF_CROWD_BACKEND=1;HLSLPERF_CROWD_TILE_BINS=512;HLSLPERF_CROWD_TILE_SIZE=16;HLSLPERF_ELEMENTS_PER_THREAD=2;HLSLPERF_GROUP_SIZE=256;HLSLPERF_SCAN_BACKEND=1;HLSLPERF_VECTOR_WIDTH=1","3.0813;3.0617;3.0667;3.0771;3.0539;3.054;3.0578;3.0502;3.0916;3.0578;3.0575",""
"HLSLPERF_CROWD_BACKEND-1__HLSLPERF_CROWD_TILE_BINS-512__HLSLPERF_CROWD_TILE_SIZE-16__HLSLPERF_ELEMENTS_PER_THREAD-4__HLSLPERF_GROUP_SIZE-256__HLSLPERF_SCAN_BACKEND-1__HLSLPERF_VECTOR_WIDTH-1",true,true,true,"",,,,,,,,2,3.18,3.2053,0.0048,15827.4627,1,"HLSLPERF_CROWD_BACKEND=1;HLSLPERF_CROWD_TILE_BINS=512;HLSLPERF_CROWD_TILE_SIZE=16;HLSLPERF_ELEMENTS_PER_THREAD=4;HLSLPERF_GROUP_SIZE=256;HLSLPERF_SCAN_BACKEND=1;HLSLPERF_VECTOR_WIDTH=1","3.1646;3.1673;3.2047;3.18;3.1883;3.1655;3.174;3.1887;3.1634;3.2058;3.1845",""
"HLSLPERF_CROWD_BACKEND-1__HLSLPERF_CROWD_TILE_BINS-512__HLSLPERF_CROWD_TILE_SIZE-16__HLSLPERF_ELEMENTS_PER_THREAD-4__HLSLPERF_GROUP_SIZE-256__HLSLPERF_SCAN_BACKEND-1__HLSLPERF_VECTOR_WIDTH-4",true,true,true,"",,,,,,,,2,3.1603,3.1914,0.0047,15926.1239,1.0062,"HLSLPERF_CROWD_BACKEND=1;HLSLPERF_CROWD_TILE_BINS=512;HLSLPERF_CROWD_TILE_SIZE=16;HLSLPERF_ELEMENTS_PER_THREAD=4;HLSLPERF_GROUP_SIZE=256;HLSLPERF_SCAN_BACKEND=1;HLSLPERF_VECTOR_WIDTH=4","3.1537;3.1819;3.1632;3.1791;3.1603;3.159;3.2009;3.1725;3.1578;3.1546;3.1569",""
"HLSLPERF_CROWD_BACKEND-1__HLSLPERF_CROWD_TILE_BINS-512__HLSLPERF_CROWD_TILE_SIZE-16__HLSLPERF_ELEMENTS_PER_THREAD-2__HLSLPERF_GROUP_SIZE-512__HLSLPERF_SCAN_BACKEND-1__HLSLPERF_VECTOR_WIDTH-1",true,true,true,"",,,,,,,,2,3.1208,3.1396,0.0039,16127.8031,1.019,"HLSLPERF_CROWD_BACKEND=1;HLSLPERF_CROWD_TILE_BINS=512;HLSLPERF_CROWD_TILE_SIZE=16;HLSLPERF_ELEMENTS_PER_THREAD=2;HLSLPERF_GROUP_SIZE=512;HLSLPERF_SCAN_BACKEND=1;HLSLPERF_VECTOR_WIDTH=1","3.1208;3.109;3.1447;3.1096;3.1067;3.1346;3.1132;3.1291;3.1291;3.1122;3.1231",""
"HLSLPERF_CROWD_BACKEND-1__HLSLPERF_CROWD_TILE_BINS-512__HLSLPERF_CROWD_TILE_SIZE-16__HLSLPERF_ELEMENTS_PER_THREAD-4__HLSLPERF_GROUP_SIZE-512__HLSLPERF_SCAN_BACKEND-1__HLSLPERF_VECTOR_WIDTH-1",true,true,true,"",,,,,,,,2,3.1857,3.2048,0.0045,15799.0445,0.9982,"HLSLPERF_CROWD_BACKEND=1;HLSLPERF_CROWD_TILE_BINS=512;HLSLPERF_CROWD_TILE_SIZE=16;HLSLPERF_ELEMENTS_PER_THREAD=4;HLSLPERF_GROUP_SIZE=512;HLSLPERF_SCAN_BACKEND=1;HLSLPERF_VECTOR_WIDTH=1","3.2042;3.1857;3.1821;3.1695;3.2055;3.176;3.2025;3.1669;3.1868;3.1693;3.1897",""
"HLSLPERF_CROWD_BACKEND-1__HLSLPERF_CROWD_TILE_BINS-512__HLSLPERF_CROWD_TILE_SIZE-16__HLSLPERF_ELEMENTS_PER_THREAD-4__HLSLPERF_GROUP_SIZE-512__HLSLPERF_SCAN_BACKEND-1__HLSLPERF_VECTOR_WIDTH-4",true,true,true,"",,,,,,,,2,3.1457,3.1661,0.0043,15999.939,1.0109,"HLSLPERF_CROWD_BACKEND=1;HLSLPERF_CROWD_TILE_BINS=512;HLSLPERF_CROWD_TILE_SIZE=16;HLSLPERF_ELEMENTS_PER_THREAD=4;HLSLPERF_GROUP_SIZE=512;HLSLPERF_SCAN_BACKEND=1;HLSLPERF_VECTOR_WIDTH=4","3.1711;3.1406;3.1457;3.1348;3.1554;3.1611;3.1379;3.1382;3.157;3.127;3.1579",""
"HLSLPERF_CROWD_BACKEND-2__HLSLPERF_CROWD_TILE_BINS-512__HLSLPERF_CROWD_TILE_REPLICAS-1__HLSLPERF_CROWD_TILE_SIZE-16__HLSLPERF_ELEMENTS_PER_THREAD-2__HLSLPERF_GROUP_SIZE-128__HLSLPERF_SCAN_BACKEND-1__HLSLPERF_SINGLE_PASS_GROUPS-128__HLSLPERF_SINGLE_PASS_ITEMS_SCALE-2__HLSLPERF_VECTOR_WIDTH-1__HLSLPERF_WAVE_SIZE-32",true,true,true,"",,,,,,,,2,4.5595,4.6101,0.0061,11038.8041,0.6974,"HLSLPERF_CROWD_BACKEND=2;HLSLPERF_CROWD_TILE_BINS=512;HLSLPERF_CROWD_TILE_REPLICAS=1;HLSLPERF_CROWD_TILE_SIZE=16;HLSLPERF_ELEMENTS_PER_THREAD=2;HLSLPERF_GROUP_SIZE=128;HLSLPERF_SCAN_BACKEND=1;HLSLPERF_SINGLE_PASS_GROUPS=128;HLSLPERF_SINGLE_PASS_ITEMS_SCALE=2;HLSLPERF_VECTOR_WIDTH=1;HLSLPERF_WAVE_SIZE=32","4.5595;4.5585;4.5451;4.547;4.647;4.5581;4.5619;4.5674;4.5689;4.5731;4.5538",""
"HLSLPERF_CROWD_BACKEND-2__HLSLPERF_CROWD_TILE_BINS-512__HLSLPERF_CROWD_TILE_REPLICAS-2__HLSLPERF_CROWD_TILE_SIZE-16__HLSLPERF_ELEMENTS_PER_THREAD-2__HLSLPERF_GROUP_SIZE-128__HLSLPERF_SCAN_BACKEND-1__HLSLPERF_SINGLE_PASS_GROUPS-128__HLSLPERF_SINGLE_PASS_ITEMS_SCALE-2__HLSLPERF_VECTOR_WIDTH-1__HLSLPERF_WAVE_SIZE-32",true,true,true,"",,,,,,,,2,4.5789,4.6149,0.0049,10992.1308,0.6945,"HLSLPERF_CROWD_BACKEND=2;HLSLPERF_CROWD_TILE_BINS=512;HLSLPERF_CROWD_TILE_REPLICAS=2;HLSLPERF_CROWD_TILE_SIZE=16;HLSLPERF_ELEMENTS_PER_THREAD=2;HLSLPERF_GROUP_SIZE=128;HLSLPERF_SCAN_BACKEND=1;HLSLPERF_SINGLE_PASS_GROUPS=128;HLSLPERF_SINGLE_PASS_ITEMS_SCALE=2;HLSLPERF_VECTOR_WIDTH=1;HLSLPERF_WAVE_SIZE=32","4.6032;4.57;4.5768;4.5826;4.5821;4.5789;4.5638;4.6173;4.5502;4.6126;4.5511",""
"HLSLPERF_CROWD_BACKEND-2__HLSLPERF_CROWD_TILE_BINS-512__HLSLPERF_CROWD_TILE_REPLICAS-1__HLSLPERF_CROWD_TILE_SIZE-16__HLSLPERF_ELEMENTS_PER_THREAD-2__HLSLPERF_GROUP_SIZE-128__HLSLPERF_SCAN_BACKEND-1__HLSLPERF_SINGLE_PASS_GROUPS-256__HLSLPERF_SINGLE_PASS_ITEMS_SCALE-2__HLSLPERF_VECTOR_WIDTH-1__HLSLPERF_WAVE_SIZE-32",true,true,true,"",,,,,,,,2,4.2919,4.3202,0.0194,11727.0704,0.7409,"HLSLPERF_CROWD_BACKEND=2;HLSLPERF_CROWD_TILE_BINS=512;HLSLPERF_CROWD_TILE_REPLICAS=1;HLSLPERF_CROWD_TILE_SIZE=16;HLSLPERF_ELEMENTS_PER_THREAD=2;HLSLPERF_GROUP_SIZE=128;HLSLPERF_SCAN_BACKEND=1;HLSLPERF_SINGLE_PASS_GROUPS=256;HLSLPERF_SINGLE_PASS_ITEMS_SCALE=2;HLSLPERF_VECTOR_WIDTH=1;HLSLPERF_WAVE_SIZE=32","4.053;4.3057;4.1694;4.3243;4.3006;4.2919;4.28;4.3161;4.2564;4.2953;4.199",""
"HLSLPERF_CROWD_BACKEND-2__HLSLPERF_CROWD_TILE_BINS-512__HLSLPERF_CROWD_TILE_REPLICAS-2__HLSLPERF_CROWD_TILE_SIZE-16__HLSLPERF_ELEMENTS_PER_THREAD-2__HLSLPERF_GROUP_SIZE-128__HLSLPERF_SCAN_BACKEND-1__HLSLPERF_SINGLE_PASS_GROUPS-256__HLSLPERF_SINGLE_PASS_ITEMS_SCALE-2__HLSLPERF_VECTOR_WIDTH-1__HLSLPERF_WAVE_SIZE-32",true,true,true,"",,,,,,,,2,4.2223,4.2889,0.0094,11920.3774,0.7531,"HLSLPERF_CROWD_BACKEND=2;HLSLPERF_CROWD_TILE_BINS=512;HLSLPERF_CROWD_TILE_REPLICAS=2;HLSLPERF_CROWD_TILE_SIZE=16;HLSLPERF_ELEMENTS_PER_THREAD=2;HLSLPERF_GROUP_SIZE=128;HLSLPERF_SCAN_BACKEND=1;HLSLPERF_SINGLE_PASS_GROUPS=256;HLSLPERF_SINGLE_PASS_ITEMS_SCALE=2;HLSLPERF_VECTOR_WIDTH=1;HLSLPERF_WAVE_SIZE=32","4.2223;4.2107;4.2193;4.2929;4.2223;4.1989;4.2355;4.249;4.271;4.2849;4.1567",""
"HLSLPERF_CROWD_BACKEND-2__HLSLPERF_CROWD_TILE_BINS-512__HLSLPERF_CROWD_TILE_REPLICAS-1__HLSLPERF_CROWD_TILE_SIZE-16__HLSLPERF_ELEMENTS_PER_THREAD-2__HLSLPERF_GROUP_SIZE-128__HLSLPERF_SCAN_BACKEND-1__HLSLPERF_SINGLE_PASS_GROUPS-128__HLSLPERF_SINGLE_PASS_ITEMS_SCALE-4__HLSLPERF_VECTOR_WIDTH-1__HLSLPERF_WAVE_SIZE-32",true,true,true,"",,,,,,,,2,3.32,3.4125,0.0204,15159.9523,0.9578,"HLSLPERF_CROWD_BACKEND=2;HLSLPERF_CROWD_TILE_BINS=512;HLSLPERF_CROWD_TILE_REPLICAS=1;HLSLPERF_CROWD_TILE_SIZE=16;HLSLPERF_ELEMENTS_PER_THREAD=2;HLSLPERF_GROUP_SIZE=128;HLSLPERF_SCAN_BACKEND=1;HLSLPERF_SINGLE_PASS_GROUPS=128;HLSLPERF_SINGLE_PASS_ITEMS_SCALE=4;HLSLPERF_VECTOR_WIDTH=1;HLSLPERF_WAVE_SIZE=32","3.2612;3.2446;3.2562;3.2588;3.255;3.3615;3.32;3.3328;3.3871;3.4379;3.3857",""
"HLSLPERF_CROWD_BACKEND-2__HLSLPERF_CROWD_TILE_BINS-512__HLSLPERF_CROWD_TILE_REPLICAS-2__HLSLPERF_CROWD_TILE_SIZE-16__HLSLPERF_ELEMENTS_PER_THREAD-2__HLSLPERF_GROUP_SIZE-128__HLSLPERF_SCAN_BACKEND-1__HLSLPERF_SINGLE_PASS_GROUPS-128__HLSLPERF_SINGLE_PASS_ITEMS_SCALE-4__HLSLPERF_VECTOR_WIDTH-1__HLSLPERF_WAVE_SIZE-32",true,true,true,"",,,,,,,,2,3.3047,3.4674,0.0297,15230.415,0.9623,"HLSLPERF_CROWD_BACKEND=2;HLSLPERF_CROWD_TILE_BINS=512;HLSLPERF_CROWD_TILE_REPLICAS=2;HLSLPERF_CROWD_TILE_SIZE=16;HLSLPERF_ELEMENTS_PER_THREAD=2;HLSLPERF_GROUP_SIZE=128;HLSLPERF_SCAN_BACKEND=1;HLSLPERF_SINGLE_PASS_GROUPS=128;HLSLPERF_SINGLE_PASS_ITEMS_SCALE=4;HLSLPERF_VECTOR_WIDTH=1;HLSLPERF_WAVE_SIZE=32","3.252;3.2286;3.2244;3.2176;3.2464;3.4202;3.3301;3.3047;3.3971;3.3888;3.5146",""
"HLSLPERF_CROWD_BACKEND-2__HLSLPERF_CROWD_TILE_BINS-512__HLSLPERF_CROWD_TILE_REPLICAS-1__HLSLPERF_CROWD_TILE_SIZE-16__HLSLPERF_ELEMENTS_PER_THREAD-2__HLSLPERF_GROUP_SIZE-128__HLSLPERF_SCAN_BACKEND-1__HLSLPERF_SINGLE_PASS_GROUPS-256__HLSLPERF_SINGLE_PASS_ITEMS_SCALE-4__HLSLPERF_VECTOR_WIDTH-1__HLSLPERF_WAVE_SIZE-32",true,true,true,"",,,,,,,,2,2.9768,3.0493,0.0194,16908.0846,1.0683,"HLSLPERF_CROWD_BACKEND=2;HLSLPERF_CROWD_TILE_BINS=512;HLSLPERF_CROWD_TILE_REPLICAS=1;HLSLPERF_CROWD_TILE_SIZE=16;HLSLPERF_ELEMENTS_PER_THREAD=2;HLSLPERF_GROUP_SIZE=128;HLSLPERF_SCAN_BACKEND=1;HLSLPERF_SINGLE_PASS_GROUPS=256;HLSLPERF_SINGLE_PASS_ITEMS_SCALE=4;HLSLPERF_VECTOR_WIDTH=1;HLSLPERF_WAVE_SIZE=32","2.8394;3.0119;3.0623;2.9876;2.9686;2.9768;2.9855;3.0363;2.9648;2.9351;2.9663",""
"HLSLPERF_CROWD_BACKEND-2__HLSLPERF_CROWD_TILE_BINS-512__HLSLPERF_CROWD_TILE_REPLICAS-2__HLSLPERF_CROWD_TILE_SIZE-16__HLSLPERF_ELEMENTS_PER_THREAD-2__HLSLPERF_GROUP_SIZE-128__HLSLPERF_SCAN_BACKEND-1__HLSLPERF_SINGLE_PASS_GROUPS-256__HLSLPERF_SINGLE_PASS_ITEMS_SCALE-4__HLSLPERF_VECTOR_WIDTH-1__HLSLPERF_WAVE_SIZE-32",true,true,true,"",,,,,,,,2,2.7741,2.8743,0.0168,18143.2844,1.1463,"HLSLPERF_CROWD_BACKEND=2;HLSLPERF_CROWD_TILE_BINS=512;HLSLPERF_CROWD_TILE_REPLICAS=2;HLSLPERF_CROWD_TILE_SIZE=16;HLSLPERF_ELEMENTS_PER_THREAD=2;HLSLPERF_GROUP_SIZE=128;HLSLPERF_SCAN_BACKEND=1;HLSLPERF_SINGLE_PASS_GROUPS=256;HLSLPERF_SINGLE_PASS_ITEMS_SCALE=4;HLSLPERF_VECTOR_WIDTH=1;HLSLPERF_WAVE_SIZE=32","2.7659;2.7563;2.7741;2.7915;2.7695;2.7639;2.8061;2.7689;2.8867;2.8619;2.8611",""
"HLSLPERF_CROWD_BACKEND-2__HLSLPERF_CROWD_TILE_BINS-512__HLSLPERF_CROWD_TILE_REPLICAS-1__HLSLPERF_CROWD_TILE_SIZE-16__HLSLPERF_ELEMENTS_PER_THREAD-2__HLSLPERF_GROUP_SIZE-128__HLSLPERF_SCAN_BACKEND-1__HLSLPERF_SINGLE_PASS_GROUPS-128__HLSLPERF_SINGLE_PASS_ITEMS_SCALE-2__HLSLPERF_VECTOR_WIDTH-1__HLSLPERF_WAVE_SIZE-64",true,true,true,"",,,,,,,,2,4.5866,5.1977,0.0593,10973.725,0.6933,"HLSLPERF_CROWD_BACKEND=2;HLSLPERF_CROWD_TILE_BINS=512;HLSLPERF_CROWD_TILE_REPLICAS=1;HLSLPERF_CROWD_TILE_SIZE=16;HLSLPERF_ELEMENTS_PER_THREAD=2;HLSLPERF_GROUP_SIZE=128;HLSLPERF_SCAN_BACKEND=1;HLSLPERF_SINGLE_PASS_GROUPS=128;HLSLPERF_SINGLE_PASS_ITEMS_SCALE=2;HLSLPERF_VECTOR_WIDTH=1;HLSLPERF_WAVE_SIZE=64","4.5718;4.571;4.5488;4.5866;4.5422;4.5857;4.5996;4.628;5.2308;5.1373;5.1646",""
"HLSLPERF_CROWD_BACKEND-2__HLSLPERF_CROWD_TILE_BINS-512__HLSLPERF_CROWD_TILE_REPLICAS-2__HLSLPERF_CROWD_TILE_SIZE-16__HLSLPERF_ELEMENTS_PER_THREAD-2__HLSLPERF_GROUP_SIZE-128__HLSLPERF_SCAN_BACKEND-1__HLSLPERF_SINGLE_PASS_GROUPS-128__HLSLPERF_SINGLE_PASS_ITEMS_SCALE-2__HLSLPERF_VECTOR_WIDTH-1__HLSLPERF_WAVE_SIZE-64",true,true,true,"",,,,,,,,1,5.1516,5.2288,0.0109,9770.1002,0.6173,"HLSLPERF_CROWD_BACKEND=2;HLSLPERF_CROWD_TILE_BINS=512;HLSLPERF_CROWD_TILE_REPLICAS=2;HLSLPERF_CROWD_TILE_SIZE=16;HLSLPERF_ELEMENTS_PER_THREAD=2;HLSLPERF_GROUP_SIZE=128;HLSLPERF_SCAN_BACKEND=1;HLSLPERF_SINGLE_PASS_GROUPS=128;HLSLPERF_SINGLE_PASS_ITEMS_SCALE=2;HLSLPERF_VECTOR_WIDTH=1;HLSLPERF_WAVE_SIZE=64","5.1358;5.1865;5.123;5.224;5.1531;5.0661;5.0788;5.2335;5.1516;5.1356;5.2191",""
"HLSLPERF_CROWD_BACKEND-2__HLSLPERF_CROWD_TILE_BINS-512__HLSLPERF_CROWD_TILE_REPLICAS-1__HLSLPERF_CROWD_TILE_SIZE-16__HLSLPERF_ELEMENTS_PER_THREAD-2__HLSLPERF_GROUP_SIZE-128__HLSLPERF_SCAN_BACKEND-1__HLSLPERF_SINGLE_PASS_GROUPS-256__HLSLPERF_SINGLE_PASS_ITEMS_SCALE-2__HLSLPERF_VECTOR_WIDTH-1__HLSLPERF_WAVE_SIZE-64",true,true,true,"",,,,,,,,2,4.2647,4.2894,0.009,11801.9199,0.7457,"HLSLPERF_CROWD_BACKEND=2;HLSLPERF_CROWD_TILE_BINS=512;HLSLPERF_CROWD_TILE_REPLICAS=1;HLSLPERF_CROWD_TILE_SIZE=16;HLSLPERF_ELEMENTS_PER_THREAD=2;HLSLPERF_GROUP_SIZE=128;HLSLPERF_SCAN_BACKEND=1;HLSLPERF_SINGLE_PASS_GROUPS=256;HLSLPERF_SINGLE_PASS_ITEMS_SCALE=2;HLSLPERF_VECTOR_WIDTH=1;HLSLPERF_WAVE_SIZE=64","4.1935;4.2778;4.2932;4.2248;4.2505;4.2737;4.1931;4.2647;4.2856;4.2781;4.2052",""
"HLSLPERF_CROWD_BACKEND-2__HLSLPERF_CROWD_TILE_BINS-512__HLSLPERF_CROWD_TILE_REPLICAS-2__HLSLPERF_CROWD_TILE_SIZE-16__HLSLPERF_ELEMENTS_PER_THREAD-2__HLSLPERF_GROUP_SIZE-128__HLSLPERF_SCAN_BACKEND-1__HLSLPERF_SINGLE_PASS_GROUPS-256__HLSLPERF_SINGLE_PASS_ITEMS_SCALE-2__HLSLPERF_VECTOR_WIDTH-1__HLSLPERF_WAVE_SIZE-64",true,true,true,"",,,,,,,,2,4.1599,4.1945,0.0069,12099.1284,0.7644,"HLSLPERF_CROWD_BACKEND=2;HLSLPERF_CROWD_TILE_BINS=512;HLSLPERF_CROWD_TILE_REPLICAS=2;HLSLPERF_CROWD_TILE_SIZE=16;HLSLPERF_ELEMENTS_PER_THREAD=2;HLSLPERF_GROUP_SIZE=128;HLSLPERF_SCAN_BACKEND=1;HLSLPERF_SINGLE_PASS_GROUPS=256;HLSLPERF_SINGLE_PASS_ITEMS_SCALE=2;HLSLPERF_VECTOR_WIDTH=1;HLSLPERF_WAVE_SIZE=64","4.1152;4.1401;4.1548;4.1883;4.1891;4.1595;4.1197;4.1725;4.1927;4.1599;4.1962",""
"HLSLPERF_CROWD_BACKEND-2__HLSLPERF_CROWD_TILE_BINS-512__HLSLPERF_CROWD_TILE_REPLICAS-1__HLSLPERF_CROWD_TILE_SIZE-16__HLSLPERF_ELEMENTS_PER_THREAD-2__HLSLPERF_GROUP_SIZE-128__HLSLPERF_SCAN_BACKEND-1__HLSLPERF_SINGLE_PASS_GROUPS-128__HLSLPERF_SINGLE_PASS_ITEMS_SCALE-4__HLSLPERF_VECTOR_WIDTH-1__HLSLPERF_WAVE_SIZE-64",true,true,true,"",,,,,,,,2,3.3147,3.521,0.0284,15184.4667,0.9594,"HLSLPERF_CROWD_BACKEND=2;HLSLPERF_CROWD_TILE_BINS=512;HLSLPERF_CROWD_TILE_REPLICAS=1;HLSLPERF_CROWD_TILE_SIZE=16;HLSLPERF_ELEMENTS_PER_THREAD=2;HLSLPERF_GROUP_SIZE=128;HLSLPERF_SCAN_BACKEND=1;HLSLPERF_SINGLE_PASS_GROUPS=128;HLSLPERF_SINGLE_PASS_ITEMS_SCALE=4;HLSLPERF_VECTOR_WIDTH=1;HLSLPERF_WAVE_SIZE=64","3.3147;3.3791;3.2795;3.3373;3.3711;3.3126;3.6061;3.2972;3.3018;3.2865;3.436",""
"HLSLPERF_CROWD_BACKEND-2__HLSLPERF_CROWD_TILE_BINS-512__HLSLPERF_CROWD_TILE_REPLICAS-2__HLSLPERF_CROWD_TILE_SIZE-16__HLSLPERF_ELEMENTS_PER_THREAD-2__HLSLPERF_GROUP_SIZE-128__HLSLPERF_SCAN_BACKEND-1__HLSLPERF_SINGLE_PASS_GROUPS-128__HLSLPERF_SINGLE_PASS_ITEMS_SCALE-4__HLSLPERF_VECTOR_WIDTH-1__HLSLPERF_WAVE_SIZE-64",true,true,true,"",,,,,,,,2,3.2323,3.4186,0.0273,15571.2728,0.9838,"HLSLPERF_CROWD_BACKEND=2;HLSLPERF_CROWD_TILE_BINS=512;HLSLPERF_CROWD_TILE_REPLICAS=2;HLSLPERF_CROWD_TILE_SIZE=16;HLSLPERF_ELEMENTS_PER_THREAD=2;HLSLPERF_GROUP_SIZE=128;HLSLPERF_SCAN_BACKEND=1;HLSLPERF_SINGLE_PASS_GROUPS=128;HLSLPERF_SINGLE_PASS_ITEMS_SCALE=4;HLSLPERF_VECTOR_WIDTH=1;HLSLPERF_WAVE_SIZE=64","3.2092;3.1968;3.2131;3.1879;3.1922;3.2323;3.3119;3.2892;3.2953;3.4754;3.3618",""
"HLSLPERF_CROWD_BACKEND-2__HLSLPERF_CROWD_TILE_BINS-512__HLSLPERF_CROWD_TILE_REPLICAS-1__HLSLPERF_CROWD_TILE_SIZE-16__HLSLPERF_ELEMENTS_PER_THREAD-2__HLSLPERF_GROUP_SIZE-128__HLSLPERF_SCAN_BACKEND-1__HLSLPERF_SINGLE_PASS_GROUPS-256__HLSLPERF_SINGLE_PASS_ITEMS_SCALE-4__HLSLPERF_VECTOR_WIDTH-1__HLSLPERF_WAVE_SIZE-64",true,true,true,"",,,,,,,,2,2.8838,2.9916,0.0226,17452.996,1.1027,"HLSLPERF_CROWD_BACKEND=2;HLSLPERF_CROWD_TILE_BINS=512;HLSLPERF_CROWD_TILE_REPLICAS=1;HLSLPERF_CROWD_TILE_SIZE=16;HLSLPERF_ELEMENTS_PER_THREAD=2;HLSLPERF_GROUP_SIZE=128;HLSLPERF_SCAN_BACKEND=1;HLSLPERF_SINGLE_PASS_GROUPS=256;HLSLPERF_SINGLE_PASS_ITEMS_SCALE=4;HLSLPERF_VECTOR_WIDTH=1;HLSLPERF_WAVE_SIZE=64","2.8153;2.8142;3.0338;2.9157;2.9166;2.8838;2.8225;2.8962;2.8636;2.873;2.9494",""
"HLSLPERF_CROWD_BACKEND-2__HLSLPERF_CROWD_TILE_BINS-512__HLSLPERF_CROWD_TILE_REPLICAS-2__HLSLPERF_CROWD_TILE_SIZE-16__HLSLPERF_ELEMENTS_PER_THREAD-2__HLSLPERF_GROUP_SIZE-128__HLSLPERF_SCAN_BACKEND-1__HLSLPERF_SINGLE_PASS_GROUPS-256__HLSLPERF_SINGLE_PASS_ITEMS_SCALE-4__HLSLPERF_VECTOR_WIDTH-1__HLSLPERF_WAVE_SIZE-64",true,true,true,"",,,,,,,,2,2.8745,2.9927,0.0204,17509.4617,1.1063,"HLSLPERF_CROWD_BACKEND=2;HLSLPERF_CROWD_TILE_BINS=512;HLSLPERF_CROWD_TILE_REPLICAS=2;HLSLPERF_CROWD_TILE_SIZE=16;HLSLPERF_ELEMENTS_PER_THREAD=2;HLSLPERF_GROUP_SIZE=128;HLSLPERF_SCAN_BACKEND=1;HLSLPERF_SINGLE_PASS_GROUPS=256;HLSLPERF_SINGLE_PASS_ITEMS_SCALE=4;HLSLPERF_VECTOR_WIDTH=1;HLSLPERF_WAVE_SIZE=64","2.9882;2.831;2.8663;2.9249;2.8706;2.8406;2.9972;2.8745;2.9649;2.8615;2.8775",""
"HLSLPERF_CROWD_BACKEND-2__HLSLPERF_CROWD_TILE_BINS-512__HLSLPERF_CROWD_TILE_REPLICAS-1__HLSLPERF_CROWD_TILE_SIZE-16__HLSLPERF_ELEMENTS_PER_THREAD-4__HLSLPERF_GROUP_SIZE-128__HLSLPERF_SCAN_BACKEND-1__HLSLPERF_SINGLE_PASS_GROUPS-128__HLSLPERF_SINGLE_PASS_ITEMS_SCALE-2__HLSLPERF_VECTOR_WIDTH-1__HLSLPERF_WAVE_SIZE-32",true,true,true,"",,,,,,,,2,3.3194,3.4274,0.0243,15162.7839,0.958,"HLSLPERF_CROWD_BACKEND=2;HLSLPERF_CROWD_TILE_BINS=512;HLSLPERF_CROWD_TILE_REPLICAS=1;HLSLPERF_CROWD_TILE_SIZE=16;HLSLPERF_ELEMENTS_PER_THREAD=4;HLSLPERF_GROUP_SIZE=128;HLSLPERF_SCAN_BACKEND=1;HLSLPERF_SINGLE_PASS_GROUPS=128;HLSLPERF_SINGLE_PASS_ITEMS_SCALE=2;HLSLPERF_VECTOR_WIDTH=1;HLSLPERF_WAVE_SIZE=32","3.2555;3.2214;3.2477;3.2391;3.2468;3.3829;3.3194;3.3288;3.3855;3.3911;3.4637",""
"HLSLPERF_CROWD_BACKEND-2__HLSLPERF_CROWD_TILE_BINS-512__HLSLPERF_CROWD_TILE_REPLICAS-2__HLSLPERF_CROWD_TILE_SIZE-16__HLSLPERF_ELEMENTS_PER_THREAD-4__HLSLPERF_GROUP_SIZE-128__HLSLPERF_SCAN_BACKEND-1__HLSLPERF_SINGLE_PASS_GROUPS-128__HLSLPERF_SINGLE_PASS_ITEMS_SCALE-2__HLSLPERF_VECTOR_WIDTH-1__HLSLPERF_WAVE_SIZE-32",true,true,true,"",,,,,,,,2,3.3444,3.4263,0.0122,15049.35,0.9508,"HLSLPERF_CROWD_BACKEND=2;HLSLPERF_CROWD_TILE_BINS=512;HLSLPERF_CROWD_TILE_REPLICAS=2;HLSLPERF_CROWD_TILE_SIZE=16;HLSLPERF_ELEMENTS_PER_THREAD=4;HLSLPERF_GROUP_SIZE=128;HLSLPERF_SCAN_BACKEND=1;HLSLPERF_SINGLE_PASS_GROUPS=128;HLSLPERF_SINGLE_PASS_ITEMS_SCALE=2;HLSLPERF_VECTOR_WIDTH=1;HLSLPERF_WAVE_SIZE=32","3.3428;3.3444;3.348;3.3577;3.3395;3.4212;3.34;3.304;3.3838;3.3073;3.4314",""
"HLSLPERF_CROWD_BACKEND-2__HLSLPERF_CROWD_TILE_BINS-512__HLSLPERF_CROWD_TILE_REPLICAS-1__HLSLPERF_CROWD_TILE_SIZE-16__HLSLPERF_ELEMENTS_PER_THREAD-4__HLSLPERF_GROUP_SIZE-128__HLSLPERF_SCAN_BACKEND-1__HLSLPERF_SINGLE_PASS_GROUPS-256__HLSLPERF_SINGLE_PASS_ITEMS_SCALE-2__HLSLPERF_VECTOR_WIDTH-1__HLSLPERF_WAVE_SIZE-32",true,true,true,"",,,,,,,,2,2.7747,2.893,0.0204,18139.4918,1.1461,"HLSLPERF_CROWD_BACKEND=2;HLSLPERF_CROWD_TILE_BINS=512;HLSLPERF_CROWD_TILE_REPLICAS=1;HLSLPERF_CROWD_TILE_SIZE=16;HLSLPERF_ELEMENTS_PER_THREAD=4;HLSLPERF_GROUP_SIZE=128;HLSLPERF_SCAN_BACKEND=1;HLSLPERF_SINGLE_PASS_GROUPS=256;HLSLPERF_SINGLE_PASS_ITEMS_SCALE=2;HLSLPERF_VECTOR_WIDTH=1;HLSLPERF_WAVE_SIZE=32","2.7747;2.86;2.7663;2.7564;2.7541;2.7534;2.7727;2.7976;2.9151;2.8709;2.8505",""
"HLSLPERF_CROWD_BACKEND-2__HLSLPERF_CROWD_TILE_BINS-512__HLSLPERF_CROWD_TILE_REPLICAS-2__HLSLPERF_CROWD_TILE_SIZE-16__HLSLPERF_ELEMENTS_PER_THREAD-4__HLSLPERF_GROUP_SIZE-128__HLSLPERF_SCAN_BACKEND-1__HLSLPERF_SINGLE_PASS_GROUPS-256__HLSLPERF_SINGLE_PASS_ITEMS_SCALE-2__HLSLPERF_VECTOR_WIDTH-1__HLSLPERF_WAVE_SIZE-32",true,true,true,"",,,,,,,,2,3.0083,3.0955,0.0141,16730.7046,1.0571,"HLSLPERF_CROWD_BACKEND=2;HLSLPERF_CROWD_TILE_BINS=512;HLSLPERF_CROWD_TILE_REPLICAS=2;HLSLPERF_CROWD_TILE_SIZE=16;HLSLPERF_ELEMENTS_PER_THREAD=4;HLSLPERF_GROUP_SIZE=128;HLSLPERF_SCAN_BACKEND=1;HLSLPERF_SINGLE_PASS_GROUPS=256;HLSLPERF_SINGLE_PASS_ITEMS_SCALE=2;HLSLPERF_VECTOR_WIDTH=1;HLSLPERF_WAVE_SIZE=32","3.0113;2.9762;2.994;2.9747;3.0083;3.0132;3.0149;3.098;3.0075;2.9779;3.0929",""
"HLSLPERF_CROWD_BACKEND-2__HLSLPERF_CROWD_TILE_BINS-512__HLSLPERF_CROWD_TILE_REPLICAS-1__HLSLPERF_CROWD_TILE_SIZE-16__HLSLPERF_ELEMENTS_PER_THREAD-4__HLSLPERF_GROUP_SIZE-128__HLSLPERF_SCAN_BACKEND-1__HLSLPERF_SINGLE_PASS_GROUPS-128__HLSLPERF_SINGLE_PASS_ITEMS_SCALE-4__HLSLPERF_VECTOR_WIDTH-1__HLSLPERF_WAVE_SIZE-32",true,true,true,"",,,,,,,,2,2.7505,2.7883,0.0149,18298.8242,1.1561,"HLSLPERF_CROWD_BACKEND=2;HLSLPERF_CROWD_TILE_BINS=512;HLSLPERF_CROWD_TILE_REPLICAS=1;HLSLPERF_CROWD_TILE_SIZE=16;HLSLPERF_ELEMENTS_PER_THREAD=4;HLSLPERF_GROUP_SIZE=128;HLSLPERF_SCAN_BACKEND=1;HLSLPERF_SINGLE_PASS_GROUPS=128;HLSLPERF_SINGLE_PASS_ITEMS_SCALE=4;HLSLPERF_VECTOR_WIDTH=1;HLSLPERF_WAVE_SIZE=32","2.7873;2.7426;2.7694;2.7893;2.6578;2.6958;2.7505;2.7618;2.7537;2.7473;2.6987",""
"HLSLPERF_CROWD_BACKEND-2__HLSLPERF_CROWD_TILE_BINS-512__HLSLPERF_CROWD_TILE_REPLICAS-2__HLSLPERF_CROWD_TILE_SIZE-16__HLSLPERF_ELEMENTS_PER_THREAD-4__HLSLPERF_GROUP_SIZE-128__HLSLPERF_SCAN_BACKEND-1__HLSLPERF_SINGLE_PASS_GROUPS-128__HLSLPERF_SINGLE_PASS_ITEMS_SCALE-4__HLSLPERF_VECTOR_WIDTH-1__HLSLPERF_WAVE_SIZE-32",true,true,true,"",,,,,,,,2,2.6883,2.7573,0.0147,18722.3426,1.1829,"HLSLPERF_CROWD_BACKEND=2;HLSLPERF_CROWD_TILE_BINS=512;HLSLPERF_CROWD_TILE_REPLICAS=2;HLSLPERF_CROWD_TILE_SIZE=16;HLSLPERF_ELEMENTS_PER_THREAD=4;HLSLPERF_GROUP_SIZE=128;HLSLPERF_SCAN_BACKEND=1;HLSLPERF_SINGLE_PASS_GROUPS=128;HLSLPERF_SINGLE_PASS_ITEMS_SCALE=4;HLSLPERF_VECTOR_WIDTH=1;HLSLPERF_WAVE_SIZE=32","2.7018;2.6924;2.7697;2.658;2.6883;2.7449;2.6499;2.6833;2.7413;2.6785;2.6542",""
"HLSLPERF_CROWD_BACKEND-2__HLSLPERF_CROWD_TILE_BINS-512__HLSLPERF_CROWD_TILE_REPLICAS-1__HLSLPERF_CROWD_TILE_SIZE-16__HLSLPERF_ELEMENTS_PER_THREAD-4__HLSLPERF_GROUP_SIZE-128__HLSLPERF_SCAN_BACKEND-1__HLSLPERF_SINGLE_PASS_GROUPS-256__HLSLPERF_SINGLE_PASS_ITEMS_SCALE-4__HLSLPERF_VECTOR_WIDTH-1__HLSLPERF_WAVE_SIZE-32",true,true,false,"",,,,,,,,4,2.4682,2.7039,0.0612,20391.7156,1.2884,"HLSLPERF_CROWD_BACKEND=2;HLSLPERF_CROWD_TILE_BINS=512;HLSLPERF_CROWD_TILE_REPLICAS=1;HLSLPERF_CROWD_TILE_SIZE=16;HLSLPERF_ELEMENTS_PER_THREAD=4;HLSLPERF_GROUP_SIZE=128;HLSLPERF_SCAN_BACKEND=1;HLSLPERF_SINGLE_PASS_GROUPS=256;HLSLPERF_SINGLE_PASS_ITEMS_SCALE=4;HLSLPERF_VECTOR_WIDTH=1;HLSLPERF_WAVE_SIZE=32","2.3557;2.3596;2.3567;2.3563;2.4682;2.4592;2.6286;2.6941;2.7104;2.6452;2.6973",""
"HLSLPERF_CROWD_BACKEND-2__HLSLPERF_CROWD_TILE_BINS-512__HLSLPERF_CROWD_TILE_REPLICAS-2__HLSLPERF_CROWD_TILE_SIZE-16__HLSLPERF_ELEMENTS_PER_THREAD-4__HLSLPERF_GROUP_SIZE-128__HLSLPERF_SCAN_BACKEND-1__HLSLPERF_SINGLE_PASS_GROUPS-256__HLSLPERF_SINGLE_PASS_ITEMS_SCALE-4__HLSLPERF_VECTOR_WIDTH-1__HLSLPERF_WAVE_SIZE-32",true,true,true,"",,,,,,,,4,2.4518,2.6952,0.0538,20528.2802,1.297,"HLSLPERF_CROWD_BACKEND=2;HLSLPERF_CROWD_TILE_BINS=512;HLSLPERF_CROWD_TILE_REPLICAS=2;HLSLPERF_CROWD_TILE_SIZE=16;HLSLPERF_ELEMENTS_PER_THREAD=4;HLSLPERF_GROUP_SIZE=128;HLSLPERF_SCAN_BACKEND=1;HLSLPERF_SINGLE_PASS_GROUPS=256;HLSLPERF_SINGLE_PASS_ITEMS_SCALE=4;HLSLPERF_VECTOR_WIDTH=1;HLSLPERF_WAVE_SIZE=32","2.372;2.3692;2.3801;2.3654;2.4208;2.4518;2.5434;2.6078;2.7147;2.6264;2.6758",""
"HLSLPERF_CROWD_BACKEND-2__HLSLPERF_CROWD_TILE_BINS-512__HLSLPERF_CROWD_TILE_REPLICAS-1__HLSLPERF_CROWD_TILE_SIZE-16__HLSLPERF_ELEMENTS_PER_THREAD-4__HLSLPERF_GROUP_SIZE-128__HLSLPERF_SCAN_BACKEND-1__HLSLPERF_SINGLE_PASS_GROUPS-128__HLSLPERF_SINGLE_PASS_ITEMS_SCALE-2__HLSLPERF_VECTOR_WIDTH-1__HLSLPERF_WAVE_SIZE-64",true,true,true,"",,,,,,,,2,3.3272,3.4676,0.0267,15127.3287,0.9558,"HLSLPERF_CROWD_BACKEND=2;HLSLPERF_CROWD_TILE_BINS=512;HLSLPERF_CROWD_TILE_REPLICAS=1;HLSLPERF_CROWD_TILE_SIZE=16;HLSLPERF_ELEMENTS_PER_THREAD=4;HLSLPERF_GROUP_SIZE=128;HLSLPERF_SCAN_BACKEND=1;HLSLPERF_SINGLE_PASS_GROUPS=128;HLSLPERF_SINGLE_PASS_ITEMS_SCALE=2;HLSLPERF_VECTOR_WIDTH=1;HLSLPERF_WAVE_SIZE=64","3.2411;3.2477;3.2782;3.2415;3.2626;3.3811;3.3272;3.3316;3.4219;3.5134;3.398",""
"HLSLPERF_CROWD_BACKEND-2__HLSLPERF_CROWD_TILE_BINS-512__HLSLPERF_CROWD_TILE_REPLICAS-2__HLSLPERF_CROWD_TILE_SIZE-16__HLSLPERF_ELEMENTS_PER_THREAD-4__HLSLPERF_GROUP_SIZE-128__HLSLPERF_SCAN_BACKEND-1__HLSLPERF_SINGLE_PASS_GROUPS-128__HLSLPERF_SINGLE_PASS_ITEMS_SCALE-2__HLSLPERF_VECTOR_WIDTH-1__HLSLPERF_WAVE_SIZE-64",true,true,true,"",,,,,,,,2,3.3079,3.3901,0.0203,15215.5893,0.9613,"HLSLPERF_CROWD_BACKEND=2;HLSLPERF_CROWD_TILE_BINS=512;HLSLPERF_CROWD_TILE_REPLICAS=2;HLSLPERF_CROWD_TILE_SIZE=16;HLSLPERF_ELEMENTS_PER_THREAD=4;HLSLPERF_GROUP_SIZE=128;HLSLPERF_SCAN_BACKEND=1;HLSLPERF_SINGLE_PASS_GROUPS=128;HLSLPERF_SINGLE_PASS_ITEMS_SCALE=2;HLSLPERF_VECTOR_WIDTH=1;HLSLPERF_WAVE_SIZE=64","3.23;3.2235;3.2113;3.2556;3.2417;3.3653;3.3081;3.3163;3.3568;3.3079;3.4149",""
"HLSLPERF_CROWD_BACKEND-2__HLSLPERF_CROWD_TILE_BINS-512__HLSLPERF_CROWD_TILE_REPLICAS-1__HLSLPERF_CROWD_TILE_SIZE-16__HLSLPERF_ELEMENTS_PER_THREAD-4__HLSLPERF_GROUP_SIZE-128__HLSLPERF_SCAN_BACKEND-1__HLSLPERF_SINGLE_PASS_GROUPS-256__HLSLPERF_SINGLE_PASS_ITEMS_SCALE-2__HLSLPERF_VECTOR_WIDTH-1__HLSLPERF_WAVE_SIZE-64",true,true,true,"",,,,,,,,2,2.9611,3.0718,0.0329,16997.5036,1.0739,"HLSLPERF_CROWD_BACKEND=2;HLSLPERF_CROWD_TILE_BINS=512;HLSLPERF_CROWD_TILE_REPLICAS=1;HLSLPERF_CROWD_TILE_SIZE=16;HLSLPERF_ELEMENTS_PER_THREAD=4;HLSLPERF_GROUP_SIZE=128;HLSLPERF_SCAN_BACKEND=1;HLSLPERF_SINGLE_PASS_GROUPS=256;HLSLPERF_SINGLE_PASS_ITEMS_SCALE=2;HLSLPERF_VECTOR_WIDTH=1;HLSLPERF_WAVE_SIZE=64","2.8607;3.0454;3.003;2.9611;3.0323;3.058;2.824;2.8308;2.8633;3.0855;2.9353",""
"HLSLPERF_CROWD_BACKEND-2__HLSLPERF_CROWD_TILE_BINS-512__HLSLPERF_CROWD_TILE_REPLICAS-2__HLSLPERF_CROWD_TILE_SIZE-16__HLSLPERF_ELEMENTS_PER_THREAD-4__HLSLPERF_GROUP_SIZE-128__HLSLPERF_SCAN_BACKEND-1__HLSLPERF_SINGLE_PASS_GROUPS-256__HLSLPERF_SINGLE_PASS_ITEMS_SCALE-2__HLSLPERF_VECTOR_WIDTH-1__HLSLPERF_WAVE_SIZE-64",true,true,true,"",,,,,,,,2,3.0585,3.1274,0.0258,16456.2102,1.0397,"HLSLPERF_CROWD_BACKEND=2;HLSLPERF_CROWD_TILE_BINS=512;HLSLPERF_CROWD_TILE_REPLICAS=2;HLSLPERF_CROWD_TILE_SIZE=16;HLSLPERF_ELEMENTS_PER_THREAD=4;HLSLPERF_GROUP_SIZE=128;HLSLPERF_SCAN_BACKEND=1;HLSLPERF_SINGLE_PASS_GROUPS=256;HLSLPERF_SINGLE_PASS_ITEMS_SCALE=2;HLSLPERF_VECTOR_WIDTH=1;HLSLPERF_WAVE_SIZE=64","2.8629;3.047;3.1005;3.0585;3.063;3.0645;2.9511;3.1543;3.0243;3.0243;3.0994",""
"HLSLPERF_CROWD_BACKEND-2__HLSLPERF_CROWD_TILE_BINS-512__HLSLPERF_CROWD_TILE_REPLICAS-1__HLSLPERF_CROWD_TILE_SIZE-16__HLSLPERF_ELEMENTS_PER_THREAD-4__HLSLPERF_GROUP_SIZE-128__HLSLPERF_SCAN_BACKEND-1__HLSLPERF_SINGLE_PASS_GROUPS-128__HLSLPERF_SINGLE_PASS_ITEMS_SCALE-4__HLSLPERF_VECTOR_WIDTH-1__HLSLPERF_WAVE_SIZE-64",true,true,true,"",,,,,,,,2,2.5713,2.7032,0.0245,19574.7019,1.2368,"HLSLPERF_CROWD_BACKEND=2;HLSLPERF_CROWD_TILE_BINS=512;HLSLPERF_CROWD_TILE_REPLICAS=1;HLSLPERF_CROWD_TILE_SIZE=16;HLSLPERF_ELEMENTS_PER_THREAD=4;HLSLPERF_GROUP_SIZE=128;HLSLPERF_SCAN_BACKEND=1;HLSLPERF_SINGLE_PASS_GROUPS=128;HLSLPERF_SINGLE_PASS_ITEMS_SCALE=4;HLSLPERF_VECTOR_WIDTH=1;HLSLPERF_WAVE_SIZE=64","2.5761;2.568;2.5857;2.5703;2.5744;2.5576;2.5627;2.5713;2.5578;2.7749;2.6316",""
"HLSLPERF_CROWD_BACKEND-2__HLSLPERF_CROWD_TILE_BINS-512__HLSLPERF_CROWD_TILE_REPLICAS-2__HLSLPERF_CROWD_TILE_SIZE-16__HLSLPERF_ELEMENTS_PER_THREAD-4__HLSLPERF_GROUP_SIZE-128__HLSLPERF_SCAN_BACKEND-1__HLSLPERF_SINGLE_PASS_GROUPS-128__HLSLPERF_SINGLE_PASS_ITEMS_SCALE-4__HLSLPERF_VECTOR_WIDTH-1__HLSLPERF_WAVE_SIZE-64",true,true,true,"",,,,,,,,2,2.7712,2.8633,0.021,18162.664,1.1475,"HLSLPERF_CROWD_BACKEND=2;HLSLPERF_CROWD_TILE_BINS=512;HLSLPERF_CROWD_TILE_REPLICAS=2;HLSLPERF_CROWD_TILE_SIZE=16;HLSLPERF_ELEMENTS_PER_THREAD=4;HLSLPERF_GROUP_SIZE=128;HLSLPERF_SCAN_BACKEND=1;HLSLPERF_SINGLE_PASS_GROUPS=128;HLSLPERF_SINGLE_PASS_ITEMS_SCALE=4;HLSLPERF_VECTOR_WIDTH=1;HLSLPERF_WAVE_SIZE=64","2.7712;2.8285;2.7747;2.7749;2.7643;2.7018;2.7384;2.6877;2.7724;2.7307;2.8981",""
"HLSLPERF_CROWD_BACKEND-2__HLSLPERF_CROWD_TILE_BINS-512__HLSLPERF_CROWD_TILE_REPLICAS-1__HLSLPERF_CROWD_TILE_SIZE-16__HLSLPERF_ELEMENTS_PER_THREAD-4__HLSLPERF_GROUP_SIZE-128__HLSLPERF_SCAN_BACKEND-1__HLSLPERF_SINGLE_PASS_GROUPS-256__HLSLPERF_SINGLE_PASS_ITEMS_SCALE-4__HLSLPERF_VECTOR_WIDTH-1__HLSLPERF_WAVE_SIZE-64",true,true,true,"",,,,,,,,4,2.4315,2.6582,0.0593,20700.0049,1.3079,"HLSLPERF_CROWD_BACKEND=2;HLSLPERF_CROWD_TILE_BINS=512;HLSLPERF_CROWD_TILE_REPLICAS=1;HLSLPERF_CROWD_TILE_SIZE=16;HLSLPERF_ELEMENTS_PER_THREAD=4;HLSLPERF_GROUP_SIZE=128;HLSLPERF_SCAN_BACKEND=1;HLSLPERF_SINGLE_PASS_GROUPS=256;HLSLPERF_SINGLE_PASS_ITEMS_SCALE=4;HLSLPERF_VECTOR_WIDTH=1;HLSLPERF_WAVE_SIZE=64","2.3585;2.3346;2.3434;2.3468;2.3202;2.499;2.4315;2.66;2.6563;2.6366;2.6456",""
"HLSLPERF_CROWD_BACKEND-2__HLSLPERF_CROWD_TILE_BINS-512__HLSLPERF_CROWD_TILE_REPLICAS-2__HLSLPERF_CROWD_TILE_SIZE-16__HLSLPERF_ELEMENTS_PER_THREAD-4__HLSLPERF_GROUP_SIZE-128__HLSLPERF_SCAN_BACKEND-1__HLSLPERF_SINGLE_PASS_GROUPS-256__HLSLPERF_SINGLE_PASS_ITEMS_SCALE-4__HLSLPERF_VECTOR_WIDTH-1__HLSLPERF_WAVE_SIZE-64",true,true,true,"",,,,,,,,4,2.4272,2.6291,0.0516,20736.3354,1.3101,"HLSLPERF_CROWD_BACKEND=2;HLSLPERF_CROWD_TILE_BINS=512;HLSLPERF_CROWD_TILE_REPLICAS=2;HLSLPERF_CROWD_TILE_SIZE=16;HLSLPERF_ELEMENTS_PER_THREAD=4;HLSLPERF_GROUP_SIZE=128;HLSLPERF_SCAN_BACKEND=1;HLSLPERF_SINGLE_PASS_GROUPS=256;HLSLPERF_SINGLE_PASS_ITEMS_SCALE=4;HLSLPERF_VECTOR_WIDTH=1;HLSLPERF_WAVE_SIZE=64","2.3433;2.3326;2.3396;2.351;2.42;2.4272;2.5182;2.625;2.6332;2.5971;2.6238",""
"HLSLPERF_CROWD_BACKEND-2__HLSLPERF_CROWD_TILE_BINS-512__HLSLPERF_CROWD_TILE_REPLICAS-1__HLSLPERF_CROWD_TILE_SIZE-16__HLSLPERF_ELEMENTS_PER_THREAD-4__HLSLPERF_GROUP_SIZE-128__HLSLPERF_SCAN_BACKEND-1__HLSLPERF_SINGLE_PASS_GROUPS-128__HLSLPERF_SINGLE_PASS_ITEMS_SCALE-2__HLSLPERF_VECTOR_WIDTH-4__HLSLPERF_WAVE_SIZE-32",true,true,true,"",,,,,,,,2,3.4593,3.5733,0.0207,14549.7468,0.9193,"HLSLPERF_CROWD_BACKEND=2;HLSLPERF_CROWD_TILE_BINS=512;HLSLPERF_CROWD_TILE_REPLICAS=1;HLSLPERF_CROWD_TILE_SIZE=16;HLSLPERF_ELEMENTS_PER_THREAD=4;HLSLPERF_GROUP_SIZE=128;HLSLPERF_SCAN_BACKEND=1;HLSLPERF_SINGLE_PASS_GROUPS=128;HLSLPERF_SINGLE_PASS_ITEMS_SCALE=2;HLSLPERF_VECTOR_WIDTH=4;HLSLPERF_WAVE_SIZE=32","3.4157;3.5023;3.4496;3.4606;3.4593;3.4081;3.4961;3.3747;3.4831;3.4173;3.6443",""
"HLSLPERF_CROWD_BACKEND-2__HLSLPERF_CROWD_TILE_BINS-512__HLSLPERF_CROWD_TILE_REPLICAS-2__HLSLPERF_CROWD_TILE_SIZE-16__HLSLPERF_ELEMENTS_PER_THREAD-4__HLSLPERF_GROUP_SIZE-128__HLSLPERF_SCAN_BACKEND-1__HLSLPERF_SINGLE_PASS_GROUPS-128__HLSLPERF_SINGLE_PASS_ITEMS_SCALE-2__HLSLPERF_VECTOR_WIDTH-4__HLSLPERF_WAVE_SIZE-32",true,true,true,"",,,,,,,,2,3.5568,3.6274,0.0124,14150.6641,0.8941,"HLSLPERF_CROWD_BACKEND=2;HLSLPERF_CROWD_TILE_BINS=512;HLSLPERF_CROWD_TILE_REPLICAS=2;HLSLPERF_CROWD_TILE_SIZE=16;HLSLPERF_ELEMENTS_PER_THREAD=4;HLSLPERF_GROUP_SIZE=128;HLSLPERF_SCAN_BACKEND=1;HLSLPERF_SINGLE_PASS_GROUPS=128;HLSLPERF_SINGLE_PASS_ITEMS_SCALE=2;HLSLPERF_VECTOR_WIDTH=4;HLSLPERF_WAVE_SIZE=32","3.5533;3.5062;3.5499;3.5632;3.5047;3.5568;3.606;3.5701;3.5624;3.5032;3.6489",""
"HLSLPERF_CROWD_BACKEND-2__HLSLPERF_CROWD_TILE_BINS-512__HLSLPERF_CROWD_TILE_REPLICAS-1__HLSLPERF_CROWD_TILE_SIZE-16__HLSLPERF_ELEMENTS_PER_THREAD-4__HLSLPERF_GROUP_SIZE-128__HLSLPERF_SCAN_BACKEND-1__HLSLPERF_SINGLE_PASS_GROUPS-256__HLSLPERF_SINGLE_PASS_ITEMS_SCALE-2__HLSLPERF_VECTOR_WIDTH-4__HLSLPERF_WAVE_SIZE-32",true,true,true,"",,,,,,,,2,2.7826,2.9023,0.0197,18087.8625,1.1428,"HLSLPERF_CROWD_BACKEND=2;HLSLPERF_CROWD_TILE_BINS=512;HLSLPERF_CROWD_TILE_REPLICAS=1;HLSLPERF_CROWD_TILE_SIZE=16;HLSLPERF_ELEMENTS_PER_THREAD=4;HLSLPERF_GROUP_SIZE=128;HLSLPERF_SCAN_BACKEND=1;HLSLPERF_SINGLE_PASS_GROUPS=256;HLSLPERF_SINGLE_PASS_ITEMS_SCALE=2;HLSLPERF_VECTOR_WIDTH=4;HLSLPERF_WAVE_SIZE=32","2.8342;2.7665;2.7826;2.7675;2.7727;2.7701;2.7995;2.7524;2.9347;2.87;2.8191",""
"HLSLPERF_CROWD_BACKEND-2__HLSLPERF_CROWD_TILE_BINS-512__HLSLPERF_CROWD_TILE_REPLICAS-2__HLSLPERF_CROWD_TILE_SIZE-16__HLSLPERF_ELEMENTS_PER_THREAD-4__HLSLPERF_GROUP_SIZE-128__HLSLPERF_SCAN_BACKEND-1__HLSLPERF_SINGLE_PASS_GROUPS-256__HLSLPERF_SINGLE_PASS_ITEMS_SCALE-2__HLSLPERF_VECTOR_WIDTH-4__HLSLPERF_WAVE_SIZE-32",true,true,true,"",,,,,,,,2,2.8367,3.038,0.0346,17743.0282,1.121,"HLSLPERF_CROWD_BACKEND=2;HLSLPERF_CROWD_TILE_BINS=512;HLSLPERF_CROWD_TILE_REPLICAS=2;HLSLPERF_CROWD_TILE_SIZE=16;HLSLPERF_ELEMENTS_PER_THREAD=4;HLSLPERF_GROUP_SIZE=128;HLSLPERF_SCAN_BACKEND=1;HLSLPERF_SINGLE_PASS_GROUPS=256;HLSLPERF_SINGLE_PASS_ITEMS_SCALE=2;HLSLPERF_VECTOR_WIDTH=4;HLSLPERF_WAVE_SIZE=32","2.9952;3.0426;2.8156;2.8211;2.8367;3.0243;2.9819;3.0335;2.8219;2.8354;2.822",""
"HLSLPERF_CROWD_BACKEND-2__HLSLPERF_CROWD_TILE_BINS-512__HLSLPERF_CROWD_TILE_REPLICAS-1__HLSLPERF_CROWD_TILE_SIZE-16__HLSLPERF_ELEMENTS_PER_THREAD-4__HLSLPERF_GROUP_SIZE-128__HLSLPERF_SCAN_BACKEND-1__HLSLPERF_SINGLE_PASS_GROUPS-128__HLSLPERF_SINGLE_PASS_ITEMS_SCALE-4__HLSLPERF_VECTOR_WIDTH-4__HLSLPERF_WAVE_SIZE-32",true,true,true,"",,,,,,,,2,2.5886,2.7223,0.0227,19443.8792,1.2285,"HLSLPERF_CROWD_BACKEND=2;HLSLPERF_CROWD_TILE_BINS=512;HLSLPERF_CROWD_TILE_REPLICAS=1;HLSLPERF_CROWD_TILE_SIZE=16;HLSLPERF_ELEMENTS_PER_THREAD=4;HLSLPERF_GROUP_SIZE=128;HLSLPERF_SCAN_BACKEND=1;HLSLPERF_SINGLE_PASS_GROUPS=128;HLSLPERF_SINGLE_PASS_ITEMS_SCALE=4;HLSLPERF_VECTOR_WIDTH=4;HLSLPERF_WAVE_SIZE=32","2.5974;2.5886;2.5882;2.6248;2.562;2.5831;2.6295;2.5686;2.5742;2.7568;2.6878",""
"HLSLPERF_CROWD_BACKEND-2__HLSLPERF_CROWD_TILE_BINS-512__HLSLPERF_CROWD_TILE_REPLICAS-2__HLSLPERF_CROWD_TILE_SIZE-16__HLSLPERF_ELEMENTS_PER_THREAD-4__HLSLPERF_GROUP_SIZE-128__HLSLPERF_SCAN_BACKEND-1__HLSLPERF_SINGLE_PASS_GROUPS-128__HLSLPERF_SINGLE_PASS_ITEMS_SCALE-4__HLSLPERF_VECTOR_WIDTH-4__HLSLPERF_WAVE_SIZE-32",true,true,true,"",,,,,,,,2,2.7035,2.8103,0.0245,18616.9422,1.1762,"HLSLPERF_CROWD_BACKEND=2;HLSLPERF_CROWD_TILE_BINS=512;HLSLPERF_CROWD_TILE_REPLICAS=2;HLSLPERF_CROWD_TILE_SIZE=16;HLSLPERF_ELEMENTS_PER_THREAD=4;HLSLPERF_GROUP_SIZE=128;HLSLPERF_SCAN_BACKEND=1;HLSLPERF_SINGLE_PASS_GROUPS=128;HLSLPERF_SINGLE_PASS_ITEMS_SCALE=4;HLSLPERF_VECTOR_WIDTH=4;HLSLPERF_WAVE_SIZE=32","2.7782;2.6568;2.6533;2.8129;2.6644;2.6436;2.8076;2.7035;2.7445;2.7917;2.6827",""
"HLSLPERF_CROWD_BACKEND-2__HLSLPERF_CROWD_TILE_BINS-512__HLSLPERF_CROWD_TILE_REPLICAS-1__HLSLPERF_CROWD_TILE_SIZE-16__HLSLPERF_ELEMENTS_PER_THREAD-4__HLSLPERF_GROUP_SIZE-128__HLSLPERF_SCAN_BACKEND-1__HLSLPERF_SINGLE_PASS_GROUPS-256__HLSLPERF_SINGLE_PASS_ITEMS_SCALE-4__HLSLPERF_VECTOR_WIDTH-4__HLSLPERF_WAVE_SIZE-32",true,true,false,"",,,,,,,,4,2.4565,2.6963,0.0618,20489.5044,1.2946,"HLSLPERF_CROWD_BACKEND=2;HLSLPERF_CROWD_TILE_BINS=512;HLSLPERF_CROWD_TILE_REPLICAS=1;HLSLPERF_CROWD_TILE_SIZE=16;HLSLPERF_ELEMENTS_PER_THREAD=4;HLSLPERF_GROUP_SIZE=128;HLSLPERF_SCAN_BACKEND=1;HLSLPERF_SINGLE_PASS_GROUPS=256;HLSLPERF_SINGLE_PASS_ITEMS_SCALE=4;HLSLPERF_VECTOR_WIDTH=4;HLSLPERF_WAVE_SIZE=32","2.3726;2.3516;2.3398;2.3381;2.4245;2.4565;2.5637;2.6657;2.6849;2.6849;2.7078",""
"HLSLPERF_CROWD_BACKEND-2__HLSLPERF_CROWD_TILE_BINS-512__HLSLPERF_CROWD_TILE_REPLICAS-2__HLSLPERF_CROWD_TILE_SIZE-16__HLSLPERF_ELEMENTS_PER_THREAD-4__HLSLPERF_GROUP_SIZE-128__HLSLPERF_SCAN_BACKEND-1__HLSLPERF_SINGLE_PASS_GROUPS-256__HLSLPERF_SINGLE_PASS_ITEMS_SCALE-4__HLSLPERF_VECTOR_WIDTH-4__HLSLPERF_WAVE_SIZE-32",true,true,true,"",,,,,,,,4,2.4673,2.6734,0.0542,20399.3191,1.2889,"HLSLPERF_CROWD_BACKEND=2;HLSLPERF_CROWD_TILE_BINS=512;HLSLPERF_CROWD_TILE_REPLICAS=2;HLSLPERF_CROWD_TILE_SIZE=16;HLSLPERF_ELEMENTS_PER_THREAD=4;HLSLPERF_GROUP_SIZE=128;HLSLPERF_SCAN_BACKEND=1;HLSLPERF_SINGLE_PASS_GROUPS=256;HLSLPERF_SINGLE_PASS_ITEMS_SCALE=4;HLSLPERF_VECTOR_WIDTH=4;HLSLPERF_WAVE_SIZE=32","2.3679;2.3457;2.3596;2.3444;2.4314;2.4673;2.4856;2.6373;2.629;2.7094;2.6127",""
"HLSLPERF_CROWD_BACKEND-2__HLSLPERF_CROWD_TILE_BINS-512__HLSLPERF_CROWD_TILE_REPLICAS-1__HLSLPERF_CROWD_TILE_SIZE-16__HLSLPERF_ELEMENTS_PER_THREAD-4__HLSLPERF_GROUP_SIZE-128__HLSLPERF_SCAN_BACKEND-1__HLSLPERF_SINGLE_PASS_GROUPS-128__HLSLPERF_SINGLE_PASS_ITEMS_SCALE-2__HLSLPERF_VECTOR_WIDTH-4__HLSLPERF_WAVE_SIZE-64",true,true,true,"",,,,,,,,2,3.3273,3.5418,0.0367,15127.0559,0.9557,"HLSLPERF_CROWD_BACKEND=2;HLSLPERF_CROWD_TILE_BINS=512;HLSLPERF_CROWD_TILE_REPLICAS=1;HLSLPERF_CROWD_TILE_SIZE=16;HLSLPERF_ELEMENTS_PER_THREAD=4;HLSLPERF_GROUP_SIZE=128;HLSLPERF_SCAN_BACKEND=1;HLSLPERF_SINGLE_PASS_GROUPS=128;HLSLPERF_SINGLE_PASS_ITEMS_SCALE=2;HLSLPERF_VECTOR_WIDTH=4;HLSLPERF_WAVE_SIZE=64","3.258;3.2503;3.2593;3.2429;3.2423;3.3904;3.3598;3.3273;3.3457;3.6553;3.4282",""
"HLSLPERF_CROWD_BACKEND-2__HLSLPERF_CROWD_TILE_BINS-512__HLSLPERF_CROWD_TILE_REPLICAS-2__HLSLPERF_CROWD_TILE_SIZE-16__HLSLPERF_ELEMENTS_PER_THREAD-4__HLSLPERF_GROUP_SIZE-128__HLSLPERF_SCAN_BACKEND-1__HLSLPERF_SINGLE_PASS_GROUPS-128__HLSLPERF_SINGLE_PASS_ITEMS_SCALE-2__HLSLPERF_VECTOR_WIDTH-4__HLSLPERF_WAVE_SIZE-64",true,true,true,"",,,,,,,,2,3.3396,3.516,0.0345,15071.2509,0.9522,"HLSLPERF_CROWD_BACKEND=2;HLSLPERF_CROWD_TILE_BINS=512;HLSLPERF_CROWD_TILE_REPLICAS=2;HLSLPERF_CROWD_TILE_SIZE=16;HLSLPERF_ELEMENTS_PER_THREAD=4;HLSLPERF_GROUP_SIZE=128;HLSLPERF_SCAN_BACKEND=1;HLSLPERF_SINGLE_PASS_GROUPS=128;HLSLPERF_SINGLE_PASS_ITEMS_SCALE=2;HLSLPERF_VECTOR_WIDTH=4;HLSLPERF_WAVE_SIZE=64","3.254;3.2383;3.2417;3.2534;3.2325;3.4268;3.3664;3.3396;3.5633;3.4569;3.4687",""
"HLSLPERF_CROWD_BACKEND-2__HLSLPERF_CROWD_TILE_BINS-512__HLSLPERF_CROWD_TILE_REPLICAS-1__HLSLPERF_CROWD_TILE_SIZE-16__HLSLPERF_ELEMENTS_PER_THREAD-4__HLSLPERF_GROUP_SIZE-128__HLSLPERF_SCAN_BACKEND-1__HLSLPERF_SINGLE_PASS_GROUPS-256__HLSLPERF_SINGLE_PASS_ITEMS_SCALE-2__HLSLPERF_VECTOR_WIDTH-4__HLSLPERF_WAVE_SIZE-64",true,true,true,"",,,,,,,,2,2.7641,2.8889,0.0214,18209.1864,1.1505,"HLSLPERF_CROWD_BACKEND=2;HLSLPERF_CROWD_TILE_BINS=512;HLSLPERF_CROWD_TILE_REPLICAS=1;HLSLPERF_CROWD_TILE_SIZE=16;HLSLPERF_ELEMENTS_PER_THREAD=4;HLSLPERF_GROUP_SIZE=128;HLSLPERF_SCAN_BACKEND=1;HLSLPERF_SINGLE_PASS_GROUPS=256;HLSLPERF_SINGLE_PASS_ITEMS_SCALE=2;HLSLPERF_VECTOR_WIDTH=4;HLSLPERF_WAVE_SIZE=64","2.7685;2.7589;2.7724;2.7406;2.7569;2.7437;2.757;2.7641;2.9348;2.843;2.8427",""
"HLSLPERF_CROWD_BACKEND-2__HLSLPERF_CROWD_TILE_BINS-512__HLSLPERF_CROWD_TILE_REPLICAS-2__HLSLPERF_CROWD_TILE_SIZE-16__HLSLPERF_ELEMENTS_PER_THREAD-4__HLSLPERF_GROUP_SIZE-128__HLSLPERF_SCAN_BACKEND-1__HLSLPERF_SINGLE_PASS_GROUPS-256__HLSLPERF_SINGLE_PASS_ITEMS_SCALE-2__HLSLPERF_VECTOR_WIDTH-4__HLSLPERF_WAVE_SIZE-64",true,true,true,"",,,,,,,,2,2.989,3.0218,0.0094,16838.8462,1.0639,"HLSLPERF_CROWD_BACKEND=2;HLSLPERF_CROWD_TILE_BINS=512;HLSLPERF_CROWD_TILE_REPLICAS=2;HLSLPERF_CROWD_TILE_SIZE=16;HLSLPERF_ELEMENTS_PER_THREAD=4;HLSLPERF_GROUP_SIZE=128;HLSLPERF_SCAN_BACKEND=1;HLSLPERF_SINGLE_PASS_GROUPS=256;HLSLPERF_SINGLE_PASS_ITEMS_SCALE=2;HLSLPERF_VECTOR_WIDTH=4;HLSLPERF_WAVE_SIZE=64","3.0313;2.9343;2.9786;2.9976;3.0023;2.9595;3.0105;2.989;3.0122;2.9672;2.9661",""
"HLSLPERF_CROWD_BACKEND-2__HLSLPERF_CROWD_TILE_BINS-512__HLSLPERF_CROWD_TILE_REPLICAS-1__HLSLPERF_CROWD_TILE_SIZE-16__HLSLPERF_ELEMENTS_PER_THREAD-4__HLSLPERF_GROUP_SIZE-128__HLSLPERF_SCAN_BACKEND-1__HLSLPERF_SINGLE_PASS_GROUPS-128__HLSLPERF_SINGLE_PASS_ITEMS_SCALE-4__HLSLPERF_VECTOR_WIDTH-4__HLSLPERF_WAVE_SIZE-64",true,true,true,"",,,,,,,,2,2.5998,2.7293,0.022,19359.9643,1.2232,"HLSLPERF_CROWD_BACKEND=2;HLSLPERF_CROWD_TILE_BINS=512;HLSLPERF_CROWD_TILE_REPLICAS=1;HLSLPERF_CROWD_TILE_SIZE=16;HLSLPERF_ELEMENTS_PER_THREAD=4;HLSLPERF_GROUP_SIZE=128;HLSLPERF_SCAN_BACKEND=1;HLSLPERF_SINGLE_PASS_GROUPS=128;HLSLPERF_SINGLE_PASS_ITEMS_SCALE=4;HLSLPERF_VECTOR_WIDTH=4;HLSLPERF_WAVE_SIZE=64","2.5982;2.647;2.6162;2.5998;2.5959;2.6004;2.5822;2.5943;2.5679;2.7615;2.6972",""
"HLSLPERF_CROWD_BACKEND-2__HLSLPERF_CROWD_TILE_BINS-512__HLSLPERF_CROWD_TILE_REPLICAS-2__HLSLPERF_CROWD_TILE_SIZE-16__HLSLPERF_ELEMENTS_PER_THREAD-4__HLSLPERF_GROUP_SIZE-128__HLSLPERF_SCAN_BACKEND-1__HLSLPERF_SINGLE_PASS_GROUPS-128__HLSLPERF_SINGLE_PASS_ITEMS_SCALE-4__HLSLPERF_VECTOR_WIDTH-4__HLSLPERF_WAVE_SIZE-64",true,true,true,"",,,,,,,,2,2.5856,2.6737,0.0152,19465.988,1.2299,"HLSLPERF_CROWD_BACKEND=2;HLSLPERF_CROWD_TILE_BINS=512;HLSLPERF_CROWD_TILE_REPLICAS=2;HLSLPERF_CROWD_TILE_SIZE=16;HLSLPERF_ELEMENTS_PER_THREAD=4;HLSLPERF_GROUP_SIZE=128;HLSLPERF_SCAN_BACKEND=1;HLSLPERF_SINGLE_PASS_GROUPS=128;HLSLPERF_SINGLE_PASS_ITEMS_SCALE=4;HLSLPERF_VECTOR_WIDTH=4;HLSLPERF_WAVE_SIZE=64","2.5856;2.5811;2.5839;2.5886;2.569;2.6086;2.5648;2.5705;2.6219;2.6631;2.6844",""
"HLSLPERF_CROWD_BACKEND-2__HLSLPERF_CROWD_TILE_BINS-512__HLSLPERF_CROWD_TILE_REPLICAS-1__HLSLPERF_CROWD_TILE_SIZE-16__HLSLPERF_ELEMENTS_PER_THREAD-4__HLSLPERF_GROUP_SIZE-128__HLSLPERF_SCAN_BACKEND-1__HLSLPERF_SINGLE_PASS_GROUPS-256__HLSLPERF_SINGLE_PASS_ITEMS_SCALE-4__HLSLPERF_VECTOR_WIDTH-4__HLSLPERF_WAVE_SIZE-64",true,true,true,"",,,,,,,,4,2.417,2.5818,0.0413,20824.4473,1.3157,"HLSLPERF_CROWD_BACKEND=2;HLSLPERF_CROWD_TILE_BINS=512;HLSLPERF_CROWD_TILE_REPLICAS=1;HLSLPERF_CROWD_TILE_SIZE=16;HLSLPERF_ELEMENTS_PER_THREAD=4;HLSLPERF_GROUP_SIZE=128;HLSLPERF_SCAN_BACKEND=1;HLSLPERF_SINGLE_PASS_GROUPS=256;HLSLPERF_SINGLE_PASS_ITEMS_SCALE=4;HLSLPERF_VECTOR_WIDTH=4;HLSLPERF_WAVE_SIZE=64","2.3446;2.3632;2.3356;2.3219;2.381;2.4297;2.5108;2.6135;2.5501;2.5416;2.417",""
"HLSLPERF_CROWD_BACKEND-2__HLSLPERF_CROWD_TILE_BINS-512__HLSLPERF_CROWD_TILE_REPLICAS-2__HLSLPERF_CROWD_TILE_SIZE-16__HLSLPERF_ELEMENTS_PER_THREAD-4__HLSLPERF_GROUP_SIZE-128__HLSLPERF_SCAN_BACKEND-1__HLSLPERF_SINGLE_PASS_GROUPS-256__HLSLPERF_SINGLE_PASS_ITEMS_SCALE-4__HLSLPERF_VECTOR_WIDTH-4__HLSLPERF_WAVE_SIZE-64",true,true,true,"",,,,,,,,2,2.6202,2.6951,0.0138,19209.0863,1.2137,"HLSLPERF_CROWD_BACKEND=2;HLSLPERF_CROWD_TILE_BINS=512;HLSLPERF_CROWD_TILE_REPLICAS=2;HLSLPERF_CROWD_TILE_SIZE=16;HLSLPERF_ELEMENTS_PER_THREAD=4;HLSLPERF_GROUP_SIZE=128;HLSLPERF_SCAN_BACKEND=1;HLSLPERF_SINGLE_PASS_GROUPS=256;HLSLPERF_SINGLE_PASS_ITEMS_SCALE=4;HLSLPERF_VECTOR_WIDTH=4;HLSLPERF_WAVE_SIZE=64","2.6165;2.6905;2.673;2.6126;2.5886;2.6368;2.6038;2.6997;2.6202;2.6185;2.6498",""
"HLSLPERF_CROWD_BACKEND-2__HLSLPERF_CROWD_TILE_BINS-512__HLSLPERF_CROWD_TILE_REPLICAS-1__HLSLPERF_CROWD_TILE_SIZE-16__HLSLPERF_ELEMENTS_PER_THREAD-2__HLSLPERF_GROUP_SIZE-256__HLSLPERF_SCAN_BACKEND-1__HLSLPERF_SINGLE_PASS_GROUPS-128__HLSLPERF_SINGLE_PASS_ITEMS_SCALE-2__HLSLPERF_VECTOR_WIDTH-1__HLSLPERF_WAVE_SIZE-32",true,true,true,"",,,,,,,,2,3.4004,3.454,0.0095,14801.8586,0.9352,"HLSLPERF_CROWD_BACKEND=2;HLSLPERF_CROWD_TILE_BINS=512;HLSLPERF_CROWD_TILE_REPLICAS=1;HLSLPERF_CROWD_TILE_SIZE=16;HLSLPERF_ELEMENTS_PER_THREAD=2;HLSLPERF_GROUP_SIZE=256;HLSLPERF_SCAN_BACKEND=1;HLSLPERF_SINGLE_PASS_GROUPS=128;HLSLPERF_SINGLE_PASS_ITEMS_SCALE=2;HLSLPERF_VECTOR_WIDTH=1;HLSLPERF_WAVE_SIZE=32","3.4004;3.3967;3.4488;3.3599;3.4364;3.3882;3.4592;3.3849;3.4035;3.4437;3.3822",""
"HLSLPERF_CROWD_BACKEND-2__HLSLPERF_CROWD_TILE_BINS-512__HLSLPERF_CROWD_TILE_REPLICAS-2__HLSLPERF_CROWD_TILE_SIZE-16__HLSLPERF_ELEMENTS_PER_THREAD-2__HLSLPERF_GROUP_SIZE-256__HLSLPERF_SCAN_BACKEND-1__HLSLPERF_SINGLE_PASS_GROUPS-128__HLSLPERF_SINGLE_PASS_ITEMS_SCALE-2__HLSLPERF_VECTOR_WIDTH-1__HLSLPERF_WAVE_SIZE-32",true,true,true,"",,,,,,,,2,3.3851,3.4212,0.0061,14868.6731,0.9394,"HLSLPERF_CROWD_BACKEND=2;HLSLPERF_CROWD_TILE_BINS=512;HLSLPERF_CROWD_TILE_REPLICAS=2;HLSLPERF_CROWD_TILE_SIZE=16;HLSLPERF_ELEMENTS_PER_THREAD=2;HLSLPERF_GROUP_SIZE=256;HLSLPERF_SCAN_BACKEND=1;HLSLPERF_SINGLE_PASS_GROUPS=128;HLSLPERF_SINGLE_PASS_ITEMS_SCALE=2;HLSLPERF_VECTOR_WIDTH=1;HLSLPERF_WAVE_SIZE=32","3.3809;3.3817;3.3989;3.3851;3.4277;3.383;3.3716;3.4118;3.4147;3.3586;3.4039",""
"HLSLPERF_CROWD_BACKEND-2__HLSLPERF_CROWD_TILE_BINS-512__HLSLPERF_CROWD_TILE_REPLICAS-1__HLSLPERF_CROWD_TILE_SIZE-16__HLSLPERF_ELEMENTS_PER_THREAD-2__HLSLPERF_GROUP_SIZE-256__HLSLPERF_SCAN_BACKEND-1__HLSLPERF_SINGLE_PASS_GROUPS-256__HLSLPERF_SINGLE_PASS_ITEMS_SCALE-2__HLSLPERF_VECTOR_WIDTH-1__HLSLPERF_WAVE_SIZE-32",true,true,true,"",,,,,,,,2,2.7511,2.884,0.0204,18295.3654,1.1559,"HLSLPERF_CROWD_BACKEND=2;HLSLPERF_CROWD_TILE_BINS=512;HLSLPERF_CROWD_TILE_REPLICAS=1;HLSLPERF_CROWD_TILE_SIZE=16;HLSLPERF_ELEMENTS_PER_THREAD=2;HLSLPERF_GROUP_SIZE=256;HLSLPERF_SCAN_BACKEND=1;HLSLPERF_SINGLE_PASS_GROUPS=256;HLSLPERF_SINGLE_PASS_ITEMS_SCALE=2;HLSLPERF_VECTOR_WIDTH=1;HLSLPERF_WAVE_SIZE=32","2.7954;2.7488;2.7576;2.7389;2.7538;2.7387;2.7403;2.7511;2.7413;2.9059;2.862",""
"HLSLPERF_CROWD_BACKEND-2__HLSLPERF_CROWD_TILE_BINS-512__HLSLPERF_CROWD_TILE_REPLICAS-2__HLSLPERF_CROWD_TILE_SIZE-16__HLSLPERF_ELEMENTS_PER_THREAD-2__HLSLPERF_GROUP_SIZE-256__HLSLPERF_SCAN_BACKEND-1__HLSLPERF_SINGLE_PASS_GROUPS-256__HLSLPERF_SINGLE_PASS_ITEMS_SCALE-2__HLSLPERF_VECTOR_WIDTH-1__HLSLPERF_WAVE_SIZE-32",true,true,true,"",,,,,,,,2,2.7657,2.886,0.0203,18198.2572,1.1498,"HLSLPERF_CROWD_BACKEND=2;HLSLPERF_CROWD_TILE_BINS=512;HLSLPERF_CROWD_TILE_REPLICAS=2;HLSLPERF_CROWD_TILE_SIZE=16;HLSLPERF_ELEMENTS_PER_THREAD=2;HLSLPERF_GROUP_SIZE=256;HLSLPERF_SCAN_BACKEND=1;HLSLPERF_SINGLE_PASS_GROUPS=256;HLSLPERF_SINGLE_PASS_ITEMS_SCALE=2;HLSLPERF_VECTOR_WIDTH=1;HLSLPERF_WAVE_SIZE=32","2.7548;2.7764;2.7514;2.7493;2.7635;2.7416;2.7657;2.7686;2.9222;2.8395;2.8497",""
"HLSLPERF_CROWD_BACKEND-2__HLSLPERF_CROWD_TILE_BINS-512__HLSLPERF_CROWD_TILE_REPLICAS-1__HLSLPERF_CROWD_TILE_SIZE-16__HLSLPERF_ELEMENTS_PER_THREAD-2__HLSLPERF_GROUP_SIZE-256__HLSLPERF_SCAN_BACKEND-1__HLSLPERF_SINGLE_PASS_GROUPS-128__HLSLPERF_SINGLE_PASS_ITEMS_SCALE-4__HLSLPERF_VECTOR_WIDTH-1__HLSLPERF_WAVE_SIZE-32",true,true,true,"",,,,,,,,2,2.5801,2.7186,0.0234,19507.937,1.2325,"HLSLPERF_CROWD_BACKEND=2;HLSLPERF_CROWD_TILE_BINS=512;HLSLPERF_CROWD_TILE_REPLICAS=1;HLSLPERF_CROWD_TILE_SIZE=16;HLSLPERF_ELEMENTS_PER_THREAD=2;HLSLPERF_GROUP_SIZE=256;HLSLPERF_SCAN_BACKEND=1;HLSLPERF_SINGLE_PASS_GROUPS=128;HLSLPERF_SINGLE_PASS_ITEMS_SCALE=4;HLSLPERF_VECTOR_WIDTH=1;HLSLPERF_WAVE_SIZE=32","2.5864;2.5729;2.6012;2.5715;2.5783;2.5801;2.5622;2.62;2.5532;2.7558;2.6814",""
"HLSLPERF_CROWD_BACKEND-2__HLSLPERF_CROWD_TILE_BINS-512__HLSLPERF_CROWD_TILE_REPLICAS-2__HLSLPERF_CROWD_TILE_SIZE-16__HLSLPERF_ELEMENTS_PER_THREAD-2__HLSLPERF_GROUP_SIZE-256__HLSLPERF_SCAN_BACKEND-1__HLSLPERF_SINGLE_PASS_GROUPS-128__HLSLPERF_SINGLE_PASS_ITEMS_SCALE-4__HLSLPERF_VECTOR_WIDTH-1__HLSLPERF_WAVE_SIZE-32",true,true,true,"",,,,,,,,2,2.7356,2.8241,0.0162,18398.491,1.1624,"HLSLPERF_CROWD_BACKEND=2;HLSLPERF_CROWD_TILE_BINS=512;HLSLPERF_CROWD_TILE_REPLICAS=2;HLSLPERF_CROWD_TILE_SIZE=16;HLSLPERF_ELEMENTS_PER_THREAD=2;HLSLPERF_GROUP_SIZE=256;HLSLPERF_SCAN_BACKEND=1;HLSLPERF_SINGLE_PASS_GROUPS=128;HLSLPERF_SINGLE_PASS_ITEMS_SCALE=4;HLSLPERF_VECTOR_WIDTH=1;HLSLPERF_WAVE_SIZE=32","2.7399;2.7356;2.7116;2.8446;2.686;2.7143;2.749;2.8035;2.725;2.7253;2.7536",""
"HLSLPERF_CROWD_BACKEND-2__HLSLPERF_CROWD_TILE_BINS-512__HLSLPERF_CROWD_TILE_REPLICAS-1__HLSLPERF_CROWD_TILE_SIZE-16__HLSLPERF_ELEMENTS_PER_THREAD-2__HLSLPERF_GROUP_SIZE-256__HLSLPERF_SCAN_BACKEND-1__HLSLPERF_SINGLE_PASS_GROUPS-256__HLSLPERF_SINGLE_PASS_ITEMS_SCALE-4__HLSLPERF_VECTOR_WIDTH-1__HLSLPERF_WAVE_SIZE-32",true,true,true,"",,,,,,,,4,2.4637,2.4949,0.0179,20429.2925,1.2907,"HLSLPERF_CROWD_BACKEND=2;HLSLPERF_CROWD_TILE_BINS=512;HLSLPERF_CROWD_TILE_REPLICAS=1;HLSLPERF_CROWD_TILE_SIZE=16;HLSLPERF_ELEMENTS_PER_THREAD=2;HLSLPERF_GROUP_SIZE=256;HLSLPERF_SCAN_BACKEND=1;HLSLPERF_SINGLE_PASS_GROUPS=256;HLSLPERF_SINGLE_PASS_ITEMS_SCALE=4;HLSLPERF_VECTOR_WIDTH=1;HLSLPERF_WAVE_SIZE=32","2.4033;2.3936;2.385;2.4029;2.4931;2.4708;2.4637;2.4402;2.4775;2.4934;2.4964",""
"HLSLPERF_CROWD_BACKEND-2__HLSLPERF_CROWD_TILE_BINS-512__HLSLPERF_CROWD_TILE_REPLICAS-2__HLSLPERF_CROWD_TILE_SIZE-16__HLSLPERF_ELEMENTS_PER_THREAD-2__HLSLPERF_GROUP_SIZE-256__HLSLPERF_SCAN_BACKEND-1__HLSLPERF_SINGLE_PASS_GROUPS-256__HLSLPERF_SINGLE_PASS_ITEMS_SCALE-4__HLSLPERF_VECTOR_WIDTH-1__HLSLPERF_WAVE_SIZE-32",true,true,true,"",,,,,,,,4,2.4461,2.4963,0.0167,20576.2839,1.3,"HLSLPERF_CROWD_BACKEND=2;HLSLPERF_CROWD_TILE_BINS=512;HLSLPERF_CROWD_TILE_REPLICAS=2;HLSLPERF_CROWD_TILE_SIZE=16;HLSLPERF_ELEMENTS_PER_THREAD=2;HLSLPERF_GROUP_SIZE=256;HLSLPERF_SCAN_BACKEND=1;HLSLPERF_SINGLE_PASS_GROUPS=256;HLSLPERF_SINGLE_PASS_ITEMS_SCALE=4;HLSLPERF_VECTOR_WIDTH=1;HLSLPERF_WAVE_SIZE=32","2.3842;2.4018;2.3841;2.4106;2.5184;2.4599;2.4461;2.452;2.4347;2.4544;2.4741",""
"HLSLPERF_CROWD_BACKEND-2__HLSLPERF_CROWD_TILE_BINS-512__HLSLPERF_CROWD_TILE_REPLICAS-1__HLSLPERF_CROWD_TILE_SIZE-16__HLSLPERF_ELEMENTS_PER_THREAD-2__HLSLPERF_GROUP_SIZE-256__HLSLPERF_SCAN_BACKEND-1__HLSLPERF_SINGLE_PASS_GROUPS-128__HLSLPERF_SINGLE_PASS_ITEMS_SCALE-2__HLSLPERF_VECTOR_WIDTH-1__HLSLPERF_WAVE_SIZE-64",true,true,true,"",,,,,,,,2,3.2322,3.435,0.0276,15571.8509,0.9839,"HLSLPERF_CROWD_BACKEND=2;HLSLPERF_CROWD_TILE_BINS=512;HLSLPERF_CROWD_TILE_REPLICAS=1;HLSLPERF_CROWD_TILE_SIZE=16;HLSLPERF_ELEMENTS_PER_THREAD=2;HLSLPERF_GROUP_SIZE=256;HLSLPERF_SCAN_BACKEND=1;HLSLPERF_SINGLE_PASS_GROUPS=128;HLSLPERF_SINGLE_PASS_ITEMS_SCALE=2;HLSLPERF_VECTOR_WIDTH=1;HLSLPERF_WAVE_SIZE=64","3.2322;3.195;3.2189;3.2205;3.2153;3.2138;3.3577;3.2982;3.2992;3.4038;3.4662",""
"HLSLPERF_CROWD_BACKEND-2__HLSLPERF_CROWD_TILE_BINS-512__HLSLPERF_CROWD_TILE_REPLICAS-2__HLSLPERF_CROWD_TILE_SIZE-16__HLSLPERF_ELEMENTS_PER_THREAD-2__HLSLPERF_GROUP_SIZE-256__HLSLPERF_SCAN_BACKEND-1__HLSLPERF_SINGLE_PASS_GROUPS-128__HLSLPERF_SINGLE_PASS_ITEMS_SCALE-2__HLSLPERF_VECTOR_WIDTH-1__HLSLPERF_WAVE_SIZE-64",true,true,true,"",,,,,,,,2,3.2906,3.463,0.0347,15295.3979,0.9664,"HLSLPERF_CROWD_BACKEND=2;HLSLPERF_CROWD_TILE_BINS=512;HLSLPERF_CROWD_TILE_REPLICAS=2;HLSLPERF_CROWD_TILE_SIZE=16;HLSLPERF_ELEMENTS_PER_THREAD=2;HLSLPERF_GROUP_SIZE=256;HLSLPERF_SCAN_BACKEND=1;HLSLPERF_SINGLE_PASS_GROUPS=128;HLSLPERF_SINGLE_PASS_ITEMS_SCALE=2;HLSLPERF_VECTOR_WIDTH=1;HLSLPERF_WAVE_SIZE=64","3.1871;3.2135;3.1872;3.1908;3.1956;3.4033;3.2906;3.2906;3.4769;3.4028;3.449",""
"HLSLPERF_CROWD_BACKEND-2__HLSLPERF_CROWD_TILE_BINS-512__HLSLPERF_CROWD_TILE_REPLICAS-1__HLSLPERF_CROWD_TILE_SIZE-16__HLSLPERF_ELEMENTS_PER_THREAD-2__HLSLPERF_GROUP_SIZE-256__HLSLPERF_SCAN_BACKEND-1__HLSLPERF_SINGLE_PASS_GROUPS-256__HLSLPERF_SINGLE_PASS_ITEMS_SCALE-2__HLSLPERF_VECTOR_WIDTH-1__HLSLPERF_WAVE_SIZE-64",true,true,true,"",,,,,,,,2,2.7579,2.8697,0.0194,18250.1226,1.1531,"HLSLPERF_CROWD_BACKEND=2;HLSLPERF_CROWD_TILE_BINS=512;HLSLPERF_CROWD_TILE_REPLICAS=1;HLSLPERF_CROWD_TILE_SIZE=16;HLSLPERF_ELEMENTS_PER_THREAD=2;HLSLPERF_GROUP_SIZE=256;HLSLPERF_SCAN_BACKEND=1;HLSLPERF_SINGLE_PASS_GROUPS=256;HLSLPERF_SINGLE_PASS_ITEMS_SCALE=2;HLSLPERF_VECTOR_WIDTH=1;HLSLPERF_WAVE_SIZE=64","2.7739;2.752;2.7423;2.7626;2.7339;2.7557;2.7395;2.7579;2.9131;2.8219;2.8264",""
"HLSLPERF_CROWD_BACKEND-2__HLSLPERF_CROWD_TILE_BINS-512__HLSLPERF_CROWD_TILE_REPLICAS-2__HLSLPERF_CROWD_TILE_SIZE-16__HLSLPERF_ELEMENTS_PER_THREAD-2__HLSLPERF_GROUP_SIZE-256__HLSLPERF_SCAN_BACKEND-1__HLSLPERF_SINGLE_PASS_GROUPS-256__HLSLPERF_SINGLE_PASS_ITEMS_SCALE-2__HLSLPERF_VECTOR_WIDTH-1__HLSLPERF_WAVE_SIZE-64",true,true,true,"",,,,,,,,2,2.7522,2.868,0.0191,18287.9201,1.1555,"HLSLPERF_CROWD_BACKEND=2;HLSLPERF_CROWD_TILE_BINS=512;HLSLPERF_CROWD_TILE_REPLICAS=2;HLSLPERF_CROWD_TILE_SIZE=16;HLSLPERF_ELEMENTS_PER_THREAD=2;HLSLPERF_GROUP_SIZE=256;HLSLPERF_SCAN_BACKEND=1;HLSLPERF_SINGLE_PASS_GROUPS=256;HLSLPERF_SINGLE_PASS_ITEMS_SCALE=2;HLSLPERF_VECTOR_WIDTH=1;HLSLPERF_WAVE_SIZE=64","2.7522;2.7653;2.7548;2.7387;2.7482;2.7498;2.7435;2.7561;2.7475;2.9186;2.8174",""
"HLSLPERF_CROWD_BACKEND-2__HLSLPERF_CROWD_TILE_BINS-512__HLSLPERF_CROWD_TILE_REPLICAS-1__HLSLPERF_CROWD_TILE_SIZE-16__HLSLPERF_ELEMENTS_PER_THREAD-2__HLSLPERF_GROUP_SIZE-256__HLSLPERF_SCAN_BACKEND-1__HLSLPERF_SINGLE_PASS_GROUPS-128__HLSLPERF_SINGLE_PASS_ITEMS_SCALE-4__HLSLPERF_VECTOR_WIDTH-1__HLSLPERF_WAVE_SIZE-64",true,true,true,"",,,,,,,,2,2.5439,2.6272,0.0185,19785.5417,1.2501,"HLSLPERF_CROWD_BACKEND=2;HLSLPERF_CROWD_TILE_BINS=512;HLSLPERF_CROWD_TILE_REPLICAS=1;HLSLPERF_CROWD_TILE_SIZE=16;HLSLPERF_ELEMENTS_PER_THREAD=2;HLSLPERF_GROUP_SIZE=256;HLSLPERF_SCAN_BACKEND=1;HLSLPERF_SINGLE_PASS_GROUPS=128;HLSLPERF_SINGLE_PASS_ITEMS_SCALE=4;HLSLPERF_VECTOR_WIDTH=1;HLSLPERF_WAVE_SIZE=64","2.5556;2.5731;2.5239;2.5453;2.5439;2.511;2.5182;2.5654;2.5212;2.5342;2.6812",""
"HLSLPERF_CROWD_BACKEND-2__HLSLPERF_CROWD_TILE_BINS-512__HLSLPERF_CROWD_TILE_REPLICAS-2__HLSLPERF_CROWD_TILE_SIZE-16__HLSLPERF_ELEMENTS_PER_THREAD-2__HLSLPERF_GROUP_SIZE-256__HLSLPERF_SCAN_BACKEND-1__HLSLPERF_SINGLE_PASS_GROUPS-128__HLSLPERF_SINGLE_PASS_ITEMS_SCALE-4__HLSLPERF_VECTOR_WIDTH-1__HLSLPERF_WAVE_SIZE-64",true,true,true,"",,,,,,,,2,2.6547,2.687,0.0082,18959.7342,1.1979,"HLSLPERF_CROWD_BACKEND=2;HLSLPERF_CROWD_TILE_BINS=512;HLSLPERF_CROWD_TILE_REPLICAS=2;HLSLPERF_CROWD_TILE_SIZE=16;HLSLPERF_ELEMENTS_PER_THREAD=2;HLSLPERF_GROUP_SIZE=256;HLSLPERF_SCAN_BACKEND=1;HLSLPERF_SINGLE_PASS_GROUPS=128;HLSLPERF_SINGLE_PASS_ITEMS_SCALE=4;HLSLPERF_VECTOR_WIDTH=1;HLSLPERF_WAVE_SIZE=64","2.6515;2.6631;2.6915;2.6467;2.6825;2.651;2.6547;2.6705;2.6186;2.6297;2.6736",""
"HLSLPERF_CROWD_BACKEND-2__HLSLPERF_CROWD_TILE_BINS-512__HLSLPERF_CROWD_TILE_REPLICAS-1__HLSLPERF_CROWD_TILE_SIZE-16__HLSLPERF_ELEMENTS_PER_THREAD-2__HLSLPERF_GROUP_SIZE-256__HLSLPERF_SCAN_BACKEND-1__HLSLPERF_SINGLE_PASS_GROUPS-256__HLSLPERF_SINGLE_PASS_ITEMS_SCALE-4__HLSLPERF_VECTOR_WIDTH-1__HLSLPERF_WAVE_SIZE-64",true,true,true,"",,,,,,,,4,2.4379,2.6308,0.0511,20645.1545,1.3044,"HLSLPERF_CROWD_BACKEND=2;HLSLPERF_CROWD_TILE_BINS=512;HLSLPERF_CROWD_TILE_REPLICAS=1;HLSLPERF_CROWD_TILE_SIZE=16;HLSLPERF_ELEMENTS_PER_THREAD=2;HLSLPERF_GROUP_SIZE=256;HLSLPERF_SCAN_BACKEND=1;HLSLPERF_SINGLE_PASS_GROUPS=256;HLSLPERF_SINGLE_PASS_ITEMS_SCALE=4;HLSLPERF_VECTOR_WIDTH=1;HLSLPERF_WAVE_SIZE=64","2.3568;2.343;2.3453;2.3276;2.4231;2.4379;2.5228;2.5958;2.6205;2.6411;2.6169",""
"HLSLPERF_CROWD_BACKEND-2__HLSLPERF_CROWD_TILE_BINS-512__HLSLPERF_CROWD_TILE_REPLICAS-2__HLSLPERF_CROWD_TILE_SIZE-16__HLSLPERF_ELEMENTS_PER_THREAD-2__HLSLPERF_GROUP_SIZE-256__HLSLPERF_SCAN_BACKEND-1__HLSLPERF_SINGLE_PASS_GROUPS-256__HLSLPERF_SINGLE_PASS_ITEMS_SCALE-4__HLSLPERF_VECTOR_WIDTH-1__HLSLPERF_WAVE_SIZE-64",true,true,true,"",,,,,,,,4,2.4435,2.6214,0.0455,20597.8408,1.3014,"HLSLPERF_CROWD_BACKEND=2;HLSLPERF_CROWD_TILE_BINS=512;HLSLPERF_CROWD_TILE_REPLICAS=2;HLSLPERF_CROWD_TILE_SIZE=16;HLSLPERF_ELEMENTS_PER_THREAD=2;HLSLPERF_GROUP_SIZE=256;HLSLPERF_SCAN_BACKEND=1;HLSLPERF_SINGLE_PASS_GROUPS=256;HLSLPERF_SINGLE_PASS_ITEMS_SCALE=4;HLSLPERF_VECTOR_WIDTH=1;HLSLPERF_WAVE_SIZE=64","2.3521;2.3523;2.3445;2.3396;2.4999;2.4308;2.5909;2.6301;2.5113;2.4435;2.6128",""
"HLSLPERF_CROWD_BACKEND-2__HLSLPERF_CROWD_TILE_BINS-512__HLSLPERF_CROWD_TILE_REPLICAS-1__HLSLPERF_CROWD_TILE_SIZE-16__HLSLPERF_ELEMENTS_PER_THREAD-4__HLSLPERF_GROUP_SIZE-256__HLSLPERF_SCAN_BACKEND-1__HLSLPERF_SINGLE_PASS_GROUPS-128__HLSLPERF_SINGLE_PASS_ITEMS_SCALE-2__HLSLPERF_VECTOR_WIDTH-1__HLSLPERF_WAVE_SIZE-32",true,true,true,"",,,,,,,,2,2.7025,2.7911,0.0171,18623.8309,1.1767,"HLSLPERF_CROWD_BACKEND=2;HLSLPERF_CROWD_TILE_BINS=512;HLSLPERF_CROWD_TILE_REPLICAS=1;HLSLPERF_CROWD_TILE_SIZE=16;HLSLPERF_ELEMENTS_PER_THREAD=4;HLSLPERF_GROUP_SIZE=256;HLSLPERF_SCAN_BACKEND=1;HLSLPERF_SINGLE_PASS_GROUPS=128;HLSLPERF_SINGLE_PASS_ITEMS_SCALE=2;HLSLPERF_VECTOR_WIDTH=1;HLSLPERF_WAVE_SIZE=32","2.7941;2.77;2.7025;2.6813;2.7433;2.6993;2.6714;2.6922;2.6642;2.713;2.7881",""
"HLSLPERF_CROWD_BACKEND-2__HLSLPERF_CROWD_TILE_BINS-512__HLSLPERF_CROWD_TILE_REPLICAS-2__HLSLPERF_CROWD_TILE_SIZE-16__HLSLPERF_ELEMENTS_PER_THREAD-4__HLSLPERF_GROUP_SIZE-256__HLSLPERF_SCAN_BACKEND-1__HLSLPERF_SINGLE_PASS_GROUPS-128__HLSLPERF_SINGLE_PASS_ITEMS_SCALE-2__HLSLPERF_VECTOR_WIDTH-1__HLSLPERF_WAVE_SIZE-32",true,true,true,"",,,,,,,,2,2.7623,2.8214,0.0179,18221.1841,1.1512,"HLSLPERF_CROWD_BACKEND=2;HLSLPERF_CROWD_TILE_BINS=512;HLSLPERF_CROWD_TILE_REPLICAS=2;HLSLPERF_CROWD_TILE_SIZE=16;HLSLPERF_ELEMENTS_PER_THREAD=4;HLSLPERF_GROUP_SIZE=256;HLSLPERF_SCAN_BACKEND=1;HLSLPERF_SINGLE_PASS_GROUPS=128;HLSLPERF_SINGLE_PASS_ITEMS_SCALE=2;HLSLPERF_VECTOR_WIDTH=1;HLSLPERF_WAVE_SIZE=32","2.8038;2.8108;2.6823;2.7684;2.7028;2.7623;2.7786;2.7127;2.7597;2.8321;2.7058",""
"HLSLPERF_CROWD_BACKEND-2__HLSLPERF_CROWD_TILE_BINS-512__HLSLPERF_CROWD_TILE_REPLICAS-1__HLSLPERF_CROWD_TILE_SIZE-16__HLSLPERF_ELEMENTS_PER_THREAD-4__HLSLPERF_GROUP_SIZE-256__HLSLPERF_SCAN_BACKEND-1__HLSLPERF_SINGLE_PASS_GROUPS-256__HLSLPERF_SINGLE_PASS_ITEMS_SCALE-2__HLSLPERF_VECTOR_WIDTH-1__HLSLPERF_WAVE_SIZE-32",true,true,true,"",,,,,,,,2,2.4893,2.8491,0.0586,20219.3598,1.2775,"HLSLPERF_CROWD_BACKEND=2;HLSLPERF_CROWD_TILE_BINS=512;HLSLPERF_CROWD_TILE_REPLICAS=1;HLSLPERF_CROWD_TILE_SIZE=16;HLSLPERF_ELEMENTS_PER_THREAD=4;HLSLPERF_GROUP_SIZE=256;HLSLPERF_SCAN_BACKEND=1;HLSLPERF_SINGLE_PASS_GROUPS=256;HLSLPERF_SINGLE_PASS_ITEMS_SCALE=2;HLSLPERF_VECTOR_WIDTH=1;HLSLPERF_WAVE_SIZE=32","2.4679;2.458;2.5626;2.7971;2.4746;2.4824;2.4893;2.4865;2.4935;2.4927;2.9011",""
"HLSLPERF_CROWD_BACKEND-2__HLSLPERF_CROWD_TILE_BINS-512__HLSLPERF_CROWD_TILE_REPLICAS-2__HLSLPERF_CROWD_TILE_SIZE-16__HLSLPERF_ELEMENTS_PER_THREAD-4__HLSLPERF_GROUP_SIZE-256__HLSLPERF_SCAN_BACKEND-1__HLSLPERF_SINGLE_PASS_GROUPS-256__HLSLPERF_SINGLE_PASS_ITEMS_SCALE-2__HLSLPERF_VECTOR_WIDTH-1__HLSLPERF_WAVE_SIZE-32",true,true,true,"",,,,,,,,4,2.4897,2.6604,0.0378,20216.0301,1.2773,"HLSLPERF_CROWD_BACKEND=2;HLSLPERF_CROWD_TILE_BINS=512;HLSLPERF_CROWD_TILE_REPLICAS=2;HLSLPERF_CROWD_TILE_SIZE=16;HLSLPERF_ELEMENTS_PER_THREAD=4;HLSLPERF_GROUP_SIZE=256;HLSLPERF_SCAN_BACKEND=1;HLSLPERF_SINGLE_PASS_GROUPS=256;HLSLPERF_SINGLE_PASS_ITEMS_SCALE=2;HLSLPERF_VECTOR_WIDTH=1;HLSLPERF_WAVE_SIZE=32","2.4213;2.4172;2.4117;2.4131;2.5198;2.4972;2.5676;2.6472;2.4897;2.6736;2.4381",""
"HLSLPERF_CROWD_BACKEND-2__HLSLPERF_CROWD_TILE_BINS-512__HLSLPERF_CROWD_TILE_REPLICAS-1__HLSLPERF_CROWD_TILE_SIZE-16__HLSLPERF_ELEMENTS_PER_THREAD-4__HLSLPERF_GROUP_SIZE-256__HLSLPERF_SCAN_BACKEND-1__HLSLPERF_SINGLE_PASS_GROUPS-128__HLSLPERF_SINGLE_PASS_ITEMS_SCALE-4__HLSLPERF_VECTOR_WIDTH-1__HLSLPERF_WAVE_SIZE-32",true,true,true,"",,,,,,,,4,2.4393,2.4908,0.0242,20633.9824,1.3037,"HLSLPERF_CROWD_BACKEND=2;HLSLPERF_CROWD_TILE_BINS=512;HLSLPERF_CROWD_TILE_REPLICAS=1;HLSLPERF_CROWD_TILE_SIZE=16;HLSLPERF_ELEMENTS_PER_THREAD=4;HLSLPERF_GROUP_SIZE=256;HLSLPERF_SCAN_BACKEND=1;HLSLPERF_SINGLE_PASS_GROUPS=128;HLSLPERF_SINGLE_PASS_ITEMS_SCALE=4;HLSLPERF_VECTOR_WIDTH=1;HLSLPERF_WAVE_SIZE=32","2.3668;2.3528;2.3627;2.3515;2.3425;2.4393;2.4397;2.4572;2.5048;2.4459;2.4767",""
"HLSLPERF_CROWD_BACKEND-2__HLSLPERF_CROWD_TILE_BINS-512__HLSLPERF_CROWD_TILE_REPLICAS-2__HLSLPERF_CROWD_TILE_SIZE-16__HLSLPERF_ELEMENTS_PER_THREAD-4__HLSLPERF_GROUP_SIZE-256__HLSLPERF_SCAN_BACKEND-1__HLSLPERF_SINGLE_PASS_GROUPS-128__HLSLPERF_SINGLE_PASS_ITEMS_SCALE-4__HLSLPERF_VECTOR_WIDTH-1__HLSLPERF_WAVE_SIZE-32",true,true,true,"",,,,,,,,4,2.4323,2.506,0.024,20692.8562,1.3074,"HLSLPERF_CROWD_BACKEND=2;HLSLPERF_CROWD_TILE_BINS=512;HLSLPERF_CROWD_TILE_REPLICAS=2;HLSLPERF_CROWD_TILE_SIZE=16;HLSLPERF_ELEMENTS_PER_THREAD=4;HLSLPERF_GROUP_SIZE=256;HLSLPERF_SCAN_BACKEND=1;HLSLPERF_SINGLE_PASS_GROUPS=128;HLSLPERF_SINGLE_PASS_ITEMS_SCALE=4;HLSLPERF_VECTOR_WIDTH=1;HLSLPERF_WAVE_SIZE=32","2.3565;2.3712;2.3501;2.3461;2.4449;2.4323;2.5217;2.4362;2.4068;2.4902;2.4413",""
"HLSLPERF_CROWD_BACKEND-2__HLSLPERF_CROWD_TILE_BINS-512__HLSLPERF_CROWD_TILE_REPLICAS-1__HLSLPERF_CROWD_TILE_SIZE-16__HLSLPERF_ELEMENTS_PER_THREAD-4__HLSLPERF_GROUP_SIZE-256__HLSLPERF_SCAN_BACKEND-1__HLSLPERF_SINGLE_PASS_GROUPS-256__HLSLPERF_SINGLE_PASS_ITEMS_SCALE-4__HLSLPERF_VECTOR_WIDTH-1__HLSLPERF_WAVE_SIZE-32",true,true,true,"",,,,,,,,4,2.3512,2.4914,0.0298,21406.9735,1.3525,"HLSLPERF_CROWD_BACKEND=2;HLSLPERF_CROWD_TILE_BINS=512;HLSLPERF_CROWD_TILE_REPLICAS=1;HLSLPERF_CROWD_TILE_SIZE=16;HLSLPERF_ELEMENTS_PER_THREAD=4;HLSLPERF_GROUP_SIZE=256;HLSLPERF_SCAN_BACKEND=1;HLSLPERF_SINGLE_PASS_GROUPS=256;HLSLPERF_SINGLE_PASS_ITEMS_SCALE=4;HLSLPERF_VECTOR_WIDTH=1;HLSLPERF_WAVE_SIZE=32","2.3029;2.3114;2.3281;2.3078;2.3421;2.3753;2.3512;2.4597;2.4301;2.3589;2.5232",""
"HLSLPERF_CROWD_BACKEND-2__HLSLPERF_CROWD_TILE_BINS-512__HLSLPERF_CROWD_TILE_REPLICAS-2__HLSLPERF_CROWD_TILE_SIZE-16__HLSLPERF_ELEMENTS_PER_THREAD-4__HLSLPERF_GROUP_SIZE-256__HLSLPERF_SCAN_BACKEND-1__HLSLPERF_SINGLE_PASS_GROUPS-256__HLSLPERF_SINGLE_PASS_ITEMS_SCALE-4__HLSLPERF_VECTOR_WIDTH-1__HLSLPERF_WAVE_SIZE-32",true,true,true,"",,,,,,,,4,2.3647,2.5327,0.0359,21284.8507,1.3448,"HLSLPERF_CROWD_BACKEND=2;HLSLPERF_CROWD_TILE_BINS=512;HLSLPERF_CROWD_TILE_REPLICAS=2;HLSLPERF_CROWD_TILE_SIZE=16;HLSLPERF_ELEMENTS_PER_THREAD=4;HLSLPERF_GROUP_SIZE=256;HLSLPERF_SCAN_BACKEND=1;HLSLPERF_SINGLE_PASS_GROUPS=256;HLSLPERF_SINGLE_PASS_ITEMS_SCALE=4;HLSLPERF_VECTOR_WIDTH=1;HLSLPERF_WAVE_SIZE=32","2.3194;2.3353;2.31;2.3013;2.3584;2.3791;2.3647;2.5897;2.3711;2.4758;2.433",""
"HLSLPERF_CROWD_BACKEND-2__HLSLPERF_CROWD_TILE_BINS-512__HLSLPERF_CROWD_TILE_REPLICAS-1__HLSLPERF_CROWD_TILE_SIZE-16__HLSLPERF_ELEMENTS_PER_THREAD-4__HLSLPERF_GROUP_SIZE-256__HLSLPERF_SCAN_BACKEND-1__HLSLPERF_SINGLE_PASS_GROUPS-128__HLSLPERF_SINGLE_PASS_ITEMS_SCALE-2__HLSLPERF_VECTOR_WIDTH-1__HLSLPERF_WAVE_SIZE-64",true,true,false,"",,,,,,,,2,2.7683,3.1183,0.0703,18181.297,1.1487,"HLSLPERF_CROWD_BACKEND=2;HLSLPERF_CROWD_TILE_BINS=512;HLSLPERF_CROWD_TILE_REPLICAS=1;HLSLPERF_CROWD_TILE_SIZE=16;HLSLPERF_ELEMENTS_PER_THREAD=4;HLSLPERF_GROUP_SIZE=256;HLSLPERF_SCAN_BACKEND=1;HLSLPERF_SINGLE_PASS_GROUPS=128;HLSLPERF_SINGLE_PASS_ITEMS_SCALE=2;HLSLPERF_VECTOR_WIDTH=1;HLSLPERF_WAVE_SIZE=64","2.5795;2.6048;3.1675;3.069;3.0501;2.8583;2.8487;2.7575;2.6943;2.7683;2.6501",""
"HLSLPERF_CROWD_BACKEND-2__HLSLPERF_CROWD_TILE_BINS-512__HLSLPERF_CROWD_TILE_REPLICAS-2__HLSLPERF_CROWD_TILE_SIZE-16__HLSLPERF_ELEMENTS_PER_THREAD-4__HLSLPERF_GROUP_SIZE-256__HLSLPERF_SCAN_BACKEND-1__HLSLPERF_SINGLE_PASS_GROUPS-128__HLSLPERF_SINGLE_PASS_ITEMS_SCALE-2__HLSLPERF_VECTOR_WIDTH-1__HLSLPERF_WAVE_SIZE-64",true,true,true,"",,,,,,,,2,2.7277,2.8123,0.0191,18452.0468,1.1658,"HLSLPERF_CROWD_BACKEND=2;HLSLPERF_CROWD_TILE_BINS=512;HLSLPERF_CROWD_TILE_REPLICAS=2;HLSLPERF_CROWD_TILE_SIZE=16;HLSLPERF_ELEMENTS_PER_THREAD=4;HLSLPERF_GROUP_SIZE=256;HLSLPERF_SCAN_BACKEND=1;HLSLPERF_SINGLE_PASS_GROUPS=128;HLSLPERF_SINGLE_PASS_ITEMS_SCALE=2;HLSLPERF_VECTOR_WIDTH=1;HLSLPERF_WAVE_SIZE=64","2.7124;2.8;2.7622;2.8106;2.7263;2.6801;2.814;2.6924;2.7711;2.6695;2.7277",""
"HLSLPERF_CROWD_BACKEND-2__HLSLPERF_CROWD_TILE_BINS-512__HLSLPERF_CROWD_TILE_REPLICAS-1__HLSLPERF_CROWD_TILE_SIZE-16__HLSLPERF_ELEMENTS_PER_THREAD-4__HLSLPERF_GROUP_SIZE-256__HLSLPERF_SCAN_BACKEND-1__HLSLPERF_SINGLE_PASS_GROUPS-256__HLSLPERF_SINGLE_PASS_ITEMS_SCALE-2__HLSLPERF_VECTOR_WIDTH-1__HLSLPERF_WAVE_SIZE-64",true,true,true,"",,,,,,,,2,2.6593,2.7133,0.0268,18926.3682,1.1958,"HLSLPERF_CROWD_BACKEND=2;HLSLPERF_CROWD_TILE_BINS=512;HLSLPERF_CROWD_TILE_REPLICAS=1;HLSLPERF_CROWD_TILE_SIZE=16;HLSLPERF_ELEMENTS_PER_THREAD=4;HLSLPERF_GROUP_SIZE=256;HLSLPERF_SCAN_BACKEND=1;HLSLPERF_SINGLE_PASS_GROUPS=256;HLSLPERF_SINGLE_PASS_ITEMS_SCALE=2;HLSLPERF_VECTOR_WIDTH=1;HLSLPERF_WAVE_SIZE=64","2.6768;2.682;2.5431;2.7019;2.6514;2.4942;2.6628;2.5792;2.6166;2.6593;2.7248",""
"HLSLPERF_CROWD_BACKEND-2__HLSLPERF_CROWD_TILE_BINS-512__HLSLPERF_CROWD_TILE_REPLICAS-2__HLSLPERF_CROWD_TILE_SIZE-16__HLSLPERF_ELEMENTS_PER_THREAD-4__HLSLPERF_GROUP_SIZE-256__HLSLPERF_SCAN_BACKEND-1__HLSLPERF_SINGLE_PASS_GROUPS-256__HLSLPERF_SINGLE_PASS_ITEMS_SCALE-2__HLSLPERF_VECTOR_WIDTH-1__HLSLPERF_WAVE_SIZE-64",true,true,true,"",,,,,,,,4,2.4662,2.6992,0.0537,20408.2522,1.2894,"HLSLPERF_CROWD_BACKEND=2;HLSLPERF_CROWD_TILE_BINS=512;HLSLPERF_CROWD_TILE_REPLICAS=2;HLSLPERF_CROWD_TILE_SIZE=16;HLSLPERF_ELEMENTS_PER_THREAD=4;HLSLPERF_GROUP_SIZE=256;HLSLPERF_SCAN_BACKEND=1;HLSLPERF_SINGLE_PASS_GROUPS=256;HLSLPERF_SINGLE_PASS_ITEMS_SCALE=2;HLSLPERF_VECTOR_WIDTH=1;HLSLPERF_WAVE_SIZE=64","2.3901;2.3722;2.3919;2.3823;2.4662;2.4606;2.522;2.6915;2.7069;2.6629;2.6515",""
"HLSLPERF_CROWD_BACKEND-2__HLSLPERF_CROWD_TILE_BINS-512__HLSLPERF_CROWD_TILE_REPLICAS-1__HLSLPERF_CROWD_TILE_SIZE-16__HLSLPERF_ELEMENTS_PER_THREAD-4__HLSLPERF_GROUP_SIZE-256__HLSLPERF_SCAN_BACKEND-1__HLSLPERF_SINGLE_PASS_GROUPS-128__HLSLPERF_SINGLE_PASS_ITEMS_SCALE-4__HLSLPERF_VECTOR_WIDTH-1__HLSLPERF_WAVE_SIZE-64",true,true,true,"",,,,,,,,4,2.3827,2.455,0.0246,21123.7873,1.3346,"HLSLPERF_CROWD_BACKEND=2;HLSLPERF_CROWD_TILE_BINS=512;HLSLPERF_CROWD_TILE_REPLICAS=1;HLSLPERF_CROWD_TILE_SIZE=16;HLSLPERF_ELEMENTS_PER_THREAD=4;HLSLPERF_GROUP_SIZE=256;HLSLPERF_SCAN_BACKEND=1;HLSLPERF_SINGLE_PASS_GROUPS=128;HLSLPERF_SINGLE_PASS_ITEMS_SCALE=4;HLSLPERF_VECTOR_WIDTH=1;HLSLPERF_WAVE_SIZE=64","2.3225;2.3273;2.3111;2.3158;2.2988;2.45;2.3827;2.46;2.4054;2.4156;2.3932",""
"HLSLPERF_CROWD_BACKEND-2__HLSLPERF_CROWD_TILE_BINS-512__HLSLPERF_CROWD_TILE_REPLICAS-2__HLSLPERF_CROWD_TILE_SIZE-16__HLSLPERF_ELEMENTS_PER_THREAD-4__HLSLPERF_GROUP_SIZE-256__HLSLPERF_SCAN_BACKEND-1__HLSLPERF_SINGLE_PASS_GROUPS-128__HLSLPERF_SINGLE_PASS_ITEMS_SCALE-4__HLSLPERF_VECTOR_WIDTH-1__HLSLPERF_WAVE_SIZE-64",true,true,true,"",,,,,,,,4,2.4187,2.4496,0.0101,20809.8104,1.3148,"HLSLPERF_CROWD_BACKEND=2;HLSLPERF_CROWD_TILE_BINS=512;HLSLPERF_CROWD_TILE_REPLICAS=2;HLSLPERF_CROWD_TILE_SIZE=16;HLSLPERF_ELEMENTS_PER_THREAD=4;HLSLPERF_GROUP_SIZE=256;HLSLPERF_SCAN_BACKEND=1;HLSLPERF_SINGLE_PASS_GROUPS=128;HLSLPERF_SINGLE_PASS_ITEMS_SCALE=4;HLSLPERF_VECTOR_WIDTH=1;HLSLPERF_WAVE_SIZE=64","2.447;2.407;2.44;2.3939;2.4523;2.4187;2.3925;2.4132;2.3871;2.4444;2.4417",""
"HLSLPERF_CROWD_BACKEND-2__HLSLPERF_CROWD_TILE_BINS-512__HLSLPERF_CROWD_TILE_REPLICAS-1__HLSLPERF_CROWD_TILE_SIZE-16__HLSLPERF_ELEMENTS_PER_THREAD-4__HLSLPERF_GROUP_SIZE-256__HLSLPERF_SCAN_BACKEND-1__HLSLPERF_SINGLE_PASS_GROUPS-256__HLSLPERF_SINGLE_PASS_ITEMS_SCALE-4__HLSLPERF_VECTOR_WIDTH-1__HLSLPERF_WAVE_SIZE-64",true,true,true,"",,,,,,,,4,2.3093,2.5242,0.0511,21795.0081,1.377,"HLSLPERF_CROWD_BACKEND=2;HLSLPERF_CROWD_TILE_BINS=512;HLSLPERF_CROWD_TILE_REPLICAS=1;HLSLPERF_CROWD_TILE_SIZE=16;HLSLPERF_ELEMENTS_PER_THREAD=4;HLSLPERF_GROUP_SIZE=256;HLSLPERF_SCAN_BACKEND=1;HLSLPERF_SINGLE_PASS_GROUPS=256;HLSLPERF_SINGLE_PASS_ITEMS_SCALE=4;HLSLPERF_VECTOR_WIDTH=1;HLSLPERF_WAVE_SIZE=64","2.2597;2.2547;2.2556;2.2305;2.2303;2.3223;2.3093;2.4426;2.5361;2.4809;2.5123",""
"HLSLPERF_CROWD_BACKEND-2__HLSLPERF_CROWD_TILE_BINS-512__HLSLPERF_CROWD_TILE_REPLICAS-2__HLSLPERF_CROWD_TILE_SIZE-16__HLSLPERF_ELEMENTS_PER_THREAD-4__HLSLPERF_GROUP_SIZE-256__HLSLPERF_SCAN_BACKEND-1__HLSLPERF_SINGLE_PASS_GROUPS-256__HLSLPERF_SINGLE_PASS_ITEMS_SCALE-4__HLSLPERF_VECTOR_WIDTH-1__HLSLPERF_WAVE_SIZE-64",true,true,true,"",,,,,,,,4,2.2944,2.5064,0.0531,21936.5452,1.386,"HLSLPERF_CROWD_BACKEND=2;HLSLPERF_CROWD_TILE_BINS=512;HLSLPERF_CROWD_TILE_REPLICAS=2;HLSLPERF_CROWD_TILE_SIZE=16;HLSLPERF_ELEMENTS_PER_THREAD=4;HLSLPERF_GROUP_SIZE=256;HLSLPERF_SCAN_BACKEND=1;HLSLPERF_SINGLE_PASS_GROUPS=256;HLSLPERF_SINGLE_PASS_ITEMS_SCALE=4;HLSLPERF_VECTOR_WIDTH=1;HLSLPERF_WAVE_SIZE=64","2.2542;2.2245;2.2281;2.1901;2.235;2.3642;2.2944;2.4515;2.4826;2.5302;2.4658",""
"HLSLPERF_CROWD_BACKEND-2__HLSLPERF_CROWD_TILE_BINS-512__HLSLPERF_CROWD_TILE_REPLICAS-1__HLSLPERF_CROWD_TILE_SIZE-16__HLSLPERF_ELEMENTS_PER_THREAD-4__HLSLPERF_GROUP_SIZE-256__HLSLPERF_SCAN_BACKEND-1__HLSLPERF_SINGLE_PASS_GROUPS-128__HLSLPERF_SINGLE_PASS_ITEMS_SCALE-2__HLSLPERF_VECTOR_WIDTH-4__HLSLPERF_WAVE_SIZE-32",true,true,true,"",,,,,,,,2,2.629,2.7019,0.0133,19144.9338,1.2096,"HLSLPERF_CROWD_BACKEND=2;HLSLPERF_CROWD_TILE_BINS=512;HLSLPERF_CROWD_TILE_REPLICAS=1;HLSLPERF_CROWD_TILE_SIZE=16;HLSLPERF_ELEMENTS_PER_THREAD=4;HLSLPERF_GROUP_SIZE=256;HLSLPERF_SCAN_BACKEND=1;HLSLPERF_SINGLE_PASS_GROUPS=128;HLSLPERF_SINGLE_PASS_ITEMS_SCALE=2;HLSLPERF_VECTOR_WIDTH=4;HLSLPERF_WAVE_SIZE=32","2.629;2.6298;2.6267;2.6089;2.6455;2.6034;2.6051;2.6415;2.6106;2.7019;2.7019",""
"HLSLPERF_CROWD_BACKEND-2__HLSLPERF_CROWD_TILE_BINS-512__HLSLPERF_CROWD_TILE_REPLICAS-2__HLSLPERF_CROWD_TILE_SIZE-16__HLSLPERF_ELEMENTS_PER_THREAD-4__HLSLPERF_GROUP_SIZE-256__HLSLPERF_SCAN_BACKEND-1__HLSLPERF_SINGLE_PASS_GROUPS-128__HLSLPERF_SINGLE_PASS_ITEMS_SCALE-2__HLSLPERF_VECTOR_WIDTH-4__HLSLPERF_WAVE_SIZE-32",true,true,true,"",,,,,,,,2,2.7613,2.8744,0.0262,18227.6509,1.1516,"HLSLPERF_CROWD_BACKEND=2;HLSLPERF_CROWD_TILE_BINS=512;HLSLPERF_CROWD_TILE_REPLICAS=2;HLSLPERF_CROWD_TILE_SIZE=16;HLSLPERF_ELEMENTS_PER_THREAD=4;HLSLPERF_GROUP_SIZE=256;HLSLPERF_SCAN_BACKEND=1;HLSLPERF_SINGLE_PASS_GROUPS=128;HLSLPERF_SINGLE_PASS_ITEMS_SCALE=2;HLSLPERF_VECTOR_WIDTH=4;HLSLPERF_WAVE_SIZE=32","2.7755;2.9134;2.7613;2.6613;2.7812;2.6821;2.7218;2.7155;2.738;2.8156;2.8354",""
"HLSLPERF_CROWD_BACKEND-2__HLSLPERF_CROWD_TILE_BINS-512__HLSLPERF_CROWD_TILE_REPLICAS-1__HLSLPERF_CROWD_TILE_SIZE-16__HLSLPERF_ELEMENTS_PER_THREAD-4__HLSLPERF_GROUP_SIZE-256__HLSLPERF_SCAN_BACKEND-1__HLSLPERF_SINGLE_PASS_GROUPS-256__HLSLPERF_SINGLE_PASS_ITEMS_SCALE-2__HLSLPERF_VECTOR_WIDTH-4__HLSLPERF_WAVE_SIZE-32",true,true,true,"",,,,,,,,4,2.5019,2.6097,0.0341,20117.5308,1.2711,"HLSLPERF_CROWD_BACKEND=2;HLSLPERF_CROWD_TILE_BINS=512;HLSLPERF_CROWD_TILE_REPLICAS=1;HLSLPERF_CROWD_TILE_SIZE=16;HLSLPERF_ELEMENTS_PER_THREAD=4;HLSLPERF_GROUP_SIZE=256;HLSLPERF_SCAN_BACKEND=1;HLSLPERF_SINGLE_PASS_GROUPS=256;HLSLPERF_SINGLE_PASS_ITEMS_SCALE=2;HLSLPERF_VECTOR_WIDTH=4;HLSLPERF_WAVE_SIZE=32","2.3943;2.429;2.3978;2.4099;2.5293;2.515;2.5209;2.5195;2.6902;2.5019;2.481",""
"HLSLPERF_CROWD_BACKEND-2__HLSLPERF_CROWD_TILE_BINS-512__HLSLPERF_CROWD_TILE_REPLICAS-2__HLSLPERF_CROWD_TILE_SIZE-16__HLSLPERF_ELEMENTS_PER_THREAD-4__HLSLPERF_GROUP_SIZE-256__HLSLPERF_SCAN_BACKEND-1__HLSLPERF_SINGLE_PASS_GROUPS-256__HLSLPERF_SINGLE_PASS_ITEMS_SCALE-2__HLSLPERF_VECTOR_WIDTH-4__HLSLPERF_WAVE_SIZE-32",true,true,true,"",,,,,,,,4,2.4117,2.575,0.0355,20869.8664,1.3186,"HLSLPERF_CROWD_BACKEND=2;HLSLPERF_CROWD_TILE_BINS=512;HLSLPERF_CROWD_TILE_REPLICAS=2;HLSLPERF_CROWD_TILE_SIZE=16;HLSLPERF_ELEMENTS_PER_THREAD=4;HLSLPERF_GROUP_SIZE=256;HLSLPERF_SCAN_BACKEND=1;HLSLPERF_SINGLE_PASS_GROUPS=256;HLSLPERF_SINGLE_PASS_ITEMS_SCALE=2;HLSLPERF_VECTOR_WIDTH=4;HLSLPERF_WAVE_SIZE=32","2.4506;2.6994;2.4115;2.3965;2.4444;2.4111;2.4265;2.4062;2.4119;2.4019;2.4117",""
"HLSLPERF_CROWD_BACKEND-2__HLSLPERF_CROWD_TILE_BINS-512__HLSLPERF_CROWD_TILE_REPLICAS-1__HLSLPERF_CROWD_TILE_SIZE-16__HLSLPERF_ELEMENTS_PER_THREAD-4__HLSLPERF_GROUP_SIZE-256__HLSLPERF_SCAN_BACKEND-1__HLSLPERF_SINGLE_PASS_GROUPS-128__HLSLPERF_SINGLE_PASS_ITEMS_SCALE-4__HLSLPERF_VECTOR_WIDTH-4__HLSLPERF_WAVE_SIZE-32",true,true,true,"",,,,,,,,4,2.428,2.4911,0.0207,20729.9299,1.3097,"HLSLPERF_CROWD_BACKEND=2;HLSLPERF_CROWD_TILE_BINS=512;HLSLPERF_CROWD_TILE_REPLICAS=1;HLSLPERF_CROWD_TILE_SIZE=16;HLSLPERF_ELEMENTS_PER_THREAD=4;HLSLPERF_GROUP_SIZE=256;HLSLPERF_SCAN_BACKEND=1;HLSLPERF_SINGLE_PASS_GROUPS=128;HLSLPERF_SINGLE_PASS_ITEMS_SCALE=4;HLSLPERF_VECTOR_WIDTH=4;HLSLPERF_WAVE_SIZE=32","2.3787;2.373;2.3557;2.3674;2.4885;2.4554;2.4937;2.4696;2.428;2.4087;2.4393",""
"HLSLPERF_CROWD_BACKEND-2__HLSLPERF_CROWD_TILE_BINS-512__HLSLPERF_CROWD_TILE_REPLICAS-2__HLSLPERF_CROWD_TILE_SIZE-16__HLSLPERF_ELEMENTS_PER_THREAD-4__HLSLPERF_GROUP_SIZE-256__HLSLPERF_SCAN_BACKEND-1__HLSLPERF_SINGLE_PASS_GROUPS-128__HLSLPERF_SINGLE_PASS_ITEMS_SCALE-4__HLSLPERF_VECTOR_WIDTH-4__HLSLPERF_WAVE_SIZE-32",true,true,true,"",,,,,,,,4,2.4532,2.491,0.0114,20516.7324,1.2963,"HLSLPERF_CROWD_BACKEND=2;HLSLPERF_CROWD_TILE_BINS=512;HLSLPERF_CROWD_TILE_REPLICAS=2;HLSLPERF_CROWD_TILE_SIZE=16;HLSLPERF_ELEMENTS_PER_THREAD=4;HLSLPERF_GROUP_SIZE=256;HLSLPERF_SCAN_BACKEND=1;HLSLPERF_SINGLE_PASS_GROUPS=128;HLSLPERF_SINGLE_PASS_ITEMS_SCALE=4;HLSLPERF_VECTOR_WIDTH=4;HLSLPERF_WAVE_SIZE=32","2.4357;2.4532;2.429;2.4902;2.4819;2.43;2.4578;2.4918;2.4344;2.4596;2.4047",""
"HLSLPERF_CROWD_BACKEND-2__HLSLPERF_CROWD_TILE_BINS-512__HLSLPERF_CROWD_TILE_REPLICAS-1__HLSLPERF_CROWD_TILE_SIZE-16__HLSLPERF_ELEMENTS_PER_THREAD-4__HLSLPERF_GROUP_SIZE-256__HLSLPERF_SCAN_BACKEND-1__HLSLPERF_SINGLE_PASS_GROUPS-256__HLSLPERF_SINGLE_PASS_ITEMS_SCALE-4__HLSLPERF_VECTOR_WIDTH-4__HLSLPERF_WAVE_SIZE-32",true,true,true,"",,,,,,,,4,2.3466,2.4743,0.0332,21449.1204,1.3552,"HLSLPERF_CROWD_BACKEND=2;HLSLPERF_CROWD_TILE_BINS=512;HLSLPERF_CROWD_TILE_REPLICAS=1;HLSLPERF_CROWD_TILE_SIZE=16;HLSLPERF_ELEMENTS_PER_THREAD=4;HLSLPERF_GROUP_SIZE=256;HLSLPERF_SCAN_BACKEND=1;HLSLPERF_SINGLE_PASS_GROUPS=256;HLSLPERF_SINGLE_PASS_ITEMS_SCALE=4;HLSLPERF_VECTOR_WIDTH=4;HLSLPERF_WAVE_SIZE=32","2.281;2.2768;2.3013;2.2783;2.2917;2.3744;2.3639;2.4741;2.4745;2.3466;2.4423",""
"HLSLPERF_CROWD_BACKEND-2__HLSLPERF_CROWD_TILE_BINS-512__HLSLPERF_CROWD_TILE_REPLICAS-2__HLSLPERF_CROWD_TILE_SIZE-16__HLSLPERF_ELEMENTS_PER_THREAD-4__HLSLPERF_GROUP_SIZE-256__HLSLPERF_SCAN_BACKEND-1__HLSLPERF_SINGLE_PASS_GROUPS-256__HLSLPERF_SINGLE_PASS_ITEMS_SCALE-4__HLSLPERF_VECTOR_WIDTH-4__HLSLPERF_WAVE_SIZE-32",true,true,true,"",,,,,,,,4,2.3068,2.4511,0.0303,21818.7228,1.3785,"HLSLPERF_CROWD_BACKEND=2;HLSLPERF_CROWD_TILE_BINS=512;HLSLPERF_CROWD_TILE_REPLICAS=2;HLSLPERF_CROWD_TILE_SIZE=16;HLSLPERF_ELEMENTS_PER_THREAD=4;HLSLPERF_GROUP_SIZE=256;HLSLPERF_SCAN_BACKEND=1;HLSLPERF_SINGLE_PASS_GROUPS=256;HLSLPERF_SINGLE_PASS_ITEMS_SCALE=4;HLSLPERF_VECTOR_WIDTH=4;HLSLPERF_WAVE_SIZE=32","2.3716;2.3704;2.5307;2.3068;2.3032;2.3305;2.2975;2.2951;2.2822;2.2975;2.3188",""
"HLSLPERF_CROWD_BACKEND-2__HLSLPERF_CROWD_TILE_BINS-512__HLSLPERF_CROWD_TILE_REPLICAS-1__HLSLPERF_CROWD_TILE_SIZE-16__HLSLPERF_ELEMENTS_PER_THREAD-4__HLSLPERF_GROUP_SIZE-256__HLSLPERF_SCAN_BACKEND-1__HLSLPERF_SINGLE_PASS_GROUPS-128__HLSLPERF_SINGLE_PASS_ITEMS_SCALE-2__HLSLPERF_VECTOR_WIDTH-4__HLSLPERF_WAVE_SIZE-64",true,true,true,"",,,,,,,,2,2.5651,2.6008,0.0078,19621.7099,1.2397,"HLSLPERF_CROWD_BACKEND=2;HLSLPERF_CROWD_TILE_BINS=512;HLSLPERF_CROWD_TILE_REPLICAS=1;HLSLPERF_CROWD_TILE_SIZE=16;HLSLPERF_ELEMENTS_PER_THREAD=4;HLSLPERF_GROUP_SIZE=256;HLSLPERF_SCAN_BACKEND=1;HLSLPERF_SINGLE_PASS_GROUPS=128;HLSLPERF_SINGLE_PASS_ITEMS_SCALE=2;HLSLPERF_VECTOR_WIDTH=4;HLSLPERF_WAVE_SIZE=64","2.5595;2.5816;2.5874;2.5522;2.5435;2.5651;2.5503;2.5616;2.5654;2.6142;2.5681",""
"HLSLPERF_CROWD_BACKEND-2__HLSLPERF_CROWD_TILE_BINS-512__HLSLPERF_CROWD_TILE_REPLICAS-2__HLSLPERF_CROWD_TILE_SIZE-16__HLSLPERF_ELEMENTS_PER_THREAD-4__HLSLPERF_GROUP_SIZE-256__HLSLPERF_SCAN_BACKEND-1__HLSLPERF_SINGLE_PASS_GROUPS-128__HLSLPERF_SINGLE_PASS_ITEMS_SCALE-2__HLSLPERF_VECTOR_WIDTH-4__HLSLPERF_WAVE_SIZE-64",true,true,true,"",,,,,,,,2,2.5852,2.725,0.0249,19468.9999,1.2301,"HLSLPERF_CROWD_BACKEND=2;HLSLPERF_CROWD_TILE_BINS=512;HLSLPERF_CROWD_TILE_REPLICAS=2;HLSLPERF_CROWD_TILE_SIZE=16;HLSLPERF_ELEMENTS_PER_THREAD=4;HLSLPERF_GROUP_SIZE=256;HLSLPERF_SCAN_BACKEND=1;HLSLPERF_SINGLE_PASS_GROUPS=128;HLSLPERF_SINGLE_PASS_ITEMS_SCALE=2;HLSLPERF_VECTOR_WIDTH=4;HLSLPERF_WAVE_SIZE=64","2.5702;2.5936;2.5873;2.5643;2.5882;2.5722;2.5735;2.5852;2.5677;2.7796;2.6704",""
"HLSLPERF_CROWD_BACKEND-2__HLSLPERF_CROWD_TILE_BINS-512__HLSLPERF_CROWD_TILE_REPLICAS-1__HLSLPERF_CROWD_TILE_SIZE-16__HLSLPERF_ELEMENTS_PER_THREAD-4__HLSLPERF_GROUP_SIZE-256__HLSLPERF_SCAN_BACKEND-1__HLSLPERF_SINGLE_PASS_GROUPS-256__HLSLPERF_SINGLE_PASS_ITEMS_SCALE-2__HLSLPERF_VECTOR_WIDTH-4__HLSLPERF_WAVE_SIZE-64",true,true,true,"",,,,,,,,2,2.6419,2.6896,0.0148,19051.0186,1.2037,"HLSLPERF_CROWD_BACKEND=2;HLSLPERF_CROWD_TILE_BINS=512;HLSLPERF_CROWD_TILE_REPLICAS=1;HLSLPERF_CROWD_TILE_SIZE=16;HLSLPERF_ELEMENTS_PER_THREAD=4;HLSLPERF_GROUP_SIZE=256;HLSLPERF_SCAN_BACKEND=1;HLSLPERF_SINGLE_PASS_GROUPS=256;HLSLPERF_SINGLE_PASS_ITEMS_SCALE=2;HLSLPERF_VECTOR_WIDTH=4;HLSLPERF_WAVE_SIZE=64","2.6738;2.6419;2.6028;2.7055;2.6394;2.6423;2.5949;2.673;2.5815;2.6709;2.6083",""
"HLSLPERF_CROWD_BACKEND-2__HLSLPERF_CROWD_TILE_BINS-512__HLSLPERF_CROWD_TILE_REPLICAS-2__HLSLPERF_CROWD_TILE_SIZE-16__HLSLPERF_ELEMENTS_PER_THREAD-4__HLSLPERF_GROUP_SIZE-256__HLSLPERF_SCAN_BACKEND-1__HLSLPERF_SINGLE_PASS_GROUPS-256__HLSLPERF_SINGLE_PASS_ITEMS_SCALE-2__HLSLPERF_VECTOR_WIDTH-4__HLSLPERF_WAVE_SIZE-64",true,true,true,"",,,,,,,,2,2.6629,2.6879,0.0071,18900.7818,1.1942,"HLSLPERF_CROWD_BACKEND=2;HLSLPERF_CROWD_TILE_BINS=512;HLSLPERF_CROWD_TILE_REPLICAS=2;HLSLPERF_CROWD_TILE_SIZE=16;HLSLPERF_ELEMENTS_PER_THREAD=4;HLSLPERF_GROUP_SIZE=256;HLSLPERF_SCAN_BACKEND=1;HLSLPERF_SINGLE_PASS_GROUPS=256;HLSLPERF_SINGLE_PASS_ITEMS_SCALE=2;HLSLPERF_VECTOR_WIDTH=4;HLSLPERF_WAVE_SIZE=64","2.6321;2.7001;2.6655;2.6749;2.6466;2.6647;2.6756;2.6584;2.6596;2.6376;2.6629",""
"HLSLPERF_CROWD_BACKEND-2__HLSLPERF_CROWD_TILE_BINS-512__HLSLPERF_CROWD_TILE_REPLICAS-1__HLSLPERF_CROWD_TILE_SIZE-16__HLSLPERF_ELEMENTS_PER_THREAD-4__HLSLPERF_GROUP_SIZE-256__HLSLPERF_SCAN_BACKEND-1__HLSLPERF_SINGLE_PASS_GROUPS-128__HLSLPERF_SINGLE_PASS_ITEMS_SCALE-4__HLSLPERF_VECTOR_WIDTH-4__HLSLPERF_WAVE_SIZE-64",true,true,true,"",,,,,,,,4,2.3757,2.4775,0.024,21186.3853,1.3386,"HLSLPERF_CROWD_BACKEND=2;HLSLPERF_CROWD_TILE_BINS=512;HLSLPERF_CROWD_TILE_REPLICAS=1;HLSLPERF_CROWD_TILE_SIZE=16;HLSLPERF_ELEMENTS_PER_THREAD=4;HLSLPERF_GROUP_SIZE=256;HLSLPERF_SCAN_BACKEND=1;HLSLPERF_SINGLE_PASS_GROUPS=128;HLSLPERF_SINGLE_PASS_ITEMS_SCALE=4;HLSLPERF_VECTOR_WIDTH=4;HLSLPERF_WAVE_SIZE=64","2.3829;2.3344;2.3266;2.3104;2.3757;2.3959;2.3703;2.5195;2.4356;2.3917;2.3692",""
"HLSLPERF_CROWD_BACKEND-2__HLSLPERF_CROWD_TILE_BINS-512__HLSLPERF_CROWD_TILE_REPLICAS-2__HLSLPERF_CROWD_TILE_SIZE-16__HLSLPERF_ELEMENTS_PER_THREAD-4__HLSLPERF_GROUP_SIZE-256__HLSLPERF_SCAN_BACKEND-1__HLSLPERF_SINGLE_PASS_GROUPS-128__HLSLPERF_SINGLE_PASS_ITEMS_SCALE-4__HLSLPERF_VECTOR_WIDTH-4__HLSLPERF_WAVE_SIZE-64",true,true,true,"",,,,,,,,4,2.3744,2.4355,0.0196,21197.4495,1.3393,"HLSLPERF_CROWD_BACKEND=2;HLSLPERF_CROWD_TILE_BINS=512;HLSLPERF_CROWD_TILE_REPLICAS=2;HLSLPERF_CROWD_TILE_SIZE=16;HLSLPERF_ELEMENTS_PER_THREAD=4;HLSLPERF_GROUP_SIZE=256;HLSLPERF_SCAN_BACKEND=1;HLSLPERF_SINGLE_PASS_GROUPS=128;HLSLPERF_SINGLE_PASS_ITEMS_SCALE=4;HLSLPERF_VECTOR_WIDTH=4;HLSLPERF_WAVE_SIZE=64","2.3459;2.3744;2.3272;2.3158;2.3228;2.4147;2.4063;2.4387;2.4268;2.3736;2.4322",""
"HLSLPERF_CROWD_BACKEND-2__HLSLPERF_CROWD_TILE_BINS-512__HLSLPERF_CROWD_TILE_REPLICAS-1__HLSLPERF_CROWD_TILE_SIZE-16__HLSLPERF_ELEMENTS_PER_THREAD-4__HLSLPERF_GROUP_SIZE-256__HLSLPERF_SCAN_BACKEND-1__HLSLPERF_SINGLE_PASS_GROUPS-256__HLSLPERF_SINGLE_PASS_ITEMS_SCALE-4__HLSLPERF_VECTOR_WIDTH-4__HLSLPERF_WAVE_SIZE-64",true,true,true,"",,,,,,,,2,2.5314,2.6003,0.014,19882.6154,1.2562,"HLSLPERF_CROWD_BACKEND=2;HLSLPERF_CROWD_TILE_BINS=512;HLSLPERF_CROWD_TILE_REPLICAS=1;HLSLPERF_CROWD_TILE_SIZE=16;HLSLPERF_ELEMENTS_PER_THREAD=4;HLSLPERF_GROUP_SIZE=256;HLSLPERF_SCAN_BACKEND=1;HLSLPERF_SINGLE_PASS_GROUPS=256;HLSLPERF_SINGLE_PASS_ITEMS_SCALE=4;HLSLPERF_VECTOR_WIDTH=4;HLSLPERF_WAVE_SIZE=64","2.5352;2.4948;2.5314;2.5233;2.5674;2.5194;2.5246;2.6257;2.5212;2.5367;2.575",""
"HLSLPERF_CROWD_BACKEND-2__HLSLPERF_CROWD_TILE_BINS-512__HLSLPERF_CROWD_TILE_REPLICAS-2__HLSLPERF_CROWD_TILE_SIZE-16__HLSLPERF_ELEMENTS_PER_THREAD-4__HLSLPERF_GROUP_SIZE-256__HLSLPERF_SCAN_BACKEND-1__HLSLPERF_SINGLE_PASS_GROUPS-256__HLSLPERF_SINGLE_PASS_ITEMS_SCALE-4__HLSLPERF_VECTOR_WIDTH-4__HLSLPERF_WAVE_SIZE-64",true,true,true,"",,,,,,,,4,2.3771,2.5396,0.0391,21173.64,1.3378,"HLSLPERF_CROWD_BACKEND=2;HLSLPERF_CROWD_TILE_BINS=512;HLSLPERF_CROWD_TILE_REPLICAS=2;HLSLPERF_CROWD_TILE_SIZE=16;HLSLPERF_ELEMENTS_PER_THREAD=4;HLSLPERF_GROUP_SIZE=256;HLSLPERF_SCAN_BACKEND=1;HLSLPERF_SINGLE_PASS_GROUPS=256;HLSLPERF_SINGLE_PASS_ITEMS_SCALE=4;HLSLPERF_VECTOR_WIDTH=4;HLSLPERF_WAVE_SIZE=64","2.3135;2.2962;2.3168;2.2975;2.3771;2.375;2.429;2.4662;2.5345;2.5447;2.4842",""
"HLSLPERF_CROWD_BACKEND-2__HLSLPERF_CROWD_TILE_BINS-512__HLSLPERF_CROWD_TILE_REPLICAS-1__HLSLPERF_CROWD_TILE_SIZE-16__HLSLPERF_ELEMENTS_PER_THREAD-2__HLSLPERF_GROUP_SIZE-512__HLSLPERF_SCAN_BACKEND-1__HLSLPERF_SINGLE_PASS_GROUPS-128__HLSLPERF_SINGLE_PASS_ITEMS_SCALE-2__HLSLPERF_VECTOR_WIDTH-1__HLSLPERF_WAVE_SIZE-32",true,true,true,"",,,,,,,,2,2.6485,2.7832,0.0247,19003.5446,1.2007,"HLSLPERF_CROWD_BACKEND=2;HLSLPERF_CROWD_TILE_BINS=512;HLSLPERF_CROWD_TILE_REPLICAS=1;HLSLPERF_CROWD_TILE_SIZE=16;HLSLPERF_ELEMENTS_PER_THREAD=2;HLSLPERF_GROUP_SIZE=512;HLSLPERF_SCAN_BACKEND=1;HLSLPERF_SINGLE_PASS_GROUPS=128;HLSLPERF_SINGLE_PASS_ITEMS_SCALE=2;HLSLPERF_VECTOR_WIDTH=1;HLSLPERF_WAVE_SIZE=32","2.6824;2.6485;2.6512;2.6557;2.6196;2.6335;2.6189;2.6355;2.6227;2.8418;2.7247",""
"HLSLPERF_CROWD_BACKEND-2__HLSLPERF_CROWD_TILE_BINS-512__HLSLPERF_CROWD_TILE_REPLICAS-2__HLSLPERF_CROWD_TILE_SIZE-16__HLSLPERF_ELEMENTS_PER_THREAD-2__HLSLPERF_GROUP_SIZE-512__HLSLPERF_SCAN_BACKEND-1__HLSLPERF_SINGLE_PASS_GROUPS-128__HLSLPERF_SINGLE_PASS_ITEMS_SCALE-2__HLSLPERF_VECTOR_WIDTH-1__HLSLPERF_WAVE_SIZE-32",true,true,true,"",,,,,,,,2,2.6402,2.7728,0.0234,19063.4296,1.2045,"HLSLPERF_CROWD_BACKEND=2;HLSLPERF_CROWD_TILE_BINS=512;HLSLPERF_CROWD_TILE_REPLICAS=2;HLSLPERF_CROWD_TILE_SIZE=16;HLSLPERF_ELEMENTS_PER_THREAD=2;HLSLPERF_GROUP_SIZE=512;HLSLPERF_SCAN_BACKEND=1;HLSLPERF_SINGLE_PASS_GROUPS=128;HLSLPERF_SINGLE_PASS_ITEMS_SCALE=2;HLSLPERF_VECTOR_WIDTH=1;HLSLPERF_WAVE_SIZE=32","2.6527;2.6339;2.6448;2.6243;2.6215;2.6025;2.6566;2.6334;2.6402;2.824;2.7216",""
"HLSLPERF_CROWD_BACKEND-2__HLSLPERF_CROWD_TILE_BINS-512__HLSLPERF_CROWD_TILE_REPLICAS-1__HLSLPERF_CROWD_TILE_SIZE-16__HLSLPERF_ELEMENTS_PER_THREAD-2__HLSLPERF_GROUP_SIZE-512__HLSLPERF_SCAN_BACKEND-1__HLSLPERF_SINGLE_PASS_GROUPS-256__HLSLPERF_SINGLE_PASS_ITEMS_SCALE-2__HLSLPERF_VECTOR_WIDTH-1__HLSLPERF_WAVE_SIZE-32",true,true,true,"",,,,,,,,2,2.6546,2.7588,0.0174,18959.877,1.1979,"HLSLPERF_CROWD_BACKEND=2;HLSLPERF_CROWD_TILE_BINS=512;HLSLPERF_CROWD_TILE_REPLICAS=1;HLSLPERF_CROWD_TILE_SIZE=16;HLSLPERF_ELEMENTS_PER_THREAD=2;HLSLPERF_GROUP_SIZE=512;HLSLPERF_SCAN_BACKEND=1;HLSLPERF_SINGLE_PASS_GROUPS=256;HLSLPERF_SINGLE_PASS_ITEMS_SCALE=2;HLSLPERF_VECTOR_WIDTH=1;HLSLPERF_WAVE_SIZE=32","2.6546;2.6666;2.6515;2.636;2.6821;2.6356;2.6431;2.6519;2.7569;2.7198;2.7608",""
"HLSLPERF_CROWD_BACKEND-2__HLSLPERF_CROWD_TILE_BINS-512__HLSLPERF_CROWD_TILE_REPLICAS-2__HLSLPERF_CROWD_TILE_SIZE-16__HLSLPERF_ELEMENTS_PER_THREAD-2__HLSLPERF_GROUP_SIZE-512__HLSLPERF_SCAN_BACKEND-1__HLSLPERF_SINGLE_PASS_GROUPS-256__HLSLPERF_SINGLE_PASS_ITEMS_SCALE-2__HLSLPERF_VECTOR_WIDTH-1__HLSLPERF_WAVE_SIZE-32",true,true,true,"",,,,,,,,2,2.7218,2.8841,0.0268,18492.3167,1.1684,"HLSLPERF_CROWD_BACKEND=2;HLSLPERF_CROWD_TILE_BINS=512;HLSLPERF_CROWD_TILE_REPLICAS=2;HLSLPERF_CROWD_TILE_SIZE=16;HLSLPERF_ELEMENTS_PER_THREAD=2;HLSLPERF_GROUP_SIZE=512;HLSLPERF_SCAN_BACKEND=1;HLSLPERF_SINGLE_PASS_GROUPS=256;HLSLPERF_SINGLE_PASS_ITEMS_SCALE=2;HLSLPERF_VECTOR_WIDTH=1;HLSLPERF_WAVE_SIZE=32","2.9141;2.7088;2.7218;2.7014;2.8209;2.7442;2.854;2.7034;2.7095;2.7774;2.6929",""
"HLSLPERF_CROWD_BACKEND-2__HLSLPERF_CROWD_TILE_BINS-512__HLSLPERF_CROWD_TILE_REPLICAS-1__HLSLPERF_CROWD_TILE_SIZE-16__HLSLPERF_ELEMENTS_PER_THREAD-2__HLSLPERF_GROUP_SIZE-512__HLSLPERF_SCAN_BACKEND-1__HLSLPERF_SINGLE_PASS_GROUPS-128__HLSLPERF_SINGLE_PASS_ITEMS_SCALE-4__HLSLPERF_VECTOR_WIDTH-1__HLSLPERF_WAVE_SIZE-32",true,true,true,"",,,,,,,,4,2.4444,2.5969,0.0316,20590.2571,1.3009,"HLSLPERF_CROWD_BACKEND=2;HLSLPERF_CROWD_TILE_BINS=512;HLSLPERF_CROWD_TILE_REPLICAS=1;HLSLPERF_CROWD_TILE_SIZE=16;HLSLPERF_ELEMENTS_PER_THREAD=2;HLSLPERF_GROUP_SIZE=512;HLSLPERF_SCAN_BACKEND=1;HLSLPERF_SINGLE_PASS_GROUPS=128;HLSLPERF_SINGLE_PASS_ITEMS_SCALE=4;HLSLPERF_VECTOR_WIDTH=1;HLSLPERF_WAVE_SIZE=32","2.3784;2.3972;2.3911;2.3809;2.4548;2.4495;2.6153;2.4444;2.4397;2.5786;2.4496",""
"HLSLPERF_CROWD_BACKEND-2__HLSLPERF_CROWD_TILE_BINS-512__HLSLPERF_CROWD_TILE_REPLICAS-2__HLSLPERF_CROWD_TILE_SIZE-16__HLSLPERF_ELEMENTS_PER_THREAD-2__HLSLPERF_GROUP_SIZE-512__HLSLPERF_SCAN_BACKEND-1__HLSLPERF_SINGLE_PASS_GROUPS-128__HLSLPERF_SINGLE_PASS_ITEMS_SCALE-4__HLSLPERF_VECTOR_WIDTH-1__HLSLPERF_WAVE_SIZE-32",true,true,true,"",,,,,,,,4,2.4529,2.5888,0.0237,20519.66,1.2965,"HLSLPERF_CROWD_BACKEND=2;HLSLPERF_CROWD_TILE_BINS=512;HLSLPERF_CROWD_TILE_REPLICAS=2;HLSLPERF_CROWD_TILE_SIZE=16;HLSLPERF_ELEMENTS_PER_THREAD=2;HLSLPERF_GROUP_SIZE=512;HLSLPERF_SCAN_BACKEND=1;HLSLPERF_SINGLE_PASS_GROUPS=128;HLSLPERF_SINGLE_PASS_ITEMS_SCALE=4;HLSLPERF_VECTOR_WIDTH=1;HLSLPERF_WAVE_SIZE=32","2.4529;2.4356;2.57;2.4395;2.5007;2.4488;2.4428;2.6076;2.4437;2.512;2.4536",""
"HLSLPERF_CROWD_BACKEND-2__HLSLPERF_CROWD_TILE_BINS-512__HLSLPERF_CROWD_TILE_REPLICAS-1__HLSLPERF_CROWD_TILE_SIZE-16__HLSLPERF_ELEMENTS_PER_THREAD-2__HLSLPERF_GROUP_SIZE-512__HLSLPERF_SCAN_BACKEND-1__HLSLPERF_SINGLE_PASS_GROUPS-256__HLSLPERF_SINGLE_PASS_ITEMS_SCALE-4__HLSLPERF_VECTOR_WIDTH-1__HLSLPERF_WAVE_SIZE-32",true,true,true,"",,,,,,,,4,2.4614,2.4987,0.0134,20448.4653,1.292,"HLSLPERF_CROWD_BACKEND=2;HLSLPERF_CROWD_TILE_BINS=512;HLSLPERF_CROWD_TILE_REPLICAS=1;HLSLPERF_CROWD_TILE_SIZE=16;HLSLPERF_ELEMENTS_PER_THREAD=2;HLSLPERF_GROUP_SIZE=512;HLSLPERF_SCAN_BACKEND=1;HLSLPERF_SINGLE_PASS_GROUPS=256;HLSLPERF_SINGLE_PASS_ITEMS_SCALE=4;HLSLPERF_VECTOR_WIDTH=1;HLSLPERF_WAVE_SIZE=32","2.4277;2.4118;2.4143;2.4057;2.4636;2.4614;2.456;2.4641;2.4895;2.4628;2.508",""
"HLSLPERF_CROWD_BACKEND-2__HLSLPERF_CROWD_TILE_BINS-512__HLSLPERF_CROWD_TILE_REPLICAS-2__HLSLPERF_CROWD_TILE_SIZE-16__HLSLPERF_ELEMENTS_PER_THREAD-2__HLSLPERF_GROUP_SIZE-512__HLSLPERF_SCAN_BACKEND-1__HLSLPERF_SINGLE_PASS_GROUPS-256__HLSLPERF_SINGLE_PASS_ITEMS_SCALE-4__HLSLPERF_VECTOR_WIDTH-1__HLSLPERF_WAVE_SIZE-32",true,true,true,"",,,,,,,,4,2.5261,2.7169,0.0414,19924.3304,1.2588,"HLSLPERF_CROWD_BACKEND=2;HLSLPERF_CROWD_TILE_BINS=512;HLSLPERF_CROWD_TILE_REPLICAS=2;HLSLPERF_CROWD_TILE_SIZE=16;HLSLPERF_ELEMENTS_PER_THREAD=2;HLSLPERF_GROUP_SIZE=512;HLSLPERF_SCAN_BACKEND=1;HLSLPERF_SINGLE_PASS_GROUPS=256;HLSLPERF_SINGLE_PASS_ITEMS_SCALE=4;HLSLPERF_VECTOR_WIDTH=1;HLSLPERF_WAVE_SIZE=32","2.3897;2.7569;2.6769;2.5793;2.4608;2.5401;2.4818;2.5261;2.4388;2.52;2.5289",""
"HLSLPERF_CROWD_BACKEND-2__HLSLPERF_CROWD_TILE_BINS-512__HLSLPERF_CROWD_TILE_REPLICAS-1__HLSLPERF_CROWD_TILE_SIZE-16__HLSLPERF_ELEMENTS_PER_THREAD-2__HLSLPERF_GROUP_SIZE-512__HLSLPERF_SCAN_BACKEND-1__HLSLPERF_SINGLE_PASS_GROUPS-128__HLSLPERF_SINGLE_PASS_ITEMS_SCALE-2__HLSLPERF_VECTOR_WIDTH-1__HLSLPERF_WAVE_SIZE-64",true,true,true,"",,,,,,,,2,2.5892,2.7088,0.0224,19439.2232,1.2282,"HLSLPERF_CROWD_BACKEND=2;HLSLPERF_CROWD_TILE_BINS=512;HLSLPERF_CROWD_TILE_REPLICAS=1;HLSLPERF_CROWD_TILE_SIZE=16;HLSLPERF_ELEMENTS_PER_THREAD=2;HLSLPERF_GROUP_SIZE=512;HLSLPERF_SCAN_BACKEND=1;HLSLPERF_SINGLE_PASS_GROUPS=128;HLSLPERF_SINGLE_PASS_ITEMS_SCALE=2;HLSLPERF_VECTOR_WIDTH=1;HLSLPERF_WAVE_SIZE=64","2.5892;2.5574;2.6025;2.5677;2.5619;2.5952;2.5651;2.5659;2.5918;2.7503;2.6673",""
"HLSLPERF_CROWD_BACKEND-2__HLSLPERF_CROWD_TILE_BINS-512__HLSLPERF_CROWD_TILE_REPLICAS-2__HLSLPERF_CROWD_TILE_SIZE-16__HLSLPERF_ELEMENTS_PER_THREAD-2__HLSLPERF_GROUP_SIZE-512__HLSLPERF_SCAN_BACKEND-1__HLSLPERF_SINGLE_PASS_GROUPS-128__HLSLPERF_SINGLE_PASS_ITEMS_SCALE-2__HLSLPERF_VECTOR_WIDTH-1__HLSLPERF_WAVE_SIZE-64",true,true,true,"",,,,,,,,2,2.7309,2.9152,0.0357,18430.5601,1.1645,"HLSLPERF_CROWD_BACKEND=2;HLSLPERF_CROWD_TILE_BINS=512;HLSLPERF_CROWD_TILE_REPLICAS=2;HLSLPERF_CROWD_TILE_SIZE=16;HLSLPERF_ELEMENTS_PER_THREAD=2;HLSLPERF_GROUP_SIZE=512;HLSLPERF_SCAN_BACKEND=1;HLSLPERF_SINGLE_PASS_GROUPS=128;HLSLPERF_SINGLE_PASS_ITEMS_SCALE=2;HLSLPERF_VECTOR_WIDTH=1;HLSLPERF_WAVE_SIZE=64","2.8268;2.9576;2.6435;2.6441;2.6664;2.724;2.7996;2.8727;2.7309;2.7284;2.7842",""
"HLSLPERF_CROWD_BACKEND-2__HLSLPERF_CROWD_TILE_BINS-512__HLSLPERF_CROWD_TILE_REPLICAS-1__HLSLPERF_CROWD_TILE_SIZE-16__HLSLPERF_ELEMENTS_PER_THREAD-2__HLSLPERF_GROUP_SIZE-512__HLSLPERF_SCAN_BACKEND-1__HLSLPERF_SINGLE_PASS_GROUPS-256__HLSLPERF_SINGLE_PASS_ITEMS_SCALE-2__HLSLPERF_VECTOR_WIDTH-1__HLSLPERF_WAVE_SIZE-64",true,true,true,"",,,,,,,,4,2.4375,2.6099,0.0364,20648.9659,1.3046,"HLSLPERF_CROWD_BACKEND=2;HLSLPERF_CROWD_TILE_BINS=512;HLSLPERF_CROWD_TILE_REPLICAS=1;HLSLPERF_CROWD_TILE_SIZE=16;HLSLPERF_ELEMENTS_PER_THREAD=2;HLSLPERF_GROUP_SIZE=512;HLSLPERF_SCAN_BACKEND=1;HLSLPERF_SINGLE_PASS_GROUPS=256;HLSLPERF_SINGLE_PASS_ITEMS_SCALE=2;HLSLPERF_VECTOR_WIDTH=1;HLSLPERF_WAVE_SIZE=64","2.3775;2.3832;2.3505;2.3588;2.4525;2.4375;2.4463;2.6062;2.4508;2.4356;2.6136",""
"HLSLPERF_CROWD_BACKEND-2__HLSLPERF_CROWD_TILE_BINS-512__HLSLPERF_CROWD_TILE_REPLICAS-2__HLSLPERF_CROWD_TILE_SIZE-16__HLSLPERF_ELEMENTS_PER_THREAD-2__HLSLPERF_GROUP_SIZE-512__HLSLPERF_SCAN_BACKEND-1__HLSLPERF_SINGLE_PASS_GROUPS-256__HLSLPERF_SINGLE_PASS_ITEMS_SCALE-2__HLSLPERF_VECTOR_WIDTH-1__HLSLPERF_WAVE_SIZE-64",true,true,true,"",,,,,,,,4,2.4462,2.6176,0.0393,20575.611,1.3,"HLSLPERF_CROWD_BACKEND=2;HLSLPERF_CROWD_TILE_BINS=512;HLSLPERF_CROWD_TILE_REPLICAS=2;HLSLPERF_CROWD_TILE_SIZE=16;HLSLPERF_ELEMENTS_PER_THREAD=2;HLSLPERF_GROUP_SIZE=512;HLSLPERF_SCAN_BACKEND=1;HLSLPERF_SINGLE_PASS_GROUPS=256;HLSLPERF_SINGLE_PASS_ITEMS_SCALE=2;HLSLPERF_VECTOR_WIDTH=1;HLSLPERF_WAVE_SIZE=64","2.3652;2.3761;2.3642;2.3716;2.4761;2.4462;2.6299;2.4549;2.4474;2.6053;2.3549",""
"HLSLPERF_CROWD_BACKEND-2__HLSLPERF_CROWD_TILE_BINS-512__HLSLPERF_CROWD_TILE_REPLICAS-1__HLSLPERF_CROWD_TILE_SIZE-16__HLSLPERF_ELEMENTS_PER_THREAD-2__HLSLPERF_GROUP_SIZE-512__HLSLPERF_SCAN_BACKEND-1__HLSLPERF_SINGLE_PASS_GROUPS-128__HLSLPERF_SINGLE_PASS_ITEMS_SCALE-4__HLSLPERF_VECTOR_WIDTH-1__HLSLPERF_WAVE_SIZE-64",true,true,true,"",,,,,,,,4,2.3995,2.4721,0.0258,20975.9774,1.3253,"HLSLPERF_CROWD_BACKEND=2;HLSLPERF_CROWD_TILE_BINS=512;HLSLPERF_CROWD_TILE_REPLICAS=1;HLSLPERF_CROWD_TILE_SIZE=16;HLSLPERF_ELEMENTS_PER_THREAD=2;HLSLPERF_GROUP_SIZE=512;HLSLPERF_SCAN_BACKEND=1;HLSLPERF_SINGLE_PASS_GROUPS=128;HLSLPERF_SINGLE_PASS_ITEMS_SCALE=4;HLSLPERF_VECTOR_WIDTH=1;HLSLPERF_WAVE_SIZE=64","2.3149;2.3361;2.3258;2.32;2.3352;2.4278;2.402;2.4974;2.3995;2.4468;2.4251",""
"HLSLPERF_CROWD_BACKEND-2__HLSLPERF_CROWD_TILE_BINS-512__HLSLPERF_CROWD_TILE_REPLICAS-2__HLSLPERF_CROWD_TILE_SIZE-16__HLSLPERF_ELEMENTS_PER_THREAD-2__HLSLPERF_GROUP_SIZE-512__HLSLPERF_SCAN_BACKEND-1__HLSLPERF_SINGLE_PASS_GROUPS-128__HLSLPERF_SINGLE_PASS_ITEMS_SCALE-4__HLSLPERF_VECTOR_WIDTH-1__HLSLPERF_WAVE_SIZE-64",true,true,true,"",,,,,,,,4,2.3976,2.4799,0.0279,20992.1623,1.3263,"HLSLPERF_CROWD_BACKEND=2;HLSLPERF_CROWD_TILE_BINS=512;HLSLPERF_CROWD_TILE_REPLICAS=2;HLSLPERF_CROWD_TILE_SIZE=16;HLSLPERF_ELEMENTS_PER_THREAD=2;HLSLPERF_GROUP_SIZE=512;HLSLPERF_SCAN_BACKEND=1;HLSLPERF_SINGLE_PASS_GROUPS=128;HLSLPERF_SINGLE_PASS_ITEMS_SCALE=4;HLSLPERF_VECTOR_WIDTH=1;HLSLPERF_WAVE_SIZE=64","2.3175;2.3075;2.3117;2.3143;2.3219;2.3976;2.3999;2.4575;2.3991;2.4013;2.5023",""
"HLSLPERF_CROWD_BACKEND-2__HLSLPERF_CROWD_TILE_BINS-512__HLSLPERF_CROWD_TILE_REPLICAS-1__HLSLPERF_CROWD_TILE_SIZE-16__HLSLPERF_ELEMENTS_PER_THREAD-2__HLSLPERF_GROUP_SIZE-512__HLSLPERF_SCAN_BACKEND-1__HLSLPERF_SINGLE_PASS_GROUPS-256__HLSLPERF_SINGLE_PASS_ITEMS_SCALE-4__HLSLPERF_VECTOR_WIDTH-1__HLSLPERF_WAVE_SIZE-64",true,true,true,"",,,,,,,,4,2.2593,2.3098,0.0116,22277.4422,1.4075,"HLSLPERF_CROWD_BACKEND=2;HLSLPERF_CROWD_TILE_BINS=512;HLSLPERF_CROWD_TILE_REPLICAS=1;HLSLPERF_CROWD_TILE_SIZE=16;HLSLPERF_ELEMENTS_PER_THREAD=2;HLSLPERF_GROUP_SIZE=512;HLSLPERF_SCAN_BACKEND=1;HLSLPERF_SINGLE_PASS_GROUPS=256;HLSLPERF_SINGLE_PASS_ITEMS_SCALE=4;HLSLPERF_VECTOR_WIDTH=1;HLSLPERF_WAVE_SIZE=64","2.2768;2.252;2.2551;2.2575;2.2494;2.2607;2.2539;2.2593;2.2711;2.2757;2.3427",""
"HLSLPERF_CROWD_BACKEND-2__HLSLPERF_CROWD_TILE_BINS-512__HLSLPERF_CROWD_TILE_REPLICAS-2__HLSLPERF_CROWD_TILE_SIZE-16__HLSLPERF_ELEMENTS_PER_THREAD-2__HLSLPERF_GROUP_SIZE-512__HLSLPERF_SCAN_BACKEND-1__HLSLPERF_SINGLE_PASS_GROUPS-256__HLSLPERF_SINGLE_PASS_ITEMS_SCALE-4__HLSLPERF_VECTOR_WIDTH-1__HLSLPERF_WAVE_SIZE-64",true,true,true,"",,,,,,,,4,2.2771,2.4781,0.0427,22103.3011,1.3965,"HLSLPERF_CROWD_BACKEND=2;HLSLPERF_CROWD_TILE_BINS=512;HLSLPERF_CROWD_TILE_REPLICAS=2;HLSLPERF_CROWD_TILE_SIZE=16;HLSLPERF_ELEMENTS_PER_THREAD=2;HLSLPERF_GROUP_SIZE=512;HLSLPERF_SCAN_BACKEND=1;HLSLPERF_SINGLE_PASS_GROUPS=256;HLSLPERF_SINGLE_PASS_ITEMS_SCALE=4;HLSLPERF_VECTOR_WIDTH=1;HLSLPERF_WAVE_SIZE=64","2.2492;2.2352;2.2669;2.2302;2.2278;2.3835;2.3094;2.5505;2.2771;2.3135;2.4057",""
"HLSLPERF_CROWD_BACKEND-2__HLSLPERF_CROWD_TILE_BINS-512__HLSLPERF_CROWD_TILE_REPLICAS-1__HLSLPERF_CROWD_TILE_SIZE-16__HLSLPERF_ELEMENTS_PER_THREAD-4__HLSLPERF_GROUP_SIZE-512__HLSLPERF_SCAN_BACKEND-1__HLSLPERF_SINGLE_PASS_GROUPS-128__HLSLPERF_SINGLE_PASS_ITEMS_SCALE-2__HLSLPERF_VECTOR_WIDTH-1__HLSLPERF_WAVE_SIZE-32",true,true,true,"",,,,,,,,4,2.4981,2.6158,0.0269,20148.3749,1.273,"HLSLPERF_CROWD_BACKEND=2;HLSLPERF_CROWD_TILE_BINS=512;HLSLPERF_CROWD_TILE_REPLICAS=1;HLSLPERF_CROWD_TILE_SIZE=16;HLSLPERF_ELEMENTS_PER_THREAD=4;HLSLPERF_GROUP_SIZE=512;HLSLPERF_SCAN_BACKEND=1;HLSLPERF_SINGLE_PASS_GROUPS=128;HLSLPERF_SINGLE_PASS_ITEMS_SCALE=2;HLSLPERF_VECTOR_WIDTH=1;HLSLPERF_WAVE_SIZE=32","2.4424;2.4476;2.459;2.4501;2.5549;2.5138;2.6767;2.489;2.5046;2.5334;2.4981",""
"HLSLPERF_CROWD_BACKEND-2__HLSLPERF_CROWD_TILE_BINS-512__HLSLPERF_CROWD_TILE_REPLICAS-2__HLSLPERF_CROWD_TILE_SIZE-16__HLSLPERF_ELEMENTS_PER_THREAD-4__HLSLPERF_GROUP_SIZE-512__HLSLPERF_SCAN_BACKEND-1__HLSLPERF_SINGLE_PASS_GROUPS-128__HLSLPERF_SINGLE_PASS_ITEMS_SCALE-2__HLSLPERF_VECTOR_WIDTH-1__HLSLPERF_WAVE_SIZE-32",true,true,true,"",,,,,,,,2,2.5195,2.6631,0.0301,19976.8398,1.2622,"HLSLPERF_CROWD_BACKEND=2;HLSLPERF_CROWD_TILE_BINS=512;HLSLPERF_CROWD_TILE_REPLICAS=2;HLSLPERF_CROWD_TILE_SIZE=16;HLSLPERF_ELEMENTS_PER_THREAD=4;HLSLPERF_GROUP_SIZE=512;HLSLPERF_SCAN_BACKEND=1;HLSLPERF_SINGLE_PASS_GROUPS=128;HLSLPERF_SINGLE_PASS_ITEMS_SCALE=2;HLSLPERF_VECTOR_WIDTH=1;HLSLPERF_WAVE_SIZE=32","2.6743;2.4821;2.494;2.5195;2.6394;2.5556;2.5066;2.4876;2.4958;2.6455;2.6518",""
"HLSLPERF_CROWD_BACKEND-2__HLSLPERF_CROWD_TILE_BINS-512__HLSLPERF_CROWD_TILE_REPLICAS-1__HLSLPERF_CROWD_TILE_SIZE-16__HLSLPERF_ELEMENTS_PER_THREAD-4__HLSLPERF_GROUP_SIZE-512__HLSLPERF_SCAN_BACKEND-1__HLSLPERF_SINGLE_PASS_GROUPS-256__HLSLPERF_SINGLE_PASS_ITEMS_SCALE-2__HLSLPERF_VECTOR_WIDTH-1__HLSLPERF_WAVE_SIZE-32",true,true,true,"",,,,,,,,4,2.5095,2.553,0.0138,20056.2849,1.2672,"HLSLPERF_CROWD_BACKEND=2;HLSLPERF_CROWD_TILE_BINS=512;HLSLPERF_CROWD_TILE_REPLICAS=1;HLSLPERF_CROWD_TILE_SIZE=16;HLSLPERF_ELEMENTS_PER_THREAD=4;HLSLPERF_GROUP_SIZE=512;HLSLPERF_SCAN_BACKEND=1;HLSLPERF_SINGLE_PASS_GROUPS=256;HLSLPERF_SINGLE_PASS_ITEMS_SCALE=2;HLSLPERF_VECTOR_WIDTH=1;HLSLPERF_WAVE_SIZE=32","2.5095;2.4746;2.5376;2.4741;2.5429;2.5631;2.4802;2.5221;2.5294;2.4613;2.4765",""
"HLSLPERF_CROWD_BACKEND-2__HLSLPERF_CROWD_TILE_BINS-512__HLSLPERF_CROWD_TILE_REPLICAS-2__HLSLPERF_CROWD_TILE_SIZE-16__HLSLPERF_ELEMENTS_PER_THREAD-4__HLSLPERF_GROUP_SIZE-512__HLSLPERF_SCAN_BACKEND-1__HLSLPERF_SINGLE_PASS_GROUPS-256__HLSLPERF_SINGLE_PASS_ITEMS_SCALE-2__HLSLPERF_VECTOR_WIDTH-1__HLSLPERF_WAVE_SIZE-32",true,true,true,"",,,,,,,,4,2.4763,2.5547,0.0178,20325.0972,1.2842,"HLSLPERF_CROWD_BACKEND=2;HLSLPERF_CROWD_TILE_BINS=512;HLSLPERF_CROWD_TILE_REPLICAS=2;HLSLPERF_CROWD_TILE_SIZE=16;HLSLPERF_ELEMENTS_PER_THREAD=4;HLSLPERF_GROUP_SIZE=512;HLSLPERF_SCAN_BACKEND=1;HLSLPERF_SINGLE_PASS_GROUPS=256;HLSLPERF_SINGLE_PASS_ITEMS_SCALE=2;HLSLPERF_VECTOR_WIDTH=1;HLSLPERF_WAVE_SIZE=32","2.4362;2.4544;2.4254;2.4491;2.5181;2.4763;2.571;2.4818;2.4836;2.5384;2.4756",""
"HLSLPERF_CROWD_BACKEND-2__HLSLPERF_CROWD_TILE_BINS-512__HLSLPERF_CROWD_TILE_REPLICAS-1__HLSLPERF_CROWD_TILE_SIZE-16__HLSLPERF_ELEMENTS_PER_THREAD-4__HLSLPERF_GROUP_SIZE-512__HLSLPERF_SCAN_BACKEND-1__HLSLPERF_SINGLE_PASS_GROUPS-128__HLSLPERF_SINGLE_PASS_ITEMS_SCALE-4__HLSLPERF_VECTOR_WIDTH-1__HLSLPERF_WAVE_SIZE-32",true,true,false,"",,,,,,,,4,2.3282,2.7457,0.0771,21617.9879,1.3659,"HLSLPERF_CROWD_BACKEND=2;HLSLPERF_CROWD_TILE_BINS=512;HLSLPERF_CROWD_TILE_REPLICAS=1;HLSLPERF_CROWD_TILE_SIZE=16;HLSLPERF_ELEMENTS_PER_THREAD=4;HLSLPERF_GROUP_SIZE=512;HLSLPERF_SCAN_BACKEND=1;HLSLPERF_SINGLE_PASS_GROUPS=128;HLSLPERF_SINGLE_PASS_ITEMS_SCALE=4;HLSLPERF_VECTOR_WIDTH=1;HLSLPERF_WAVE_SIZE=32","2.3044;2.2778;2.2935;2.2901;2.3052;2.4149;2.3282;2.6129;2.3462;2.3407;2.8785",""
"HLSLPERF_CROWD_BACKEND-2__HLSLPERF_CROWD_TILE_BINS-512__HLSLPERF_CROWD_TILE_REPLICAS-2__HLSLPERF_CROWD_TILE_SIZE-16__HLSLPERF_ELEMENTS_PER_THREAD-4__HLSLPERF_GROUP_SIZE-512__HLSLPERF_SCAN_BACKEND-1__HLSLPERF_SINGLE_PASS_GROUPS-128__HLSLPERF_SINGLE_PASS_ITEMS_SCALE-4__HLSLPERF_VECTOR_WIDTH-1__HLSLPERF_WAVE_SIZE-32",true,true,true,"",,,,,,,,4,2.2976,2.4576,0.0343,21906.4699,1.3841,"HLSLPERF_CROWD_BACKEND=2;HLSLPERF_CROWD_TILE_BINS=512;HLSLPERF_CROWD_TILE_REPLICAS=2;HLSLPERF_CROWD_TILE_SIZE=16;HLSLPERF_ELEMENTS_PER_THREAD=4;HLSLPERF_GROUP_SIZE=512;HLSLPERF_SCAN_BACKEND=1;HLSLPERF_SINGLE_PASS_GROUPS=128;HLSLPERF_SINGLE_PASS_ITEMS_SCALE=4;HLSLPERF_VECTOR_WIDTH=1;HLSLPERF_WAVE_SIZE=32","2.3052;2.2808;2.2976;2.2826;2.2802;2.3058;2.2923;2.2732;2.3648;2.341;2.5504",""
"HLSLPERF_CROWD_BACKEND-2__HLSLPERF_CROWD_TILE_BINS-512__HLSLPERF_CROWD_TILE_REPLICAS-1__HLSLPERF_CROWD_TILE_SIZE-16__HLSLPERF_ELEMENTS_PER_THREAD-4__HLSLPERF_GROUP_SIZE-512__HLSLPERF_SCAN_BACKEND-1__HLSLPERF_SINGLE_PASS_GROUPS-256__HLSLPERF_SINGLE_PASS_ITEMS_SCALE-4__HLSLPERF_VECTOR_WIDTH-1__HLSLPERF_WAVE_SIZE-32",true,true,true,"",,,,,,,,2,2.8251,2.8636,0.0127,17816.008,1.1256,"HLSLPERF_CROWD_BACKEND=2;HLSLPERF_CROWD_TILE_BINS=512;HLSLPERF_CROWD_TILE_REPLICAS=1;HLSLPERF_CROWD_TILE_SIZE=16;HLSLPERF_ELEMENTS_PER_THREAD=4;HLSLPERF_GROUP_SIZE=512;HLSLPERF_SCAN_BACKEND=1;HLSLPERF_SINGLE_PASS_GROUPS=256;HLSLPERF_SINGLE_PASS_ITEMS_SCALE=4;HLSLPERF_VECTOR_WIDTH=1;HLSLPERF_WAVE_SIZE=32","2.8251;2.8109;2.8277;2.8659;2.8172;2.8532;2.8597;2.8036;2.8613;2.7409;2.8192",""
"HLSLPERF_CROWD_BACKEND-2__HLSLPERF_CROWD_TILE_BINS-512__HLSLPERF_CROWD_TILE_REPLICAS-2__HLSLPERF_CROWD_TILE_SIZE-16__HLSLPERF_ELEMENTS_PER_THREAD-4__HLSLPERF_GROUP_SIZE-512__HLSLPERF_SCAN_BACKEND-1__HLSLPERF_SINGLE_PASS_GROUPS-256__HLSLPERF_SINGLE_PASS_ITEMS_SCALE-4__HLSLPERF_VECTOR_WIDTH-1__HLSLPERF_WAVE_SIZE-32",true,true,false,"",,,,,,,,4,2.3471,2.8298,0.0933,21443.8201,1.3548,"HLSLPERF_CROWD_BACKEND=2;HLSLPERF_CROWD_TILE_BINS=512;HLSLPERF_CROWD_TILE_REPLICAS=2;HLSLPERF_CROWD_TILE_SIZE=16;HLSLPERF_ELEMENTS_PER_THREAD=4;HLSLPERF_GROUP_SIZE=512;HLSLPERF_SCAN_BACKEND=1;HLSLPERF_SINGLE_PASS_GROUPS=256;HLSLPERF_SINGLE_PASS_ITEMS_SCALE=4;HLSLPERF_VECTOR_WIDTH=1;HLSLPERF_WAVE_SIZE=32","2.3071;2.3118;2.2805;2.3132;2.2923;2.3936;2.3471;2.5763;2.8017;2.7857;2.8579",""
"HLSLPERF_CROWD_BACKEND-2__HLSLPERF_CROWD_TILE_BINS-512__HLSLPERF_CROWD_TILE_REPLICAS-1__HLSLPERF_CROWD_TILE_SIZE-16__HLSLPERF_ELEMENTS_PER_THREAD-4__HLSLPERF_GROUP_SIZE-512__HLSLPERF_SCAN_BACKEND-1__HLSLPERF_SINGLE_PASS_GROUPS-128__HLSLPERF_SINGLE_PASS_ITEMS_SCALE-2__HLSLPERF_VECTOR_WIDTH-1__HLSLPERF_WAVE_SIZE-64",true,true,true,"",,,,,,,,4,2.4299,2.5109,0.0226,20713.7205,1.3087,"HLSLPERF_CROWD_BACKEND=2;HLSLPERF_CROWD_TILE_BINS=512;HLSLPERF_CROWD_TILE_REPLICAS=1;HLSLPERF_CROWD_TILE_SIZE=16;HLSLPERF_ELEMENTS_PER_THREAD=4;HLSLPERF_GROUP_SIZE=512;HLSLPERF_SCAN_BACKEND=1;HLSLPERF_SINGLE_PASS_GROUPS=128;HLSLPERF_SINGLE_PASS_ITEMS_SCALE=2;HLSLPERF_VECTOR_WIDTH=1;HLSLPERF_WAVE_SIZE=64","2.3906;2.3732;2.3778;2.3723;2.461;2.433;2.5152;2.5066;2.4299;2.4268;2.5052",""
"HLSLPERF_CROWD_BACKEND-2__HLSLPERF_CROWD_TILE_BINS-512__HLSLPERF_CROWD_TILE_REPLICAS-2__HLSLPERF_CROWD_TILE_SIZE-16__HLSLPERF_ELEMENTS_PER_THREAD-4__HLSLPERF_GROUP_SIZE-512__HLSLPERF_SCAN_BACKEND-1__HLSLPERF_SINGLE_PASS_GROUPS-128__HLSLPERF_SINGLE_PASS_ITEMS_SCALE-2__HLSLPERF_VECTOR_WIDTH-1__HLSLPERF_WAVE_SIZE-64",true,true,true,"",,,,,,,,4,2.4221,2.4522,0.0108,20780.5125,1.3129,"HLSLPERF_CROWD_BACKEND=2;HLSLPERF_CROWD_TILE_BINS=512;HLSLPERF_CROWD_TILE_REPLICAS=2;HLSLPERF_CROWD_TILE_SIZE=16;HLSLPERF_ELEMENTS_PER_THREAD=4;HLSLPERF_GROUP_SIZE=512;HLSLPERF_SCAN_BACKEND=1;HLSLPERF_SINGLE_PASS_GROUPS=128;HLSLPERF_SINGLE_PASS_ITEMS_SCALE=2;HLSLPERF_VECTOR_WIDTH=1;HLSLPERF_WAVE_SIZE=64","2.3979;2.3969;2.3851;2.3834;2.4333;2.4372;2.4221;2.4425;2.4325;2.4003;2.4618",""
"HLSLPERF_CROWD_BACKEND-2__HLSLPERF_CROWD_TILE_BINS-512__HLSLPERF_CROWD_TILE_REPLICAS-1__HLSLPERF_CROWD_TILE_SIZE-16__HLSLPERF_ELEMENTS_PER_THREAD-4__HLSLPERF_GROUP_SIZE-512__HLSLPERF_SCAN_BACKEND-1__HLSLPERF_SINGLE_PASS_GROUPS-256__HLSLPERF_SINGLE_PASS_ITEMS_SCALE-2__HLSLPERF_VECTOR_WIDTH-1__HLSLPERF_WAVE_SIZE-64",true,true,true,"",,,,,,,,4,2.3708,2.566,0.0374,21229.4579,1.3413,"HLSLPERF_CROWD_BACKEND=2;HLSLPERF_CROWD_TILE_BINS=512;HLSLPERF_CROWD_TILE_REPLICAS=1;HLSLPERF_CROWD_TILE_SIZE=16;HLSLPERF_ELEMENTS_PER_THREAD=4;HLSLPERF_GROUP_SIZE=512;HLSLPERF_SCAN_BACKEND=1;HLSLPERF_SINGLE_PASS_GROUPS=256;HLSLPERF_SINGLE_PASS_ITEMS_SCALE=2;HLSLPERF_VECTOR_WIDTH=1;HLSLPERF_WAVE_SIZE=64","2.3612;2.3708;2.5622;2.3699;2.4531;2.4133;2.3738;2.5698;2.3111;2.3262;2.3258",""
"HLSLPERF_CROWD_BACKEND-2__HLSLPERF_CROWD_TILE_BINS-512__HLSLPERF_CROWD_TILE_REPLICAS-2__HLSLPERF_CROWD_TILE_SIZE-16__HLSLPERF_ELEMENTS_PER_THREAD-4__HLSLPERF_GROUP_SIZE-512__HLSLPERF_SCAN_BACKEND-1__HLSLPERF_SINGLE_PASS_GROUPS-256__HLSLPERF_SINGLE_PASS_ITEMS_SCALE-2__HLSLPERF_VECTOR_WIDTH-1__HLSLPERF_WAVE_SIZE-64",true,true,true,"",,,,,,,,4,2.318,2.4507,0.0274,21713.3006,1.3719,"HLSLPERF_CROWD_BACKEND=2;HLSLPERF_CROWD_TILE_BINS=512;HLSLPERF_CROWD_TILE_REPLICAS=2;HLSLPERF_CROWD_TILE_SIZE=16;HLSLPERF_ELEMENTS_PER_THREAD=4;HLSLPERF_GROUP_SIZE=512;HLSLPERF_SCAN_BACKEND=1;HLSLPERF_SINGLE_PASS_GROUPS=256;HLSLPERF_SINGLE_PASS_ITEMS_SCALE=2;HLSLPERF_VECTOR_WIDTH=1;HLSLPERF_WAVE_SIZE=64","2.3266;2.318;2.2841;2.3184;2.2967;2.3923;2.3598;2.509;2.3112;2.2979;2.3162",""
"HLSLPERF_CROWD_BACKEND-2__HLSLPERF_CROWD_TILE_BINS-512__HLSLPERF_CROWD_TILE_REPLICAS-1__HLSLPERF_CROWD_TILE_SIZE-16__HLSLPERF_ELEMENTS_PER_THREAD-4__HLSLPERF_GROUP_SIZE-512__HLSLPERF_SCAN_BACKEND-1__HLSLPERF_SINGLE_PASS_GROUPS-128__HLSLPERF_SINGLE_PASS_ITEMS_SCALE-4__HLSLPERF_VECTOR_WIDTH-1__HLSLPERF_WAVE_SIZE-64",true,true,false,"",,,,,,,,4,2.6339,2.81,0.0883,19109.5347,1.2074,"HLSLPERF_CROWD_BACKEND=2;HLSLPERF_CROWD_TILE_BINS=512;HLSLPERF_CROWD_TILE_REPLICAS=1;HLSLPERF_CROWD_TILE_SIZE=16;HLSLPERF_ELEMENTS_PER_THREAD=4;HLSLPERF_GROUP_SIZE=512;HLSLPERF_SCAN_BACKEND=1;HLSLPERF_SINGLE_PASS_GROUPS=128;HLSLPERF_SINGLE_PASS_ITEMS_SCALE=4;HLSLPERF_VECTOR_WIDTH=1;HLSLPERF_WAVE_SIZE=64","2.3097;2.3146;2.4023;2.6339;2.2969;2.4079;2.798;2.8167;2.7882;2.8034;2.7625",""
"HLSLPERF_CROWD_BACKEND-2__HLSLPERF_CROWD_TILE_BINS-512__HLSLPERF_CROWD_TILE_REPLICAS-2__HLSLPERF_CROWD_TILE_SIZE-16__HLSLPERF_ELEMENTS_PER_THREAD-4__HLSLPERF_GROUP_SIZE-512__HLSLPERF_SCAN_BACKEND-1__HLSLPERF_SINGLE_PASS_GROUPS-128__HLSLPERF_SINGLE_PASS_ITEMS_SCALE-4__HLSLPERF_VECTOR_WIDTH-1__HLSLPERF_WAVE_SIZE-64",true,true,true,"",,,,,,,,2,2.7924,2.819,0.0105,18024.6413,1.1388,"HLSLPERF_CROWD_BACKEND=2;HLSLPERF_CROWD_TILE_BINS=512;HLSLPERF_CROWD_TILE_REPLICAS=2;HLSLPERF_CROWD_TILE_SIZE=16;HLSLPERF_ELEMENTS_PER_THREAD=4;HLSLPERF_GROUP_SIZE=512;HLSLPERF_SCAN_BACKEND=1;HLSLPERF_SINGLE_PASS_GROUPS=128;HLSLPERF_SINGLE_PASS_ITEMS_SCALE=4;HLSLPERF_VECTOR_WIDTH=1;HLSLPERF_WAVE_SIZE=64","2.8195;2.7744;2.7879;2.7437;2.7362;2.8162;2.8184;2.7965;2.7924;2.814;2.7717",""
"HLSLPERF_CROWD_BACKEND-2__HLSLPERF_CROWD_TILE_BINS-512__HLSLPERF_CROWD_TILE_REPLICAS-1__HLSLPERF_CROWD_TILE_SIZE-16__HLSLPERF_ELEMENTS_PER_THREAD-4__HLSLPERF_GROUP_SIZE-512__HLSLPERF_SCAN_BACKEND-1__HLSLPERF_SINGLE_PASS_GROUPS-256__HLSLPERF_SINGLE_PASS_ITEMS_SCALE-4__HLSLPERF_VECTOR_WIDTH-1__HLSLPERF_WAVE_SIZE-64",true,true,true,"",,,,,,,,2,2.7943,2.8198,0.01,18011.9985,1.138,"HLSLPERF_CROWD_BACKEND=2;HLSLPERF_CROWD_TILE_BINS=512;HLSLPERF_CROWD_TILE_REPLICAS=1;HLSLPERF_CROWD_TILE_SIZE=16;HLSLPERF_ELEMENTS_PER_THREAD=4;HLSLPERF_GROUP_SIZE=512;HLSLPERF_SCAN_BACKEND=1;HLSLPERF_SINGLE_PASS_GROUPS=256;HLSLPERF_SINGLE_PASS_ITEMS_SCALE=4;HLSLPERF_VECTOR_WIDTH=1;HLSLPERF_WAVE_SIZE=64","2.7979;2.8174;2.8034;2.7986;2.775;2.7761;2.8221;2.7943;2.7688;2.7899;2.7199",""
"HLSLPERF_CROWD_BACKEND-2__HLSLPERF_CROWD_TILE_BINS-512__HLSLPERF_CROWD_TILE_REPLICAS-2__HLSLPERF_CROWD_TILE_SIZE-16__HLSLPERF_ELEMENTS_PER_THREAD-4__HLSLPERF_GROUP_SIZE-512__HLSLPERF_SCAN_BACKEND-1__HLSLPERF_SINGLE_PASS_GROUPS-256__HLSLPERF_SINGLE_PASS_ITEMS_SCALE-4__HLSLPERF_VECTOR_WIDTH-1__HLSLPERF_WAVE_SIZE-64",true,true,false,"",,,,,,,,4,2.29,2.8038,0.0998,21979.3655,1.3887,"HLSLPERF_CROWD_BACKEND=2;HLSLPERF_CROWD_TILE_BINS=512;HLSLPERF_CROWD_TILE_REPLICAS=2;HLSLPERF_CROWD_TILE_SIZE=16;HLSLPERF_ELEMENTS_PER_THREAD=4;HLSLPERF_GROUP_SIZE=512;HLSLPERF_SCAN_BACKEND=1;HLSLPERF_SINGLE_PASS_GROUPS=256;HLSLPERF_SINGLE_PASS_ITEMS_SCALE=4;HLSLPERF_VECTOR_WIDTH=1;HLSLPERF_WAVE_SIZE=64","2.2686;2.2454;2.2527;2.2492;2.2498;2.3908;2.29;2.4948;2.7945;2.8086;2.799",""
"HLSLPERF_CROWD_BACKEND-2__HLSLPERF_CROWD_TILE_BINS-512__HLSLPERF_CROWD_TILE_REPLICAS-1__HLSLPERF_CROWD_TILE_SIZE-16__HLSLPERF_ELEMENTS_PER_THREAD-4__HLSLPERF_GROUP_SIZE-512__HLSLPERF_SCAN_BACKEND-1__HLSLPERF_SINGLE_PASS_GROUPS-128__HLSLPERF_SINGLE_PASS_ITEMS_SCALE-2__HLSLPERF_VECTOR_WIDTH-4__HLSLPERF_WAVE_SIZE-32",true,true,true,"",,,,,,,,4,2.4834,2.6224,0.0311,20266.9888,1.2805,"HLSLPERF_CROWD_BACKEND=2;HLSLPERF_CROWD_TILE_BINS=512;HLSLPERF_CROWD_TILE_REPLICAS=1;HLSLPERF_CROWD_TILE_SIZE=16;HLSLPERF_ELEMENTS_PER_THREAD=4;HLSLPERF_GROUP_SIZE=512;HLSLPERF_SCAN_BACKEND=1;HLSLPERF_SINGLE_PASS_GROUPS=128;HLSLPERF_SINGLE_PASS_ITEMS_SCALE=2;HLSLPERF_VECTOR_WIDTH=4;HLSLPERF_WAVE_SIZE=32","2.4786;2.61;2.4935;2.4834;2.5935;2.4899;2.6348;2.4346;2.4328;2.4219;2.4255",""
"HLSLPERF_CROWD_BACKEND-2__HLSLPERF_CROWD_TILE_BINS-512__HLSLPERF_CROWD_TILE_REPLICAS-2__HLSLPERF_CROWD_TILE_SIZE-16__HLSLPERF_ELEMENTS_PER_THREAD-4__HLSLPERF_GROUP_SIZE-512__HLSLPERF_SCAN_BACKEND-1__HLSLPERF_SINGLE_PASS_GROUPS-128__HLSLPERF_SINGLE_PASS_ITEMS_SCALE-2__HLSLPERF_VECTOR_WIDTH-4__HLSLPERF_WAVE_SIZE-32",true,true,true,"",,,,,,,,4,2.474,2.5982,0.0251,20344.486,1.2854,"HLSLPERF_CROWD_BACKEND=2;HLSLPERF_CROWD_TILE_BINS=512;HLSLPERF_CROWD_TILE_REPLICAS=2;HLSLPERF_CROWD_TILE_SIZE=16;HLSLPERF_ELEMENTS_PER_THREAD=4;HLSLPERF_GROUP_SIZE=512;HLSLPERF_SCAN_BACKEND=1;HLSLPERF_SINGLE_PASS_GROUPS=128;HLSLPERF_SINGLE_PASS_ITEMS_SCALE=2;HLSLPERF_VECTOR_WIDTH=4;HLSLPERF_WAVE_SIZE=32","2.4283;2.4464;2.4242;2.4424;2.5198;2.5189;2.575;2.4733;2.496;2.6215;2.474",""
"HLSLPERF_CROWD_BACKEND-2__HLSLPERF_CROWD_TILE_BINS-512__HLSLPERF_CROWD_TILE_REPLICAS-1__HLSLPERF_CROWD_TILE_SIZE-16__HLSLPERF_ELEMENTS_PER_THREAD-4__HLSLPERF_GROUP_SIZE-512__HLSLPERF_SCAN_BACKEND-1__HLSLPERF_SINGLE_PASS_GROUPS-256__HLSLPERF_SINGLE_PASS_ITEMS_SCALE-2__HLSLPERF_VECTOR_WIDTH-4__HLSLPERF_WAVE_SIZE-32",true,true,true,"",,,,,,,,4,2.4547,2.5487,0.0187,20503.8611,1.2955,"HLSLPERF_CROWD_BACKEND=2;HLSLPERF_CROWD_TILE_BINS=512;HLSLPERF_CROWD_TILE_REPLICAS=1;HLSLPERF_CROWD_TILE_SIZE=16;HLSLPERF_ELEMENTS_PER_THREAD=4;HLSLPERF_GROUP_SIZE=512;HLSLPERF_SCAN_BACKEND=1;HLSLPERF_SINGLE_PASS_GROUPS=256;HLSLPERF_SINGLE_PASS_ITEMS_SCALE=2;HLSLPERF_VECTOR_WIDTH=4;HLSLPERF_WAVE_SIZE=32","2.4547;2.4305;2.441;2.43;2.4777;2.4612;2.5755;2.522;2.5101;2.4421;2.4431",""
"HLSLPERF_CROWD_BACKEND-2__HLSLPERF_CROWD_TILE_BINS-512__HLSLPERF_CROWD_TILE_REPLICAS-2__HLSLPERF_CROWD_TILE_SIZE-16__HLSLPERF_ELEMENTS_PER_THREAD-4__HLSLPERF_GROUP_SIZE-512__HLSLPERF_SCAN_BACKEND-1__HLSLPERF_SINGLE_PASS_GROUPS-256__HLSLPERF_SINGLE_PASS_ITEMS_SCALE-2__HLSLPERF_VECTOR_WIDTH-4__HLSLPERF_WAVE_SIZE-32",true,true,true,"",,,,,,,,4,2.4805,2.5903,0.0265,20291.2557,1.282,"HLSLPERF_CROWD_BACKEND=2;HLSLPERF_CROWD_TILE_BINS=512;HLSLPERF_CROWD_TILE_REPLICAS=2;HLSLPERF_CROWD_TILE_SIZE=16;HLSLPERF_ELEMENTS_PER_THREAD=4;HLSLPERF_GROUP_SIZE=512;HLSLPERF_SCAN_BACKEND=1;HLSLPERF_SINGLE_PASS_GROUPS=256;HLSLPERF_SINGLE_PASS_ITEMS_SCALE=2;HLSLPERF_VECTOR_WIDTH=4;HLSLPERF_WAVE_SIZE=32","2.4373;2.4114;2.4316;2.4322;2.4936;2.4847;2.5574;2.4474;2.6233;2.4805;2.5511",""
"HLSLPERF_CROWD_BACKEND-2__HLSLPERF_CROWD_TILE_BINS-512__HLSLPERF_CROWD_TILE_REPLICAS-1__HLSLPERF_CROWD_TILE_SIZE-16__HLSLPERF_ELEMENTS_PER_THREAD-4__HLSLPERF_GROUP_SIZE-512__HLSLPERF_SCAN_BACKEND-1__HLSLPERF_SINGLE_PASS_GROUPS-128__HLSLPERF_SINGLE_PASS_ITEMS_SCALE-4__HLSLPERF_VECTOR_WIDTH-4__HLSLPERF_WAVE_SIZE-32",true,true,false,"",,,,,,,,4,2.752,2.8408,0.0844,18289.4486,1.1556,"HLSLPERF_CROWD_BACKEND=2;HLSLPERF_CROWD_TILE_BINS=512;HLSLPERF_CROWD_TILE_REPLICAS=1;HLSLPERF_CROWD_TILE_SIZE=16;HLSLPERF_ELEMENTS_PER_THREAD=4;HLSLPERF_GROUP_SIZE=512;HLSLPERF_SCAN_BACKEND=1;HLSLPERF_SINGLE_PASS_GROUPS=128;HLSLPERF_SINGLE_PASS_ITEMS_SCALE=4;HLSLPERF_VECTOR_WIDTH=4;HLSLPERF_WAVE_SIZE=32","2.8196;2.833;2.8195;2.6273;2.3209;2.447;2.8486;2.823;2.752;2.3647;2.3419",""
"HLSLPERF_CROWD_BACKEND-2__HLSLPERF_CROWD_TILE_BINS-512__HLSLPERF_CROWD_TILE_REPLICAS-2__HLSLPERF_CROWD_TILE_SIZE-16__HLSLPERF_ELEMENTS_PER_THREAD-4__HLSLPERF_GROUP_SIZE-512__HLSLPERF_SCAN_BACKEND-1__HLSLPERF_SINGLE_PASS_GROUPS-128__HLSLPERF_SINGLE_PASS_ITEMS_SCALE-4__HLSLPERF_VECTOR_WIDTH-4__HLSLPERF_WAVE_SIZE-32",true,true,false,"",,,,,,,,4,2.3335,2.7101,0.0668,21569.4429,1.3628,"HLSLPERF_CROWD_BACKEND=2;HLSLPERF_CROWD_TILE_BINS=512;HLSLPERF_CROWD_TILE_REPLICAS=2;HLSLPERF_CROWD_TILE_SIZE=16;HLSLPERF_ELEMENTS_PER_THREAD=4;HLSLPERF_GROUP_SIZE=512;HLSLPERF_SCAN_BACKEND=1;HLSLPERF_SINGLE_PASS_GROUPS=128;HLSLPERF_SINGLE_PASS_ITEMS_SCALE=4;HLSLPERF_VECTOR_WIDTH=4;HLSLPERF_WAVE_SIZE=32","2.2896;2.2959;2.3112;2.2819;2.3067;2.3805;2.3493;2.6958;2.3335;2.3492;2.7243",""
"HLSLPERF_CROWD_BACKEND-2__HLSLPERF_CROWD_TILE_BINS-512__HLSLPERF_CROWD_TILE_REPLICAS-1__HLSLPERF_CROWD_TILE_SIZE-16__HLSLPERF_ELEMENTS_PER_THREAD-4__HLSLPERF_GROUP_SIZE-512__HLSLPERF_SCAN_BACKEND-1__HLSLPERF_SINGLE_PASS_GROUPS-256__HLSLPERF_SINGLE_PASS_ITEMS_SCALE-4__HLSLPERF_VECTOR_WIDTH-4__HLSLPERF_WAVE_SIZE-32",true,true,false,"",,,,,,,,4,2.3428,2.8695,0.1026,21483.1777,1.3573,"HLSLPERF_CROWD_BACKEND=2;HLSLPERF_CROWD_TILE_BINS=512;HLSLPERF_CROWD_TILE_REPLICAS=1;HLSLPERF_CROWD_TILE_SIZE=16;HLSLPERF_ELEMENTS_PER_THREAD=4;HLSLPERF_GROUP_SIZE=512;HLSLPERF_SCAN_BACKEND=1;HLSLPERF_SINGLE_PASS_GROUPS=256;HLSLPERF_SINGLE_PASS_ITEMS_SCALE=4;HLSLPERF_VECTOR_WIDTH=4;HLSLPERF_WAVE_SIZE=32","2.3141;2.3177;2.2978;2.2938;2.424;2.3428;2.3217;2.8105;2.8648;2.7891;2.8743",""
"HLSLPERF_CROWD_BACKEND-2__HLSLPERF_CROWD_TILE_BINS-512__HLSLPERF_CROWD_TILE_REPLICAS-2__HLSLPERF_CROWD_TILE_SIZE-16__HLSLPERF_ELEMENTS_PER_THREAD-4__HLSLPERF_GROUP_SIZE-512__HLSLPERF_SCAN_BACKEND-1__HLSLPERF_SINGLE_PASS_GROUPS-256__HLSLPERF_SINGLE_PASS_ITEMS_SCALE-4__HLSLPERF_VECTOR_WIDTH-4__HLSLPERF_WAVE_SIZE-32",true,true,true,"",,,,,,,,2,2.8392,2.8743,0.0096,17727.1552,1.12,"HLSLPERF_CROWD_BACKEND=2;HLSLPERF_CROWD_TILE_BINS=512;HLSLPERF_CROWD_TILE_REPLICAS=2;HLSLPERF_CROWD_TILE_SIZE=16;HLSLPERF_ELEMENTS_PER_THREAD=4;HLSLPERF_GROUP_SIZE=512;HLSLPERF_SCAN_BACKEND=1;HLSLPERF_SINGLE_PASS_GROUPS=256;HLSLPERF_SINGLE_PASS_ITEMS_SCALE=4;HLSLPERF_VECTOR_WIDTH=4;HLSLPERF_WAVE_SIZE=32","2.8234;2.7941;2.8279;2.8018;2.8424;2.8548;2.8759;2.8439;2.8071;2.8728;2.8392",""
"HLSLPERF_CROWD_BACKEND-2__HLSLPERF_CROWD_TILE_BINS-512__HLSLPERF_CROWD_TILE_REPLICAS-1__HLSLPERF_CROWD_TILE_SIZE-16__HLSLPERF_ELEMENTS_PER_THREAD-4__HLSLPERF_GROUP_SIZE-512__HLSLPERF_SCAN_BACKEND-1__HLSLPERF_SINGLE_PASS_GROUPS-128__HLSLPERF_SINGLE_PASS_ITEMS_SCALE-2__HLSLPERF_VECTOR_WIDTH-4__HLSLPERF_WAVE_SIZE-64",true,true,true,"",,,,,,,,4,2.429,2.5361,0.0285,20721.2249,1.3092,"HLSLPERF_CROWD_BACKEND=2;HLSLPERF_CROWD_TILE_BINS=512;HLSLPERF_CROWD_TILE_REPLICAS=1;HLSLPERF_CROWD_TILE_SIZE=16;HLSLPERF_ELEMENTS_PER_THREAD=4;HLSLPERF_GROUP_SIZE=512;HLSLPERF_SCAN_BACKEND=1;HLSLPERF_SINGLE_PASS_GROUPS=128;HLSLPERF_SINGLE_PASS_ITEMS_SCALE=2;HLSLPERF_VECTOR_WIDTH=4;HLSLPERF_WAVE_SIZE=64","2.3781;2.3588;2.3654;2.3644;2.429;2.4391;2.5007;2.5622;2.4211;2.4901;2.5101",""
"HLSLPERF_CROWD_BACKEND-2__HLSLPERF_CROWD_TILE_BINS-512__HLSLPERF_CROWD_TILE_REPLICAS-2__HLSLPERF_CROWD_TILE_SIZE-16__HLSLPERF_ELEMENTS_PER_THREAD-4__HLSLPERF_GROUP_SIZE-512__HLSLPERF_SCAN_BACKEND-1__HLSLPERF_SINGLE_PASS_GROUPS-128__HLSLPERF_SINGLE_PASS_ITEMS_SCALE-2__HLSLPERF_VECTOR_WIDTH-4__HLSLPERF_WAVE_SIZE-64",true,true,true,"",,,,,,,,4,2.4484,2.4986,0.0125,20557.3746,1.2988,"HLSLPERF_CROWD_BACKEND=2;HLSLPERF_CROWD_TILE_BINS=512;HLSLPERF_CROWD_TILE_REPLICAS=2;HLSLPERF_CROWD_TILE_SIZE=16;HLSLPERF_ELEMENTS_PER_THREAD=4;HLSLPERF_GROUP_SIZE=512;HLSLPERF_SCAN_BACKEND=1;HLSLPERF_SINGLE_PASS_GROUPS=128;HLSLPERF_SINGLE_PASS_ITEMS_SCALE=2;HLSLPERF_VECTOR_WIDTH=4;HLSLPERF_WAVE_SIZE=64","2.4527;2.4856;2.4104;2.4366;2.4727;2.4354;2.5117;2.4358;2.4165;2.4758;2.4484",""
"HLSLPERF_CROWD_BACKEND-2__HLSLPERF_CROWD_TILE_BINS-512__HLSLPERF_CROWD_TILE_REPLICAS-1__HLSLPERF_CROWD_TILE_SIZE-16__HLSLPERF_ELEMENTS_PER_THREAD-4__HLSLPERF_GROUP_SIZE-512__HLSLPERF_SCAN_BACKEND-1__HLSLPERF_SINGLE_PASS_GROUPS-256__HLSLPERF_SINGLE_PASS_ITEMS_SCALE-2__HLSLPERF_VECTOR_WIDTH-4__HLSLPERF_WAVE_SIZE-64",true,true,true,"",,,,,,,,4,2.3287,2.4849,0.0316,21613.9032,1.3656,"HLSLPERF_CROWD_BACKEND=2;HLSLPERF_CROWD_TILE_BINS=512;HLSLPERF_CROWD_TILE_REPLICAS=1;HLSLPERF_CROWD_TILE_SIZE=16;HLSLPERF_ELEMENTS_PER_THREAD=4;HLSLPERF_GROUP_SIZE=512;HLSLPERF_SCAN_BACKEND=1;HLSLPERF_SINGLE_PASS_GROUPS=256;HLSLPERF_SINGLE_PASS_ITEMS_SCALE=2;HLSLPERF_VECTOR_WIDTH=4;HLSLPERF_WAVE_SIZE=64","2.3364;2.3209;2.3243;2.3195;2.3287;2.3252;2.313;2.3999;2.3696;2.3896;2.5699",""
"HLSLPERF_CROWD_BACKEND-2__HLSLPERF_CROWD_TILE_BINS-512__HLSLPERF_CROWD_TILE_REPLICAS-2__HLSLPERF_CROWD_TILE_SIZE-16__HLSLPERF_ELEMENTS_PER_THREAD-4__HLSLPERF_GROUP_SIZE-512__HLSLPERF_SCAN_BACKEND-1__HLSLPERF_SINGLE_PASS_GROUPS-256__HLSLPERF_SINGLE_PASS_ITEMS_SCALE-2__HLSLPERF_VECTOR_WIDTH-4__HLSLPERF_WAVE_SIZE-64",true,true,true,"",,,,,,,,4,2.3939,2.5816,0.0421,21024.9584,1.3284,"HLSLPERF_CROWD_BACKEND=2;HLSLPERF_CROWD_TILE_BINS=512;HLSLPERF_CROWD_TILE_REPLICAS=2;HLSLPERF_CROWD_TILE_SIZE=16;HLSLPERF_ELEMENTS_PER_THREAD=4;HLSLPERF_GROUP_SIZE=512;HLSLPERF_SCAN_BACKEND=1;HLSLPERF_SINGLE_PASS_GROUPS=256;HLSLPERF_SINGLE_PASS_ITEMS_SCALE=2;HLSLPERF_VECTOR_WIDTH=4;HLSLPERF_WAVE_SIZE=64","2.3333;2.318;2.309;2.3234;2.3167;2.4605;2.3939;2.5881;2.5751;2.4141;2.416",""
"HLSLPERF_CROWD_BACKEND-2__HLSLPERF_CROWD_TILE_BINS-512__HLSLPERF_CROWD_TILE_REPLICAS-1__HLSLPERF_CROWD_TILE_SIZE-16__HLSLPERF_ELEMENTS_PER_THREAD-4__HLSLPERF_GROUP_SIZE-512__HLSLPERF_SCAN_BACKEND-1__HLSLPERF_SINGLE_PASS_GROUPS-128__HLSLPERF_SINGLE_PASS_ITEMS_SCALE-4__HLSLPERF_VECTOR_WIDTH-4__HLSLPERF_WAVE_SIZE-64",true,true,false,"",,,,,,,,4,2.3895,2.9203,0.1057,21063.4091,1.3308,"HLSLPERF_CROWD_BACKEND=2;HLSLPERF_CROWD_TILE_BINS=512;HLSLPERF_CROWD_TILE_REPLICAS=1;HLSLPERF_CROWD_TILE_SIZE=16;HLSLPERF_ELEMENTS_PER_THREAD=4;HLSLPERF_GROUP_SIZE=512;HLSLPERF_SCAN_BACKEND=1;HLSLPERF_SINGLE_PASS_GROUPS=128;HLSLPERF_SINGLE_PASS_ITEMS_SCALE=4;HLSLPERF_VECTOR_WIDTH=4;HLSLPERF_WAVE_SIZE=64","2.3232;2.3388;2.3291;2.3475;2.3507;2.4428;2.3895;2.8382;2.9122;2.9285;2.878",""
"HLSLPERF_CROWD_BACKEND-2__HLSLPERF_CROWD_TILE_BINS-512__HLSLPERF_CROWD_TILE_REPLICAS-2__HLSLPERF_CROWD_TILE_SIZE-16__HLSLPERF_ELEMENTS_PER_THREAD-4__HLSLPERF_GROUP_SIZE-512__HLSLPERF_SCAN_BACKEND-1__HLSLPERF_SINGLE_PASS_GROUPS-128__HLSLPERF_SINGLE_PASS_ITEMS_SCALE-4__HLSLPERF_VECTOR_WIDTH-4__HLSLPERF_WAVE_SIZE-64",true,true,false,"",,,,,,,,4,2.3886,2.8902,0.1033,21071.8748,1.3313,"HLSLPERF_CROWD_BACKEND=2;HLSLPERF_CROWD_TILE_BINS=512;HLSLPERF_CROWD_TILE_REPLICAS=2;HLSLPERF_CROWD_TILE_SIZE=16;HLSLPERF_ELEMENTS_PER_THREAD=4;HLSLPERF_GROUP_SIZE=512;HLSLPERF_SCAN_BACKEND=1;HLSLPERF_SINGLE_PASS_GROUPS=128;HLSLPERF_SINGLE_PASS_ITEMS_SCALE=4;HLSLPERF_VECTOR_WIDTH=4;HLSLPERF_WAVE_SIZE=64","2.3348;2.3114;2.3316;2.3097;2.3886;2.3719;2.5592;2.8552;2.8915;2.8889;2.8771",""
"HLSLPERF_CROWD_BACKEND-2__HLSLPERF_CROWD_TILE_BINS-512__HLSLPERF_CROWD_TILE_REPLICAS-1__HLSLPERF_CROWD_TILE_SIZE-16__HLSLPERF_ELEMENTS_PER_THREAD-4__HLSLPERF_GROUP_SIZE-512__HLSLPERF_SCAN_BACKEND-1__HLSLPERF_SINGLE_PASS_GROUPS-256__HLSLPERF_SINGLE_PASS_ITEMS_SCALE-4__HLSLPERF_VECTOR_WIDTH-4__HLSLPERF_WAVE_SIZE-64",true,true,false,"",,,,,,,,4,2.4332,2.9228,0.1105,20685.0323,1.3069,"HLSLPERF_CROWD_BACKEND=2;HLSLPERF_CROWD_TILE_BINS=512;HLSLPERF_CROWD_TILE_REPLICAS=1;HLSLPERF_CROWD_TILE_SIZE=16;HLSLPERF_ELEMENTS_PER_THREAD=4;HLSLPERF_GROUP_SIZE=512;HLSLPERF_SCAN_BACKEND=1;HLSLPERF_SINGLE_PASS_GROUPS=256;HLSLPERF_SINGLE_PASS_ITEMS_SCALE=4;HLSLPERF_VECTOR_WIDTH=4;HLSLPERF_WAVE_SIZE=64","2.314;2.3302;2.3382;2.3085;2.4332;2.3718;2.8208;2.9157;2.9036;2.8926;2.93",""
"HLSLPERF_CROWD_BACKEND-2__HLSLPERF_CROWD_TILE_BINS-512__HLSLPERF_CROWD_TILE_REPLICAS-2__HLSLPERF_CROWD_TILE_SIZE-16__HLSLPERF_ELEMENTS_PER_THREAD-4__HLSLPERF_GROUP_SIZE-512__HLSLPERF_SCAN_BACKEND-1__HLSLPERF_SINGLE_PASS_GROUPS-256__HLSLPERF_SINGLE_PASS_ITEMS_SCALE-4__HLSLPERF_VECTOR_WIDTH-4__HLSLPERF_WAVE_SIZE-64",true,true,true,"",,,,,,,,4,2.9006,2.9201,0.0086,17352.2702,1.0963,"HLSLPERF_CROWD_BACKEND=2;HLSLPERF_CROWD_TILE_BINS=512;HLSLPERF_CROWD_TILE_REPLICAS=2;HLSLPERF_CROWD_TILE_SIZE=16;HLSLPERF_ELEMENTS_PER_THREAD=4;HLSLPERF_GROUP_SIZE=512;HLSLPERF_SCAN_BACKEND=1;HLSLPERF_SINGLE_PASS_GROUPS=256;HLSLPERF_SINGLE_PASS_ITEMS_SCALE=4;HLSLPERF_VECTOR_WIDTH=4;HLSLPERF_WAVE_SIZE=64","2.8709;2.9111;2.9006;2.8781;2.9038;2.922;2.9183;2.8915;2.8941;2.8378;2.914",""
