candidate_id,compiled,correct,stable,rga_status,max_vgprs_used,max_live_vgprs,max_allocated_vgprs,max_sgprs_used,max_lds_bytes,max_scratch_bytes,min_occupancy_waves_per_simd,dispatches_per_batch,median_gpu_ms,p95_gpu_ms,cv,throughput_mitems_s,speedup_vs_baseline,defines,samples_gpu_ms,error
"HLSLPERF_CROWD_BACKEND-1__HLSLPERF_CROWD_TILE_BINS-512__HLSLPERF_CROWD_TILE_SIZE-16__HLSLPERF_ELEMENTS_PER_THREAD-2__HLSLPERF_GROUP_SIZE-128__HLSLPERF_SCAN_BACKEND-1__HLSLPERF_VECTOR_WIDTH-1",true,true,true,"",,,,,,,,4,2.0297,2.0489,0.0072,6199.4561,1.0081,"HLSLPERF_CROWD_BACKEND=1;HLSLPERF_CROWD_TILE_BINS=512;HLSLPERF_CROWD_TILE_SIZE=16;HLSLPERF_ELEMENTS_PER_THREAD=2;HLSLPERF_GROUP_SIZE=128;HLSLPERF_SCAN_BACKEND=1;HLSLPERF_VECTOR_WIDTH=1","2.0582;2.0395;2.0377;2.0107;2.0297;2.0132;2.0343;2.0123;2.0282;2.015;2.0335",""
"HLSLPERF_CROWD_BACKEND-1__HLSLPERF_CROWD_TILE_BINS-512__HLSLPERF_CROWD_TILE_SIZE-16__HLSLPERF_ELEMENTS_PER_THREAD-4__HLSLPERF_GROUP_SIZE-128__HLSLPERF_SCAN_BACKEND-1__HLSLPERF_VECTOR_WIDTH-1",true,true,true,"",,,,,,,,4,2.107,2.1423,0.0085,5971.9847,0.9711,"HLSLPERF_CROWD_BACKEND=1;HLSLPERF_CROWD_TILE_BINS=512;HLSLPERF_CROWD_TILE_SIZE=16;HLSLPERF_ELEMENTS_PER_THREAD=4;HLSLPERF_GROUP_SIZE=128;HLSLPERF_SCAN_BACKEND=1;HLSLPERF_VECTOR_WIDTH=1","2.1123;2.1022;2.159;2.0998;2.1208;2.0975;2.1255;2.1009;2.1086;2.107;2.1007",""
"HLSLPERF_CROWD_BACKEND-1__HLSLPERF_CROWD_TILE_BINS-512__HLSLPERF_CROWD_TILE_SIZE-16__HLSLPERF_ELEMENTS_PER_THREAD-4__HLSLPERF_GROUP_SIZE-128__HLSLPERF_SCAN_BACKEND-1__HLSLPERF_VECTOR_WIDTH-4",true,true,true,"",,,,,,,,4,2.0961,2.1099,0.0045,6003.0113,0.9761,"HLSLPERF_CROWD_BACKEND=1;HLSLPERF_CROWD_TILE_BINS=512;HLSLPERF_CROWD_TILE_SIZE=16;HLSLPERF_ELEMENTS_PER_THREAD=4;HLSLPERF_GROUP_SIZE=128;HLSLPERF_SCAN_BACKEND=1;HLSLPERF_VECTOR_WIDTH=4","2.1123;2.0953;2.1076;2.0898;2.1076;2.0864;2.1019;2.1033;2.085;2.0961;2.088",""
"HLSLPERF_CROWD_BACKEND-1__HLSLPERF_CROWD_TILE_BINS-512__HLSLPERF_CROWD_TILE_SIZE-16__HLSLPERF_ELEMENTS_PER_THREAD-2__HLSLPERF_GROUP_SIZE-256__HLSLPERF_SCAN_BACKEND-1__HLSLPERF_VECTOR_WIDTH-1",true,true,true,"",,,,,,,,4,2.0215,2.0331,0.0036,6224.4806,1.0121,"HLSLPERF_CROWD_BACKEND=1;HLSLPERF_CROWD_TILE_BINS=512;HLSLPERF_CROWD_TILE_SIZE=16;HLSLPERF_ELEMENTS_PER_THREAD=2;HLSLPERF_GROUP_SIZE=256;HLSLPERF_SCAN_BACKEND=1;HLSLPERF_VECTOR_WIDTH=1","2.0231;2.0147;2.0288;2.0157;2.0316;2.0184;2.0215;2.0151;2.0346;2.0283;2.0147",""
"HLSLPERF_CROWD_BACKEND-1__HLSLPERF_CROWD_TILE_BINS-512__HLSLPERF_CROWD_TILE_SIZE-16__HLSLPERF_ELEMENTS_PER_THREAD-4__HLSLPERF_GROUP_SIZE-256__HLSLPERF_SCAN_BACKEND-1__HLSLPERF_VECTOR_WIDTH-1",true,true,true,"",,,,,,,,4,2.0461,2.0623,0.0038,6149.7955,1,"HLSLPERF_CROWD_BACKEND=1;HLSLPERF_CROWD_TILE_BINS=512;HLSLPERF_CROWD_TILE_SIZE=16;HLSLPERF_ELEMENTS_PER_THREAD=4;HLSLPERF_GROUP_SIZE=256;HLSLPERF_SCAN_BACKEND=1;HLSLPERF_VECTOR_WIDTH=1","2.0618;2.0461;2.0459;2.043;2.0527;2.045;2.0593;2.0417;2.0462;2.046;2.0628",""
"HLSLPERF_CROWD_BACKEND-1__HLSLPERF_CROWD_TILE_BINS-512__HLSLPERF_CROWD_TILE_SIZE-16__HLSLPERF_ELEMENTS_PER_THREAD-4__HLSLPERF_GROUP_SIZE-256__HLSLPERF_SCAN_BACKEND-1__HLSLPERF_VECTOR_WIDTH-4",true,true,true,"",,,,,,,,4,2.0357,2.0723,0.009,6181.1837,1.0051,"HLSLPERF_CROWD_BACKEND=1;HLSLPERF_CROWD_TILE_BINS=512;HLSLPERF_CROWD_TILE_SIZE=16;HLSLPERF_ELEMENTS_PER_THREAD=4;HLSLPERF_GROUP_SIZE=256;HLSLPERF_SCAN_BACKEND=1;HLSLPERF_VECTOR_WIDTH=4","2.0273;2.0384;2.0347;2.0285;2.0929;2.0357;2.0422;2.0341;2.0499;2.0334;2.0517",""
"HLSLPERF_CROWD_BACKEND-1__HLSLPERF_CROWD_TILE_BINS-512__HLSLPERF_CROWD_TILE_SIZE-16__HLSLPERF_ELEMENTS_PER_THREAD-2__HLSLPERF_GROUP_SIZE-512__HLSLPERF_SCAN_BACKEND-1__HLSLPERF_VECTOR_WIDTH-1",true,true,true,"",,,,,,,,4,1.9829,2.0014,0.0044,6345.6158,1.0318,"HLSLPERF_CROWD_BACKEND=1;HLSLPERF_CROWD_TILE_BINS=512;HLSLPERF_CROWD_TILE_SIZE=16;HLSLPERF_ELEMENTS_PER_THREAD=2;HLSLPERF_GROUP_SIZE=512;HLSLPERF_SCAN_BACKEND=1;HLSLPERF_VECTOR_WIDTH=1","1.9795;1.9898;1.982;2.0022;1.9805;2.0006;1.9814;1.9983;1.9818;1.9935;1.9829",""
"HLSLPERF_CROWD_BACKEND-1__HLSLPERF_CROWD_TILE_BINS-512__HLSLPERF_CROWD_TILE_SIZE-16__HLSLPERF_ELEMENTS_PER_THREAD-4__HLSLPERF_GROUP_SIZE-512__HLSLPERF_SCAN_BACKEND-1__HLSLPERF_VECTOR_WIDTH-1",true,true,true,"",,,,,,,,4,2.0456,2.0562,0.0039,6151.2686,1.0002,"HLSLPERF_CROWD_BACKEND=1;HLSLPERF_CROWD_TILE_BINS=512;HLSLPERF_CROWD_TILE_SIZE=16;HLSLPERF_ELEMENTS_PER_THREAD=4;HLSLPERF_GROUP_SIZE=512;HLSLPERF_SCAN_BACKEND=1;HLSLPERF_VECTOR_WIDTH=1","2.0537;2.0404;2.0586;2.0456;2.0381;2.0517;2.0393;2.0504;2.0366;2.0522;2.0366",""
"HLSLPERF_CROWD_BACKEND-1__HLSLPERF_CROWD_TILE_BINS-512__HLSLPERF_CROWD_TILE_SIZE-16__HLSLPERF_ELEMENTS_PER_THREAD-4__HLSLPERF_GROUP_SIZE-512__HLSLPERF_SCAN_BACKEND-1__HLSLPERF_VECTOR_WIDTH-4",true,true,true,"",,,,,,,,4,2.0442,2.0548,0.0042,6155.4513,1.0009,"HLSLPERF_CROWD_BACKEND=1;HLSLPERF_CROWD_TILE_BINS=512;HLSLPERF_CROWD_TILE_SIZE=16;HLSLPERF_ELEMENTS_PER_THREAD=4;HLSLPERF_GROUP_SIZE=512;HLSLPERF_SCAN_BACKEND=1;HLSLPERF_VECTOR_WIDTH=4","2.0572;2.0341;2.0506;2.0325;2.0519;2.0362;2.0523;2.0377;2.0466;2.0442;2.0367",""
"HLSLPERF_CROWD_BACKEND-2__HLSLPERF_CROWD_TILE_BINS-512__HLSLPERF_CROWD_TILE_REPLICAS-1__HLSLPERF_CROWD_TILE_SIZE-16__HLSLPERF_ELEMENTS_PER_THREAD-2__HLSLPERF_GROUP_SIZE-128__HLSLPERF_SCAN_BACKEND-1__HLSLPERF_SINGLE_PASS_GROUPS-128__HLSLPERF_SINGLE_PASS_ITEMS_SCALE-2__HLSLPERF_VECTOR_WIDTH-1__HLSLPERF_WAVE_SIZE-32",true,true,true,"",,,,,,,,2,2.5054,2.5601,0.0119,5022.3968,0.8167,"HLSLPERF_CROWD_BACKEND=2;HLSLPERF_CROWD_TILE_BINS=512;HLSLPERF_CROWD_TILE_REPLICAS=1;HLSLPERF_CROWD_TILE_SIZE=16;HLSLPERF_ELEMENTS_PER_THREAD=2;HLSLPERF_GROUP_SIZE=128;HLSLPERF_SCAN_BACKEND=1;HLSLPERF_SINGLE_PASS_GROUPS=128;HLSLPERF_SINGLE_PASS_ITEMS_SCALE=2;HLSLPERF_VECTOR_WIDTH=1;HLSLPERF_WAVE_SIZE=32","2.502;2.5313;2.4949;2.5129;2.4945;2.5268;2.5243;2.4718;2.5054;2.5888;2.5037",""
"HLSLPERF_CROWD_BACKEND-2__HLSLPERF_CROWD_TILE_BINS-512__HLSLPERF_CROWD_TILE_REPLICAS-2__HLSLPERF_CROWD_TILE_SIZE-16__HLSLPERF_ELEMENTS_PER_THREAD-2__HLSLPERF_GROUP_SIZE-128__HLSLPERF_SCAN_BACKEND-1__HLSLPERF_SINGLE_PASS_GROUPS-128__HLSLPERF_SINGLE_PASS_ITEMS_SCALE-2__HLSLPERF_VECTOR_WIDTH-1__HLSLPERF_WAVE_SIZE-32",true,true,false,"",,,,,,,,4,2.5741,3.0423,0.0865,4888.3712,0.7949,"HLSLPERF_CROWD_BACKEND=2;HLSLPERF_CROWD_TILE_BINS=512;HLSLPERF_CROWD_TILE_REPLICAS=2;HLSLPERF_CROWD_TILE_SIZE=16;HLSLPERF_ELEMENTS_PER_THREAD=2;HLSLPERF_GROUP_SIZE=128;HLSLPERF_SCAN_BACKEND=1;HLSLPERF_SINGLE_PASS_GROUPS=128;HLSLPERF_SINGLE_PASS_ITEMS_SCALE=2;HLSLPERF_VECTOR_WIDTH=1;HLSLPERF_WAVE_SIZE=32","2.502;2.5552;2.5276;2.5741;3.0607;3.024;2.9927;2.9727;2.5613;2.5469;2.9202",""
"HLSLPERF_CROWD_BACKEND-2__HLSLPERF_CROWD_TILE_BINS-512__HLSLPERF_CROWD_TILE_REPLICAS-1__HLSLPERF_CROWD_TILE_SIZE-16__HLSLPERF_ELEMENTS_PER_THREAD-2__HLSLPERF_GROUP_SIZE-128__HLSLPERF_SCAN_BACKEND-1__HLSLPERF_SINGLE_PASS_GROUPS-256__HLSLPERF_SINGLE_PASS_ITEMS_SCALE-2__HLSLPERF_VECTOR_WIDTH-1__HLSLPERF_WAVE_SIZE-32",true,true,false,"",,,,,,,,2,2.3552,2.8312,0.0874,5342.6541,0.8688,"HLSLPERF_CROWD_BACKEND=2;HLSLPERF_CROWD_TILE_BINS=512;HLSLPERF_CROWD_TILE_REPLICAS=1;HLSLPERF_CROWD_TILE_SIZE=16;HLSLPERF_ELEMENTS_PER_THREAD=2;HLSLPERF_GROUP_SIZE=128;HLSLPERF_SCAN_BACKEND=1;HLSLPERF_SINGLE_PASS_GROUPS=256;HLSLPERF_SINGLE_PASS_ITEMS_SCALE=2;HLSLPERF_VECTOR_WIDTH=1;HLSLPERF_WAVE_SIZE=32","2.911;2.7514;2.4309;2.3457;2.2751;2.2954;2.5019;2.6735;2.2932;2.3293;2.3552",""
"HLSLPERF_CROWD_BACKEND-2__HLSLPERF_CROWD_TILE_BINS-512__HLSLPERF_CROWD_TILE_REPLICAS-2__HLSLPERF_CROWD_TILE_SIZE-16__HLSLPERF_ELEMENTS_PER_THREAD-2__HLSLPERF_GROUP_SIZE-128__HLSLPERF_SCAN_BACKEND-1__HLSLPERF_SINGLE_PASS_GROUPS-256__HLSLPERF_SINGLE_PASS_ITEMS_SCALE-2__HLSLPERF_VECTOR_WIDTH-1__HLSLPERF_WAVE_SIZE-32",true,true,false,"",,,,,,,,4,2.3411,2.7263,0.0709,5374.878,0.874,"HLSLPERF_CROWD_BACKEND=2;HLSLPERF_CROWD_TILE_BINS=512;HLSLPERF_CROWD_TILE_REPLICAS=2;HLSLPERF_CROWD_TILE_SIZE=16;HLSLPERF_ELEMENTS_PER_THREAD=2;HLSLPERF_GROUP_SIZE=128;HLSLPERF_SCAN_BACKEND=1;HLSLPERF_SINGLE_PASS_GROUPS=256;HLSLPERF_SINGLE_PASS_ITEMS_SCALE=2;HLSLPERF_VECTOR_WIDTH=1;HLSLPERF_WAVE_SIZE=32","2.5015;2.3411;2.3149;2.7593;2.3088;2.323;2.6933;2.5378;2.3078;2.2989;2.621",""
"HLSLPERF_CROWD_BACKEND-2__HLSLPERF_CROWD_TILE_BINS-512__HLSLPERF_CROWD_TILE_REPLICAS-1__HLSLPERF_CROWD_TILE_SIZE-16__HLSLPERF_ELEMENTS_PER_THREAD-2__HLSLPERF_GROUP_SIZE-128__HLSLPERF_SCAN_BACKEND-1__HLSLPERF_SINGLE_PASS_GROUPS-128__HLSLPERF_SINGLE_PASS_ITEMS_SCALE-4__HLSLPERF_VECTOR_WIDTH-1__HLSLPERF_WAVE_SIZE-32",true,true,true,"",,,,,,,,4,2.2888,2.4671,0.0454,5497.6503,0.894,"HLSLPERF_CROWD_BACKEND=2;HLSLPERF_CROWD_TILE_BINS=512;HLSLPERF_CROWD_TILE_REPLICAS=1;HLSLPERF_CROWD_TILE_SIZE=16;HLSLPERF_ELEMENTS_PER_THREAD=2;HLSLPERF_GROUP_SIZE=128;HLSLPERF_SCAN_BACKEND=1;HLSLPERF_SINGLE_PASS_GROUPS=128;HLSLPERF_SINGLE_PASS_ITEMS_SCALE=4;HLSLPERF_VECTOR_WIDTH=1;HLSLPERF_WAVE_SIZE=32","2.4059;2.2534;2.1803;2.4784;2.4558;2.1973;2.2477;2.366;2.2341;2.2888;2.392",""
"HLSLPERF_CROWD_BACKEND-2__HLSLPERF_CROWD_TILE_BINS-512__HLSLPERF_CROWD_TILE_REPLICAS-2__HLSLPERF_CROWD_TILE_SIZE-16__HLSLPERF_ELEMENTS_PER_THREAD-2__HLSLPERF_GROUP_SIZE-128__HLSLPERF_SCAN_BACKEND-1__HLSLPERF_SINGLE_PASS_GROUPS-128__HLSLPERF_SINGLE_PASS_ITEMS_SCALE-4__HLSLPERF_VECTOR_WIDTH-1__HLSLPERF_WAVE_SIZE-32",true,true,true,"",,,,,,,,4,2.2506,2.4721,0.0527,5590.8151,0.9091,"HLSLPERF_CROWD_BACKEND=2;HLSLPERF_CROWD_TILE_BINS=512;HLSLPERF_CROWD_TILE_REPLICAS=2;HLSLPERF_CROWD_TILE_SIZE=16;HLSLPERF_ELEMENTS_PER_THREAD=2;HLSLPERF_GROUP_SIZE=128;HLSLPERF_SCAN_BACKEND=1;HLSLPERF_SINGLE_PASS_GROUPS=128;HLSLPERF_SINGLE_PASS_ITEMS_SCALE=4;HLSLPERF_VECTOR_WIDTH=1;HLSLPERF_WAVE_SIZE=32","2.4149;2.2352;2.1312;2.4997;2.2235;2.2174;2.4289;2.217;2.2558;2.4444;2.2506",""
"HLSLPERF_CROWD_BACKEND-2__HLSLPERF_CROWD_TILE_BINS-512__HLSLPERF_CROWD_TILE_REPLICAS-1__HLSLPERF_CROWD_TILE_SIZE-16__HLSLPERF_ELEMENTS_PER_THREAD-2__HLSLPERF_GROUP_SIZE-128__HLSLPERF_SCAN_BACKEND-1__HLSLPERF_SINGLE_PASS_GROUPS-256__HLSLPERF_SINGLE_PASS_ITEMS_SCALE-4__HLSLPERF_VECTOR_WIDTH-1__HLSLPERF_WAVE_SIZE-32",true,true,true,"",,,,,,,,4,2.0775,2.2097,0.0287,6056.8441,0.9849,"HLSLPERF_CROWD_BACKEND=2;HLSLPERF_CROWD_TILE_BINS=512;HLSLPERF_CROWD_TILE_REPLICAS=1;HLSLPERF_CROWD_TILE_SIZE=16;HLSLPERF_ELEMENTS_PER_THREAD=2;HLSLPERF_GROUP_SIZE=128;HLSLPERF_SCAN_BACKEND=1;HLSLPERF_SINGLE_PASS_GROUPS=256;HLSLPERF_SINGLE_PASS_ITEMS_SCALE=4;HLSLPERF_VECTOR_WIDTH=1;HLSLPERF_WAVE_SIZE=32","2.1626;2.1302;2.2568;2.0752;2.0688;2.0775;2.0669;2.0831;2.0519;2.0898;2.0654",""
"HLSLPERF_CROWD_BACKEND-2__HLSLPERF_CROWD_TILE_BINS-512__HLSLPERF_CROWD_TILE_REPLICAS-2__HLSLPERF_CROWD_TILE_SIZE-16__HLSLPERF_ELEMENTS_PER_THREAD-2__HLSLPERF_GROUP_SIZE-128__HLSLPERF_SCAN_BACKEND-1__HLSLPERF_SINGLE_PASS_GROUPS-256__HLSLPERF_SINGLE_PASS_ITEMS_SCALE-4__HLSLPERF_VECTOR_WIDTH-1__HLSLPERF_WAVE_SIZE-32",true,true,true,"",,,,,,,,4,2.1366,2.423,0.0581,5889.3048,0.9576,"HLSLPERF_CROWD_BACKEND=2;HLSLPERF_CROWD_TILE_BINS=512;HLSLPERF_CROWD_TILE_REPLICAS=2;HLSLPERF_CROWD_TILE_SIZE=16;HLSLPERF_ELEMENTS_PER_THREAD=2;HLSLPERF_GROUP_SIZE=128;HLSLPERF_SCAN_BACKEND=1;HLSLPERF_SINGLE_PASS_GROUPS=256;HLSLPERF_SINGLE_PASS_ITEMS_SCALE=4;HLSLPERF_VECTOR_WIDTH=1;HLSLPERF_WAVE_SIZE=32","2.1204;2.0938;2.4634;2.1366;2.1227;2.3161;2.0894;2.161;2.3826;2.1608;2.1362",""
"HLSLPERF_CROWD_BACKEND-2__HLSLPERF_CROWD_TILE_BINS-512__HLSLPERF_CROWD_TILE_REPLICAS-1__HLSLPERF_CROWD_TILE_SIZE-16__HLSLPERF_ELEMENTS_PER_THREAD-2__HLSLPERF_GROUP_SIZE-128__HLSLPERF_SCAN_BACKEND-1__HLSLPERF_SINGLE_PASS_GROUPS-128__HLSLPERF_SINGLE_PASS_ITEMS_SCALE-2__HLSLPERF_VECTOR_WIDTH-1__HLSLPERF_WAVE_SIZE-64",true,true,true,"",,,,,,,,2,2.9682,3.0513,0.024,4239.2114,0.6893,"HLSLPERF_CROWD_BACKEND=2;HLSLPERF_CROWD_TILE_BINS=512;HLSLPERF_CROWD_TILE_REPLICAS=1;HLSLPERF_CROWD_TILE_SIZE=16;HLSLPERF_ELEMENTS_PER_THREAD=2;HLSLPERF_GROUP_SIZE=128;HLSLPERF_SCAN_BACKEND=1;HLSLPERF_SINGLE_PASS_GROUPS=128;HLSLPERF_SINGLE_PASS_ITEMS_SCALE=2;HLSLPERF_VECTOR_WIDTH=1;HLSLPERF_WAVE_SIZE=64","2.8041;2.9395;2.9835;2.9801;3.0667;3.036;2.9982;2.9682;2.9061;2.941;2.9075",""
"HLSLPERF_CROWD_BACKEND-2__HLSLPERF_CROWD_TILE_BINS-512__HLSLPERF_CROWD_TILE_REPLICAS-2__HLSLPERF_CROWD_TILE_SIZE-16__HLSLPERF_ELEMENTS_PER_THREAD-2__HLSLPERF_GROUP_SIZE-128__HLSLPERF_SCAN_BACKEND-1__HLSLPERF_SINGLE_PASS_GROUPS-128__HLSLPERF_SINGLE_PASS_ITEMS_SCALE-2__HLSLPERF_VECTOR_WIDTH-1__HLSLPERF_WAVE_SIZE-64",true,true,false,"",,,,,,,,2,2.9377,3.0631,0.0809,4283.2529,0.6965,"HLSLPERF_CROWD_BACKEND=2;HLSLPERF_CROWD_TILE_BINS=512;HLSLPERF_CROWD_TILE_REPLICAS=2;HLSLPERF_CROWD_TILE_SIZE=16;HLSLPERF_ELEMENTS_PER_THREAD=2;HLSLPERF_GROUP_SIZE=128;HLSLPERF_SCAN_BACKEND=1;HLSLPERF_SINGLE_PASS_GROUPS=128;HLSLPERF_SINGLE_PASS_ITEMS_SCALE=2;HLSLPERF_VECTOR_WIDTH=1;HLSLPERF_WAVE_SIZE=64","2.8123;2.5122;2.5696;2.5442;2.543;3.104;3.0221;2.9854;2.9684;2.9377;2.9736",""
"HLSLPERF_CROWD_BACKEND-2__HLSLPERF_CROWD_TILE_BINS-512__HLSLPERF_CROWD_TILE_REPLICAS-1__HLSLPERF_CROWD_TILE_SIZE-16__HLSLPERF_ELEMENTS_PER_THREAD-2__HLSLPERF_GROUP_SIZE-128__HLSLPERF_SCAN_BACKEND-1__HLSLPERF_SINGLE_PASS_GROUPS-256__HLSLPERF_SINGLE_PASS_ITEMS_SCALE-2__HLSLPERF_VECTOR_WIDTH-1__HLSLPERF_WAVE_SIZE-64",true,true,false,"",,,,,,,,2,2.3288,2.8531,0.09,5403.1278,0.8786,"HLSLPERF_CROWD_BACKEND=2;HLSLPERF_CROWD_TILE_BINS=512;HLSLPERF_CROWD_TILE_REPLICAS=1;HLSLPERF_CROWD_TILE_SIZE=16;HLSLPERF_ELEMENTS_PER_THREAD=2;HLSLPERF_GROUP_SIZE=128;HLSLPERF_SCAN_BACKEND=1;HLSLPERF_SINGLE_PASS_GROUPS=256;HLSLPERF_SINGLE_PASS_ITEMS_SCALE=2;HLSLPERF_VECTOR_WIDTH=1;HLSLPERF_WAVE_SIZE=64","2.8268;2.3163;2.3288;2.2563;2.305;2.4123;2.8793;2.3051;2.3381;2.3441;2.3058",""
"HLSLPERF_CROWD_BACKEND-2__HLSLPERF_CROWD_TILE_BINS-512__HLSLPERF_CROWD_TILE_REPLICAS-2__HLSLPERF_CROWD_TILE_SIZE-16__HLSLPERF_ELEMENTS_PER_THREAD-2__HLSLPERF_GROUP_SIZE-128__HLSLPERF_SCAN_BACKEND-1__HLSLPERF_SINGLE_PASS_GROUPS-256__HLSLPERF_SINGLE_PASS_ITEMS_SCALE-2__HLSLPERF_VECTOR_WIDTH-1__HLSLPERF_WAVE_SIZE-64",true,true,false,"",,,,,,,,2,2.687,2.8365,0.0878,4682.8153,0.7615,"HLSLPERF_CROWD_BACKEND=2;HLSLPERF_CROWD_TILE_BINS=512;HLSLPERF_CROWD_TILE_REPLICAS=2;HLSLPERF_CROWD_TILE_SIZE=16;HLSLPERF_ELEMENTS_PER_THREAD=2;HLSLPERF_GROUP_SIZE=128;HLSLPERF_SCAN_BACKEND=1;HLSLPERF_SINGLE_PASS_GROUPS=256;HLSLPERF_SINGLE_PASS_ITEMS_SCALE=2;HLSLPERF_VECTOR_WIDTH=1;HLSLPERF_WAVE_SIZE=64","2.3266;2.2636;2.3112;2.3439;2.553;2.7199;2.8456;2.7192;2.7741;2.8273;2.687",""
"HLSLPERF_CROWD_BACKEND-2__HLSLPERF_CROWD_TILE_BINS-512__HLSLPERF_CROWD_TILE_REPLICAS-1__HLSLPERF_CROWD_TILE_SIZE-16__HLSLPERF_ELEMENTS_PER_THREAD-2__HLSLPERF_GROUP_SIZE-128__HLSLPERF_SCAN_BACKEND-1__HLSLPERF_SINGLE_PASS_GROUPS-128__HLSLPERF_SINGLE_PASS_ITEMS_SCALE-4__HLSLPERF_VECTOR_WIDTH-1__HLSLPERF_WAVE_SIZE-64",true,true,false,"",,,,,,,,4,2.181,2.511,0.062,5769.2257,0.9381,"HLSLPERF_CROWD_BACKEND=2;HLSLPERF_CROWD_TILE_BINS=512;HLSLPERF_CROWD_TILE_REPLICAS=1;HLSLPERF_CROWD_TILE_SIZE=16;HLSLPERF_ELEMENTS_PER_THREAD=2;HLSLPERF_GROUP_SIZE=128;HLSLPERF_SCAN_BACKEND=1;HLSLPERF_SINGLE_PASS_GROUPS=128;HLSLPERF_SINGLE_PASS_ITEMS_SCALE=4;HLSLPERF_VECTOR_WIDTH=1;HLSLPERF_WAVE_SIZE=64","2.4932;2.2119;2.222;2.5287;2.1438;2.1931;2.1691;2.181;2.1465;2.1429;2.1666",""
"HLSLPERF_CROWD_BACKEND-2__HLSLPERF_CROWD_TILE_BINS-512__HLSLPERF_CROWD_TILE_REPLICAS-2__HLSLPERF_CROWD_TILE_SIZE-16__HLSLPERF_ELEMENTS_PER_THREAD-2__HLSLPERF_GROUP_SIZE-128__HLSLPERF_SCAN_BACKEND-1__HLSLPERF_SINGLE_PASS_GROUPS-128__HLSLPERF_SINGLE_PASS_ITEMS_SCALE-4__HLSLPERF_VECTOR_WIDTH-1__HLSLPERF_WAVE_SIZE-64",true,true,false,"",,,,,,,,4,2.1829,2.5502,0.0673,5764.2306,0.9373,"HLSLPERF_CROWD_BACKEND=2;HLSLPERF_CROWD_TILE_BINS=512;HLSLPERF_CROWD_TILE_REPLICAS=2;HLSLPERF_CROWD_TILE_SIZE=16;HLSLPERF_ELEMENTS_PER_THREAD=2;HLSLPERF_GROUP_SIZE=128;HLSLPERF_SCAN_BACKEND=1;HLSLPERF_SINGLE_PASS_GROUPS=128;HLSLPERF_SINGLE_PASS_ITEMS_SCALE=4;HLSLPERF_VECTOR_WIDTH=1;HLSLPERF_WAVE_SIZE=64","2.1529;2.1829;2.16;2.1775;2.1651;2.153;2.2469;2.2121;2.5034;2.5969;2.2368",""
"HLSLPERF_CROWD_BACKEND-2__HLSLPERF_CROWD_TILE_BINS-512__HLSLPERF_CROWD_TILE_REPLICAS-1__HLSLPERF_CROWD_TILE_SIZE-16__HLSLPERF_ELEMENTS_PER_THREAD-2__HLSLPERF_GROUP_SIZE-128__HLSLPERF_SCAN_BACKEND-1__HLSLPERF_SINGLE_PASS_GROUPS-256__HLSLPERF_SINGLE_PASS_ITEMS_SCALE-4__HLSLPERF_VECTOR_WIDTH-1__HLSLPERF_WAVE_SIZE-64",true,true,true,"",,,,,,,,4,2.1247,2.3373,0.0523,5922.0949,0.963,"HLSLPERF_CROWD_BACKEND=2;HLSLPERF_CROWD_TILE_BINS=512;HLSLPERF_CROWD_TILE_REPLICAS=1;HLSLPERF_CROWD_TILE_SIZE=16;HLSLPERF_ELEMENTS_PER_THREAD=2;HLSLPERF_GROUP_SIZE=128;HLSLPERF_SCAN_BACKEND=1;HLSLPERF_SINGLE_PASS_GROUPS=256;HLSLPERF_SINGLE_PASS_ITEMS_SCALE=4;HLSLPERF_VECTOR_WIDTH=1;HLSLPERF_WAVE_SIZE=64","2.3307;2.1062;2.1247;2.3436;2.0716;2.1064;2.3309;2.1367;2.0933;2.3143;2.1008",""
"HLSLPERF_CROWD_BACKEND-2__HLSLPERF_CROWD_TILE_BINS-512__HLSLPERF_CROWD_TILE_REPLICAS-2__HLSLPERF_CROWD_TILE_SIZE-16__HLSLPERF_ELEMENTS_PER_THREAD-2__HLSLPERF_GROUP_SIZE-128__HLSLPERF_SCAN_BACKEND-1__HLSLPERF_SINGLE_PASS_GROUPS-256__HLSLPERF_SINGLE_PASS_ITEMS_SCALE-4__HLSLPERF_VECTOR_WIDTH-1__HLSLPERF_WAVE_SIZE-64",true,true,false,"",,,,,,,,4,2.1457,2.4543,0.0698,5864.1364,0.9535,"HLSLPERF_CROWD_BACKEND=2;HLSLPERF_CROWD_TILE_BINS=512;HLSLPERF_CROWD_TILE_REPLICAS=2;HLSLPERF_CROWD_TILE_SIZE=16;HLSLPERF_ELEMENTS_PER_THREAD=2;HLSLPERF_GROUP_SIZE=128;HLSLPERF_SCAN_BACKEND=1;HLSLPERF_SINGLE_PASS_GROUPS=256;HLSLPERF_SINGLE_PASS_ITEMS_SCALE=4;HLSLPERF_VECTOR_WIDTH=1;HLSLPERF_WAVE_SIZE=64","2.3489;2.1457;2.0634;2.3895;2.366;2.108;2.122;2.4356;2.1408;2.0918;2.4729",""
"HLSLPERF_CROWD_BACKEND-2__HLSLPERF_CROWD_TILE_BINS-512__HLSLPERF_CROWD_TILE_REPLICAS-1__HLSLPERF_CROWD_TILE_SIZE-16__HLSLPERF_ELEMENTS_PER_THREAD-4__HLSLPERF_GROUP_SIZE-128__HLSLPERF_SCAN_BACKEND-1__HLSLPERF_SINGLE_PASS_GROUPS-128__HLSLPERF_SINGLE_PASS_ITEMS_SCALE-2__HLSLPERF_VECTOR_WIDTH-1__HLSLPERF_WAVE_SIZE-32",true,true,false,"",,,,,,,,4,2.2481,2.6726,0.0821,5597.0322,0.9101,"HLSLPERF_CROWD_BACKEND=2;HLSLPERF_CROWD_TILE_BINS=512;HLSLPERF_CROWD_TILE_REPLICAS=1;HLSLPERF_CROWD_TILE_SIZE=16;HLSLPERF_ELEMENTS_PER_THREAD=4;HLSLPERF_GROUP_SIZE=128;HLSLPERF_SCAN_BACKEND=1;HLSLPERF_SINGLE_PASS_GROUPS=128;HLSLPERF_SINGLE_PASS_ITEMS_SCALE=2;HLSLPERF_VECTOR_WIDTH=1;HLSLPERF_WAVE_SIZE=32","2.534;2.4622;2.1764;2.2481;2.3999;2.2174;2.2327;2.4476;2.2453;2.1986;2.8112",""
"HLSLPERF_CROWD_BACKEND-2__HLSLPERF_CROWD_TILE_BINS-512__HLSLPERF_CROWD_TILE_REPLICAS-2__HLSLPERF_CROWD_TILE_SIZE-16__HLSLPERF_ELEMENTS_PER_THREAD-4__HLSLPERF_GROUP_SIZE-128__HLSLPERF_SCAN_BACKEND-1__HLSLPERF_SINGLE_PASS_GROUPS-128__HLSLPERF_SINGLE_PASS_ITEMS_SCALE-2__HLSLPERF_VECTOR_WIDTH-1__HLSLPERF_WAVE_SIZE-32",true,true,false,"",,,,,,,,4,2.2654,2.5431,0.0601,5554.3151,0.9032,"HLSLPERF_CROWD_BACKEND=2;HLSLPERF_CROWD_TILE_BINS=512;HLSLPERF_CROWD_TILE_REPLICAS=2;HLSLPERF_CROWD_TILE_SIZE=16;HLSLPERF_ELEMENTS_PER_THREAD=4;HLSLPERF_GROUP_SIZE=128;HLSLPERF_SCAN_BACKEND=1;HLSLPERF_SINGLE_PASS_GROUPS=128;HLSLPERF_SINGLE_PASS_ITEMS_SCALE=2;HLSLPERF_VECTOR_WIDTH=1;HLSLPERF_WAVE_SIZE=32","2.2315;2.2468;2.4415;2.2458;2.1824;2.5142;2.3934;2.2027;2.2654;2.572;2.4907",""
"HLSLPERF_CROWD_BACKEND-2__HLSLPERF_CROWD_TILE_BINS-512__HLSLPERF_CROWD_TILE_REPLICAS-1__HLSLPERF_CROWD_TILE_SIZE-16__HLSLPERF_ELEMENTS_PER_THREAD-4__HLSLPERF_GROUP_SIZE-128__HLSLPERF_SCAN_BACKEND-1__HLSLPERF_SINGLE_PASS_GROUPS-256__HLSLPERF_SINGLE_PASS_ITEMS_SCALE-2__HLSLPERF_VECTOR_WIDTH-1__HLSLPERF_WAVE_SIZE-32",true,true,true,"",,,,,,,,4,2.0827,2.2361,0.042,6041.5474,0.9824,"HLSLPERF_CROWD_BACKEND=2;HLSLPERF_CROWD_TILE_BINS=512;HLSLPERF_CROWD_TILE_REPLICAS=1;HLSLPERF_CROWD_TILE_SIZE=16;HLSLPERF_ELEMENTS_PER_THREAD=4;HLSLPERF_GROUP_SIZE=128;HLSLPERF_SCAN_BACKEND=1;HLSLPERF_SINGLE_PASS_GROUPS=256;HLSLPERF_SINGLE_PASS_ITEMS_SCALE=2;HLSLPERF_VECTOR_WIDTH=1;HLSLPERF_WAVE_SIZE=32","2.3711;2.0722;2.0827;2.083;2.0669;2.0928;2.0818;2.1011;2.0614;2.1011;2.0659",""
"HLSLPERF_CROWD_BACKEND-2__HLSLPERF_CROWD_TILE_BINS-512__HLSLPERF_CROWD_TILE_REPLICAS-2__HLSLPERF_CROWD_TILE_SIZE-16__HLSLPERF_ELEMENTS_PER_THREAD-4__HLSLPERF_GROUP_SIZE-128__HLSLPERF_SCAN_BACKEND-1__HLSLPERF_SINGLE_PASS_GROUPS-256__HLSLPERF_SINGLE_PASS_ITEMS_SCALE-2__HLSLPERF_VECTOR_WIDTH-1__HLSLPERF_WAVE_SIZE-32",true,true,false,"",,,,,,,,4,2.1527,2.4764,0.0662,5845.2311,0.9505,"HLSLPERF_CROWD_BACKEND=2;HLSLPERF_CROWD_TILE_BINS=512;HLSLPERF_CROWD_TILE_REPLICAS=2;HLSLPERF_CROWD_TILE_SIZE=16;HLSLPERF_ELEMENTS_PER_THREAD=4;HLSLPERF_GROUP_SIZE=128;HLSLPERF_SCAN_BACKEND=1;HLSLPERF_SINGLE_PASS_GROUPS=256;HLSLPERF_SINGLE_PASS_ITEMS_SCALE=2;HLSLPERF_VECTOR_WIDTH=1;HLSLPERF_WAVE_SIZE=32","2.1527;2.3571;2.1375;2.1456;2.407;2.1555;2.1029;2.5458;2.3349;2.1292;2.1396",""
"HLSLPERF_CROWD_BACKEND-2__HLSLPERF_CROWD_TILE_BINS-512__HLSLPERF_CROWD_TILE_REPLICAS-1__HLSLPERF_CROWD_TILE_SIZE-16__HLSLPERF_ELEMENTS_PER_THREAD-4__HLSLPERF_GROUP_SIZE-128__HLSLPERF_SCAN_BACKEND-1__HLSLPERF_SINGLE_PASS_GROUPS-128__HLSLPERF_SINGLE_PASS_ITEMS_SCALE-4__HLSLPERF_VECTOR_WIDTH-1__HLSLPERF_WAVE_SIZE-32",true,true,true,"",,,,,,,,4,2.03,2.1704,0.0387,6198.3872,1.0079,"HLSLPERF_CROWD_BACKEND=2;HLSLPERF_CROWD_TILE_BINS=512;HLSLPERF_CROWD_TILE_REPLICAS=1;HLSLPERF_CROWD_TILE_SIZE=16;HLSLPERF_ELEMENTS_PER_THREAD=4;HLSLPERF_GROUP_SIZE=128;HLSLPERF_SCAN_BACKEND=1;HLSLPERF_SINGLE_PASS_GROUPS=128;HLSLPERF_SINGLE_PASS_ITEMS_SCALE=4;HLSLPERF_VECTOR_WIDTH=1;HLSLPERF_WAVE_SIZE=32","2.2846;2.0067;2.03;2;2.021;2.0233;2.0363;2.0372;2.0351;2.017;2.0561",""
"HLSLPERF_CROWD_BACKEND-2__HLSLPERF_CROWD_TILE_BINS-512__HLSLPERF_CROWD_TILE_REPLICAS-2__HLSLPERF_CROWD_TILE_SIZE-16__HLSLPERF_ELEMENTS_PER_THREAD-4__HLSLPERF_GROUP_SIZE-128__HLSLPERF_SCAN_BACKEND-1__HLSLPERF_SINGLE_PASS_GROUPS-128__HLSLPERF_SINGLE_PASS_ITEMS_SCALE-4__HLSLPERF_VECTOR_WIDTH-1__HLSLPERF_WAVE_SIZE-32",true,true,false,"",,,,,,,,4,2.1016,2.384,0.0619,5987.2156,0.9736,"HLSLPERF_CROWD_BACKEND=2;HLSLPERF_CROWD_TILE_BINS=512;HLSLPERF_CROWD_TILE_REPLICAS=2;HLSLPERF_CROWD_TILE_SIZE=16;HLSLPERF_ELEMENTS_PER_THREAD=4;HLSLPERF_GROUP_SIZE=128;HLSLPERF_SCAN_BACKEND=1;HLSLPERF_SINGLE_PASS_GROUPS=128;HLSLPERF_SINGLE_PASS_ITEMS_SCALE=4;HLSLPERF_VECTOR_WIDTH=1;HLSLPERF_WAVE_SIZE=32","2.1407;2.4975;2.0492;2.0687;2.2414;2.0878;2.082;2.1812;2.2706;2.0591;2.1016",""
"HLSLPERF_CROWD_BACKEND-2__HLSLPERF_CROWD_TILE_BINS-512__HLSLPERF_CROWD_TILE_REPLICAS-1__HLSLPERF_CROWD_TILE_SIZE-16__HLSLPERF_ELEMENTS_PER_THREAD-4__HLSLPERF_GROUP_SIZE-128__HLSLPERF_SCAN_BACKEND-1__HLSLPERF_SINGLE_PASS_GROUPS-256__HLSLPERF_SINGLE_PASS_ITEMS_SCALE-4__HLSLPERF_VECTOR_WIDTH-1__HLSLPERF_WAVE_SIZE-32",true,true,true,"",,,,,,,,4,2.0513,2.2919,0.0514,6134.2056,0.9975,"HLSLPERF_CROWD_BACKEND=2;HLSLPERF_CROWD_TILE_BINS=512;HLSLPERF_CROWD_TILE_REPLICAS=1;HLSLPERF_CROWD_TILE_SIZE=16;HLSLPERF_ELEMENTS_PER_THREAD=4;HLSLPERF_GROUP_SIZE=128;HLSLPERF_SCAN_BACKEND=1;HLSLPERF_SINGLE_PASS_GROUPS=256;HLSLPERF_SINGLE_PASS_ITEMS_SCALE=4;HLSLPERF_VECTOR_WIDTH=1;HLSLPERF_WAVE_SIZE=32","2.2212;2.0553;2.107;2.3626;2.0513;2.0201;2.0532;2.0171;2.0449;2.0345;2.0248",""
"HLSLPERF_CROWD_BACKEND-2__HLSLPERF_CROWD_TILE_BINS-512__HLSLPERF_CROWD_TILE_REPLICAS-2__HLSLPERF_CROWD_TILE_SIZE-16__HLSLPERF_ELEMENTS_PER_THREAD-4__HLSLPERF_GROUP_SIZE-128__HLSLPERF_SCAN_BACKEND-1__HLSLPERF_SINGLE_PASS_GROUPS-256__HLSLPERF_SINGLE_PASS_ITEMS_SCALE-4__HLSLPERF_VECTOR_WIDTH-1__HLSLPERF_WAVE_SIZE-32",true,true,true,"",,,,,,,,4,2.102,2.2831,0.0433,5986.1333,0.9734,"HLSLPERF_CROWD_BACKEND=2;HLSLPERF_CROWD_TILE_BINS=512;HLSLPERF_CROWD_TILE_REPLICAS=2;HLSLPERF_CROWD_TILE_SIZE=16;HLSLPERF_ELEMENTS_PER_THREAD=4;HLSLPERF_GROUP_SIZE=128;HLSLPERF_SCAN_BACKEND=1;HLSLPERF_SINGLE_PASS_GROUPS=256;HLSLPERF_SINGLE_PASS_ITEMS_SCALE=4;HLSLPERF_VECTOR_WIDTH=1;HLSLPERF_WAVE_SIZE=32","2.2828;2.0694;2.0882;2.2019;2.251;2.0924;2.0695;2.2129;2.102;2.0392;2.2834",""
"HLSLPERF_CROWD_BACKEND-2__HLSLPERF_CROWD_TILE_BINS-512__HLSLPERF_CROWD_TILE_REPLICAS-1__HLSLPERF_CROWD_TILE_SIZE-16__HLSLPERF_ELEMENTS_PER_THREAD-4__HLSLPERF_GROUP_SIZE-128__HLSLPERF_SCAN_BACKEND-1__HLSLPERF_SINGLE_PASS_GROUPS-128__HLSLPERF_SINGLE_PASS_ITEMS_SCALE-2__HLSLPERF_VECTOR_WIDTH-1__HLSLPERF_WAVE_SIZE-64",true,true,false,"",,,,,,,,4,2.2499,2.6796,0.0783,5592.7036,0.9094,"HLSLPERF_CROWD_BACKEND=2;HLSLPERF_CROWD_TILE_BINS=512;HLSLPERF_CROWD_TILE_REPLICAS=1;HLSLPERF_CROWD_TILE_SIZE=16;HLSLPERF_ELEMENTS_PER_THREAD=4;HLSLPERF_GROUP_SIZE=128;HLSLPERF_SCAN_BACKEND=1;HLSLPERF_SINGLE_PASS_GROUPS=128;HLSLPERF_SINGLE_PASS_ITEMS_SCALE=2;HLSLPERF_VECTOR_WIDTH=1;HLSLPERF_WAVE_SIZE=64","2.6739;2.47;2.1894;2.2414;2.4464;2.2499;2.1972;2.3789;2.2355;2.2164;2.6853",""
"HLSLPERF_CROWD_BACKEND-2__HLSLPERF_CROWD_TILE_BINS-512__HLSLPERF_CROWD_TILE_REPLICAS-2__HLSLPERF_CROWD_TILE_SIZE-16__HLSLPERF_ELEMENTS_PER_THREAD-4__HLSLPERF_GROUP_SIZE-128__HLSLPERF_SCAN_BACKEND-1__HLSLPERF_SINGLE_PASS_GROUPS-128__HLSLPERF_SINGLE_PASS_ITEMS_SCALE-2__HLSLPERF_VECTOR_WIDTH-1__HLSLPERF_WAVE_SIZE-64",true,true,false,"",,,,,,,,4,2.2583,2.6365,0.0714,5571.9501,0.906,"HLSLPERF_CROWD_BACKEND=2;HLSLPERF_CROWD_TILE_BINS=512;HLSLPERF_CROWD_TILE_REPLICAS=2;HLSLPERF_CROWD_TILE_SIZE=16;HLSLPERF_ELEMENTS_PER_THREAD=4;HLSLPERF_GROUP_SIZE=128;HLSLPERF_SCAN_BACKEND=1;HLSLPERF_SINGLE_PASS_GROUPS=128;HLSLPERF_SINGLE_PASS_ITEMS_SCALE=2;HLSLPERF_VECTOR_WIDTH=1;HLSLPERF_WAVE_SIZE=64","2.5625;2.427;2.2048;2.2583;2.4083;2.2142;2.2223;2.3599;2.2455;2.2045;2.7105",""
"HLSLPERF_CROWD_BACKEND-2__HLSLPERF_CROWD_TILE_BINS-512__HLSLPERF_CROWD_TILE_REPLICAS-1__HLSLPERF_CROWD_TILE_SIZE-16__HLSLPERF_ELEMENTS_PER_THREAD-4__HLSLPERF_GROUP_SIZE-128__HLSLPERF_SCAN_BACKEND-1__HLSLPERF_SINGLE_PASS_GROUPS-256__HLSLPERF_SINGLE_PASS_ITEMS_SCALE-2__HLSLPERF_VECTOR_WIDTH-1__HLSLPERF_WAVE_SIZE-64",true,true,true,"",,,,,,,,4,2.1409,2.4043,0.0523,5877.3387,0.9557,"HLSLPERF_CROWD_BACKEND=2;HLSLPERF_CROWD_TILE_BINS=512;HLSLPERF_CROWD_TILE_REPLICAS=1;HLSLPERF_CROWD_TILE_SIZE=16;HLSLPERF_ELEMENTS_PER_THREAD=4;HLSLPERF_GROUP_SIZE=128;HLSLPERF_SCAN_BACKEND=1;HLSLPERF_SINGLE_PASS_GROUPS=256;HLSLPERF_SINGLE_PASS_ITEMS_SCALE=2;HLSLPERF_VECTOR_WIDTH=1;HLSLPERF_WAVE_SIZE=64","2.3661;2.1359;2.153;2.2712;2.114;2.1409;2.4426;2.1382;2.0887;2.2278;2.1182",""
"HLSLPERF_CROWD_BACKEND-2__HLSLPERF_CROWD_TILE_BINS-512__HLSLPERF_CROWD_TILE_REPLICAS-2__HLSLPERF_CROWD_TILE_SIZE-16__HLSLPERF_ELEMENTS_PER_THREAD-4__HLSLPERF_GROUP_SIZE-128__HLSLPERF_SCAN_BACKEND-1__HLSLPERF_SINGLE_PASS_GROUPS-256__HLSLPERF_SINGLE_PASS_ITEMS_SCALE-2__HLSLPERF_VECTOR_WIDTH-1__HLSLPERF_WAVE_SIZE-64",true,true,true,"",,,,,,,,2,2.1242,2.403,0.0566,5923.712,0.9632,"HLSLPERF_CROWD_BACKEND=2;HLSLPERF_CROWD_TILE_BINS=512;HLSLPERF_CROWD_TILE_REPLICAS=2;HLSLPERF_CROWD_TILE_SIZE=16;HLSLPERF_ELEMENTS_PER_THREAD=4;HLSLPERF_GROUP_SIZE=128;HLSLPERF_SCAN_BACKEND=1;HLSLPERF_SINGLE_PASS_GROUPS=256;HLSLPERF_SINGLE_PASS_ITEMS_SCALE=2;HLSLPERF_VECTOR_WIDTH=1;HLSLPERF_WAVE_SIZE=64","2.1242;2.1365;2.0943;2.1171;2.2573;2.4446;2.1008;2.1163;2.1307;2.0611;2.3615",""
"HLSLPERF_CROWD_BACKEND-2__HLSLPERF_CROWD_TILE_BINS-512__HLSLPERF_CROWD_TILE_REPLICAS-1__HLSLPERF_CROWD_TILE_SIZE-16__HLSLPERF_ELEMENTS_PER_THREAD-4__HLSLPERF_GROUP_SIZE-128__HLSLPERF_SCAN_BACKEND-1__HLSLPERF_SINGLE_PASS_GROUPS-128__HLSLPERF_SINGLE_PASS_ITEMS_SCALE-4__HLSLPERF_VECTOR_WIDTH-1__HLSLPERF_WAVE_SIZE-64",true,true,true,"",,,,,,,,4,2.0146,2.2559,0.0509,6245.8302,1.0156,"HLSLPERF_CROWD_BACKEND=2;HLSLPERF_CROWD_TILE_BINS=512;HLSLPERF_CROWD_TILE_REPLICAS=1;HLSLPERF_CROWD_TILE_SIZE=16;HLSLPERF_ELEMENTS_PER_THREAD=4;HLSLPERF_GROUP_SIZE=128;HLSLPERF_SCAN_BACKEND=1;HLSLPERF_SINGLE_PASS_GROUPS=128;HLSLPERF_SINGLE_PASS_ITEMS_SCALE=4;HLSLPERF_VECTOR_WIDTH=1;HLSLPERF_WAVE_SIZE=64","2.2026;2.3092;2.0117;2.0035;2.0146;1.9955;2.019;1.9728;2.0176;2.0048;2.0237",""
"HLSLPERF_CROWD_BACKEND-2__HLSLPERF_CROWD_TILE_BINS-512__HLSLPERF_CROWD_TILE_REPLICAS-2__HLSLPERF_CROWD_TILE_SIZE-16__HLSLPERF_ELEMENTS_PER_THREAD-4__HLSLPERF_GROUP_SIZE-128__HLSLPERF_SCAN_BACKEND-1__HLSLPERF_SINGLE_PASS_GROUPS-128__HLSLPERF_SINGLE_PASS_ITEMS_SCALE-4__HLSLPERF_VECTOR_WIDTH-1__HLSLPERF_WAVE_SIZE-64",true,true,true,"",,,,,,,,4,2.0933,2.2939,0.0476,6011.0122,0.9774,"HLSLPERF_CROWD_BACKEND=2;HLSLPERF_CROWD_TILE_BINS=512;HLSLPERF_CROWD_TILE_REPLICAS=2;HLSLPERF_CROWD_TILE_SIZE=16;HLSLPERF_ELEMENTS_PER_THREAD=4;HLSLPERF_GROUP_SIZE=128;HLSLPERF_SCAN_BACKEND=1;HLSLPERF_SINGLE_PASS_GROUPS=128;HLSLPERF_SINGLE_PASS_ITEMS_SCALE=4;HLSLPERF_VECTOR_WIDTH=1;HLSLPERF_WAVE_SIZE=64","2.0777;2.0877;2.3502;2.1046;2.0444;2.2376;2.0128;2.1107;2.2296;2.0933;2.06",""
"HLSLPERF_CROWD_BACKEND-2__HLSLPERF_CROWD_TILE_BINS-512__HLSLPERF_CROWD_TILE_REPLICAS-1__HLSLPERF_CROWD_TILE_SIZE-16__HLSLPERF_ELEMENTS_PER_THREAD-4__HLSLPERF_GROUP_SIZE-128__HLSLPERF_SCAN_BACKEND-1__HLSLPERF_SINGLE_PASS_GROUPS-256__HLSLPERF_SINGLE_PASS_ITEMS_SCALE-4__HLSLPERF_VECTOR_WIDTH-1__HLSLPERF_WAVE_SIZE-64",true,true,true,"",,,,,,,,4,2.1158,2.3301,0.0522,5947.0336,0.967,"HLSLPERF_CROWD_BACKEND=2;HLSLPERF_CROWD_TILE_BINS=512;HLSLPERF_CROWD_TILE_REPLICAS=1;HLSLPERF_CROWD_TILE_SIZE=16;HLSLPERF_ELEMENTS_PER_THREAD=4;HLSLPERF_GROUP_SIZE=128;HLSLPERF_SCAN_BACKEND=1;HLSLPERF_SINGLE_PASS_GROUPS=256;HLSLPERF_SINGLE_PASS_ITEMS_SCALE=4;HLSLPERF_VECTOR_WIDTH=1;HLSLPERF_WAVE_SIZE=64","2.2745;2.0964;2.0883;2.3204;2.0974;2.0653;2.3368;2.0696;2.1158;2.3235;2.1173",""
"HLSLPERF_CROWD_BACKEND-2__HLSLPERF_CROWD_TILE_BINS-512__HLSLPERF_CROWD_TILE_REPLICAS-2__HLSLPERF_CROWD_TILE_SIZE-16__HLSLPERF_ELEMENTS_PER_THREAD-4__HLSLPERF_GROUP_SIZE-128__HLSLPERF_SCAN_BACKEND-1__HLSLPERF_SINGLE_PASS_GROUPS-256__HLSLPERF_SINGLE_PASS_ITEMS_SCALE-4__HLSLPERF_VECTOR_WIDTH-1__HLSLPERF_WAVE_SIZE-64",true,true,true,"",,,,,,,,4,2.1103,2.38,0.0557,5962.7024,0.9696,"HLSLPERF_CROWD_BACKEND=2;HLSLPERF_CROWD_TILE_BINS=512;HLSLPERF_CROWD_TILE_REPLICAS=2;HLSLPERF_CROWD_TILE_SIZE=16;HLSLPERF_ELEMENTS_PER_THREAD=4;HLSLPERF_GROUP_SIZE=128;HLSLPERF_SCAN_BACKEND=1;HLSLPERF_SINGLE_PASS_GROUPS=256;HLSLPERF_SINGLE_PASS_ITEMS_SCALE=4;HLSLPERF_VECTOR_WIDTH=1;HLSLPERF_WAVE_SIZE=64","2.2658;2.0582;2.1099;2.2364;2.1043;2.0638;2.3993;2.2609;2.0943;2.1103;2.3608",""
"HLSLPERF_CROWD_BACKEND-2__HLSLPERF_CROWD_TILE_BINS-512__HLSLPERF_CROWD_TILE_REPLICAS-1__HLSLPERF_CROWD_TILE_SIZE-16__HLSLPERF_ELEMENTS_PER_THREAD-4__HLSLPERF_GROUP_SIZE-128__HLSLPERF_SCAN_BACKEND-1__HLSLPERF_SINGLE_PASS_GROUPS-128__HLSLPERF_SINGLE_PASS_ITEMS_SCALE-2__HLSLPERF_VECTOR_WIDTH-4__HLSLPERF_WAVE_SIZE-32",true,true,false,"",,,,,,,,4,2.2606,2.5757,0.0657,5566.2071,0.9051,"HLSLPERF_CROWD_BACKEND=2;HLSLPERF_CROWD_TILE_BINS=512;HLSLPERF_CROWD_TILE_REPLICAS=1;HLSLPERF_CROWD_TILE_SIZE=16;HLSLPERF_ELEMENTS_PER_THREAD=4;HLSLPERF_GROUP_SIZE=128;HLSLPERF_SCAN_BACKEND=1;HLSLPERF_SINGLE_PASS_GROUPS=128;HLSLPERF_SINGLE_PASS_ITEMS_SCALE=2;HLSLPERF_VECTOR_WIDTH=4;HLSLPERF_WAVE_SIZE=32","2.5524;2.2606;2.1879;2.5991;2.2344;2.2068;2.4624;2.1996;2.2551;2.4415;2.4735",""
"HLSLPERF_CROWD_BACKEND-2__HLSLPERF_CROWD_TILE_BINS-512__HLSLPERF_CROWD_TILE_REPLICAS-2__HLSLPERF_CROWD_TILE_SIZE-16__HLSLPERF_ELEMENTS_PER_THREAD-4__HLSLPERF_GROUP_SIZE-128__HLSLPERF_SCAN_BACKEND-1__HLSLPERF_SINGLE_PASS_GROUPS-128__HLSLPERF_SINGLE_PASS_ITEMS_SCALE-2__HLSLPERF_VECTOR_WIDTH-4__HLSLPERF_WAVE_SIZE-32",true,true,false,"",,,,,,,,4,2.3611,2.5827,0.0608,5329.1907,0.8666,"HLSLPERF_CROWD_BACKEND=2;HLSLPERF_CROWD_TILE_BINS=512;HLSLPERF_CROWD_TILE_REPLICAS=2;HLSLPERF_CROWD_TILE_SIZE=16;HLSLPERF_ELEMENTS_PER_THREAD=4;HLSLPERF_GROUP_SIZE=128;HLSLPERF_SCAN_BACKEND=1;HLSLPERF_SINGLE_PASS_GROUPS=128;HLSLPERF_SINGLE_PASS_ITEMS_SCALE=2;HLSLPERF_VECTOR_WIDTH=4;HLSLPERF_WAVE_SIZE=32","2.4754;2.2503;2.1936;2.5825;2.4137;2.2174;2.3611;2.5829;2.2604;2.2173;2.3627",""
"HLSLPERF_CROWD_BACKEND-2__HLSLPERF_CROWD_TILE_BINS-512__HLSLPERF_CROWD_TILE_REPLICAS-1__HLSLPERF_CROWD_TILE_SIZE-16__HLSLPERF_ELEMENTS_PER_THREAD-4__HLSLPERF_GROUP_SIZE-128__HLSLPERF_SCAN_BACKEND-1__HLSLPERF_SINGLE_PASS_GROUPS-256__HLSLPERF_SINGLE_PASS_ITEMS_SCALE-2__HLSLPERF_VECTOR_WIDTH-4__HLSLPERF_WAVE_SIZE-32",true,true,true,"",,,,,,,,4,2.0711,2.0915,0.0082,6075.3556,0.9879,"HLSLPERF_CROWD_BACKEND=2;HLSLPERF_CROWD_TILE_BINS=512;HLSLPERF_CROWD_TILE_REPLICAS=1;HLSLPERF_CROWD_TILE_SIZE=16;HLSLPERF_ELEMENTS_PER_THREAD=4;HLSLPERF_GROUP_SIZE=128;HLSLPERF_SCAN_BACKEND=1;HLSLPERF_SINGLE_PASS_GROUPS=256;HLSLPERF_SINGLE_PASS_ITEMS_SCALE=2;HLSLPERF_VECTOR_WIDTH=4;HLSLPERF_WAVE_SIZE=32","2.0972;2.0779;2.0846;2.0711;2.0393;2.0736;2.0547;2.0859;2.0627;2.0697;2.0508",""
"HLSLPERF_CROWD_BACKEND-2__HLSLPERF_CROWD_TILE_BINS-512__HLSLPERF_CROWD_TILE_REPLICAS-2__HLSLPERF_CROWD_TILE_SIZE-16__HLSLPERF_ELEMENTS_PER_THREAD-4__HLSLPERF_GROUP_SIZE-128__HLSLPERF_SCAN_BACKEND-1__HLSLPERF_SINGLE_PASS_GROUPS-256__HLSLPERF_SINGLE_PASS_ITEMS_SCALE-2__HLSLPERF_VECTOR_WIDTH-4__HLSLPERF_WAVE_SIZE-32",true,true,false,"",,,,,,,,4,2.2082,2.6448,0.0896,5698.189,0.9266,"HLSLPERF_CROWD_BACKEND=2;HLSLPERF_CROWD_TILE_BINS=512;HLSLPERF_CROWD_TILE_REPLICAS=2;HLSLPERF_CROWD_TILE_SIZE=16;HLSLPERF_ELEMENTS_PER_THREAD=4;HLSLPERF_GROUP_SIZE=128;HLSLPERF_SCAN_BACKEND=1;HLSLPERF_SINGLE_PASS_GROUPS=256;HLSLPERF_SINGLE_PASS_ITEMS_SCALE=2;HLSLPERF_VECTOR_WIDTH=4;HLSLPERF_WAVE_SIZE=32","2.6827;2.2679;2.1504;2.2082;2.3817;2.165;2.0939;2.607;2.1176;2.1238;2.4375",""
"HLSLPERF_CROWD_BACKEND-2__HLSLPERF_CROWD_TILE_BINS-512__HLSLPERF_CROWD_TILE_REPLICAS-1__HLSLPERF_CROWD_TILE_SIZE-16__HLSLPERF_ELEMENTS_PER_THREAD-4__HLSLPERF_GROUP_SIZE-128__HLSLPERF_SCAN_BACKEND-1__HLSLPERF_SINGLE_PASS_GROUPS-128__HLSLPERF_SINGLE_PASS_ITEMS_SCALE-4__HLSLPERF_VECTOR_WIDTH-4__HLSLPERF_WAVE_SIZE-32",true,true,true,"",,,,,,,,4,2.0353,2.2051,0.0415,6182.3681,1.0053,"HLSLPERF_CROWD_BACKEND=2;HLSLPERF_CROWD_TILE_BINS=512;HLSLPERF_CROWD_TILE_REPLICAS=1;HLSLPERF_CROWD_TILE_SIZE=16;HLSLPERF_ELEMENTS_PER_THREAD=4;HLSLPERF_GROUP_SIZE=128;HLSLPERF_SCAN_BACKEND=1;HLSLPERF_SINGLE_PASS_GROUPS=128;HLSLPERF_SINGLE_PASS_ITEMS_SCALE=4;HLSLPERF_VECTOR_WIDTH=4;HLSLPERF_WAVE_SIZE=32","2.0963;2.314;2.0367;2.024;2.0233;2.0273;2.0319;2.0359;2.0483;2.0237;2.0353",""
"HLSLPERF_CROWD_BACKEND-2__HLSLPERF_CROWD_TILE_BINS-512__HLSLPERF_CROWD_TILE_REPLICAS-2__HLSLPERF_CROWD_TILE_SIZE-16__HLSLPERF_ELEMENTS_PER_THREAD-4__HLSLPERF_GROUP_SIZE-128__HLSLPERF_SCAN_BACKEND-1__HLSLPERF_SINGLE_PASS_GROUPS-128__HLSLPERF_SINGLE_PASS_ITEMS_SCALE-4__HLSLPERF_VECTOR_WIDTH-4__HLSLPERF_WAVE_SIZE-32",true,true,true,"",,,,,,,,4,2.0321,2.0466,0.0091,6192.1037,1.0069,"HLSLPERF_CROWD_BACKEND=2;HLSLPERF_CROWD_TILE_BINS=512;HLSLPERF_CROWD_TILE_REPLICAS=2;HLSLPERF_CROWD_TILE_SIZE=16;HLSLPERF_ELEMENTS_PER_THREAD=4;HLSLPERF_GROUP_SIZE=128;HLSLPERF_SCAN_BACKEND=1;HLSLPERF_SINGLE_PASS_GROUPS=128;HLSLPERF_SINGLE_PASS_ITEMS_SCALE=4;HLSLPERF_VECTOR_WIDTH=4;HLSLPERF_WAVE_SIZE=32","2.0166;2.0379;2.0063;2.0385;1.996;2.0471;2.0055;2.046;2.0321;2.0421;2.0131",""
"HLSLPERF_CROWD_BACKEND-2__HLSLPERF_CROWD_TILE_BINS-512__HLSLPERF_CROWD_TILE_REPLICAS-1__HLSLPERF_CROWD_TILE_SIZE-16__HLSLPERF_ELEMENTS_PER_THREAD-4__HLSLPERF_GROUP_SIZE-128__HLSLPERF_SCAN_BACKEND-1__HLSLPERF_SINGLE_PASS_GROUPS-256__HLSLPERF_SINGLE_PASS_ITEMS_SCALE-4__HLSLPERF_VECTOR_WIDTH-4__HLSLPERF_WAVE_SIZE-32",true,true,true,"",,,,,,,,4,2.1112,2.3596,0.0551,5960.0193,0.9691,"HLSLPERF_CROWD_BACKEND=2;HLSLPERF_CROWD_TILE_BINS=512;HLSLPERF_CROWD_TILE_REPLICAS=1;HLSLPERF_CROWD_TILE_SIZE=16;HLSLPERF_ELEMENTS_PER_THREAD=4;HLSLPERF_GROUP_SIZE=128;HLSLPERF_SCAN_BACKEND=1;HLSLPERF_SINGLE_PASS_GROUPS=256;HLSLPERF_SINGLE_PASS_ITEMS_SCALE=4;HLSLPERF_VECTOR_WIDTH=4;HLSLPERF_WAVE_SIZE=32","2.3834;2.1079;2.0623;2.2638;2.0694;2.1277;2.2842;2.1112;2.0681;2.3359;2.0853",""
"HLSLPERF_CROWD_BACKEND-2__HLSLPERF_CROWD_TILE_BINS-512__HLSLPERF_CROWD_TILE_REPLICAS-2__HLSLPERF_CROWD_TILE_SIZE-16__HLSLPERF_ELEMENTS_PER_THREAD-4__HLSLPERF_GROUP_SIZE-128__HLSLPERF_SCAN_BACKEND-1__HLSLPERF_SINGLE_PASS_GROUPS-256__HLSLPERF_SINGLE_PASS_ITEMS_SCALE-4__HLSLPERF_VECTOR_WIDTH-4__HLSLPERF_WAVE_SIZE-32",true,true,false,"",,,,,,,,4,2.0902,2.449,0.072,6019.9272,0.9789,"HLSLPERF_CROWD_BACKEND=2;HLSLPERF_CROWD_TILE_BINS=512;HLSLPERF_CROWD_TILE_REPLICAS=2;HLSLPERF_CROWD_TILE_SIZE=16;HLSLPERF_ELEMENTS_PER_THREAD=4;HLSLPERF_GROUP_SIZE=128;HLSLPERF_SCAN_BACKEND=1;HLSLPERF_SINGLE_PASS_GROUPS=256;HLSLPERF_SINGLE_PASS_ITEMS_SCALE=4;HLSLPERF_VECTOR_WIDTH=4;HLSLPERF_WAVE_SIZE=32","2.2504;2.0645;2.0804;2.2094;2.0902;2.0628;2.5523;2.3059;2.0896;2.0782;2.3457",""
"HLSLPERF_CROWD_BACKEND-2__HLSLPERF_CROWD_TILE_BINS-512__HLSLPERF_CROWD_TILE_REPLICAS-1__HLSLPERF_CROWD_TILE_SIZE-16__HLSLPERF_ELEMENTS_PER_THREAD-4__HLSLPERF_GROUP_SIZE-128__HLSLPERF_SCAN_BACKEND-1__HLSLPERF_SINGLE_PASS_GROUPS-128__HLSLPERF_SINGLE_PASS_ITEMS_SCALE-2__HLSLPERF_VECTOR_WIDTH-4__HLSLPERF_WAVE_SIZE-64",true,true,true,"",,,,,,,,4,2.1709,2.2091,0.0108,5796.0929,0.9425,"HLSLPERF_CROWD_BACKEND=2;HLSLPERF_CROWD_TILE_BINS=512;HLSLPERF_CROWD_TILE_REPLICAS=1;HLSLPERF_CROWD_TILE_SIZE=16;HLSLPERF_ELEMENTS_PER_THREAD=4;HLSLPERF_GROUP_SIZE=128;HLSLPERF_SCAN_BACKEND=1;HLSLPERF_SINGLE_PASS_GROUPS=128;HLSLPERF_SINGLE_PASS_ITEMS_SCALE=2;HLSLPERF_VECTOR_WIDTH=4;HLSLPERF_WAVE_SIZE=64","2.1913;2.1918;2.1492;2.1709;2.1453;2.1813;2.146;2.1684;2.1648;2.2026;2.2156",""
"HLSLPERF_CROWD_BACKEND-2__HLSLPERF_CROWD_TILE_BINS-512__HLSLPERF_CROWD_TILE_REPLICAS-2__HLSLPERF_CROWD_TILE_SIZE-16__HLSLPERF_ELEMENTS_PER_THREAD-4__HLSLPERF_GROUP_SIZE-128__HLSLPERF_SCAN_BACKEND-1__HLSLPERF_SINGLE_PASS_GROUPS-128__HLSLPERF_SINGLE_PASS_ITEMS_SCALE-2__HLSLPERF_VECTOR_WIDTH-4__HLSLPERF_WAVE_SIZE-64",true,true,false,"",,,,,,,,4,2.3776,2.5772,0.0633,5292.23,0.8606,"HLSLPERF_CROWD_BACKEND=2;HLSLPERF_CROWD_TILE_BINS=512;HLSLPERF_CROWD_TILE_REPLICAS=2;HLSLPERF_CROWD_TILE_SIZE=16;HLSLPERF_ELEMENTS_PER_THREAD=4;HLSLPERF_GROUP_SIZE=128;HLSLPERF_SCAN_BACKEND=1;HLSLPERF_SINGLE_PASS_GROUPS=128;HLSLPERF_SINGLE_PASS_ITEMS_SCALE=2;HLSLPERF_VECTOR_WIDTH=4;HLSLPERF_WAVE_SIZE=64","2.5105;2.208;2.3776;2.6202;2.2412;2.2598;2.5342;2.2774;2.2086;2.4922;2.498",""
"HLSLPERF_CROWD_BACKEND-2__HLSLPERF_CROWD_TILE_BINS-512__HLSLPERF_CROWD_TILE_REPLICAS-1__HLSLPERF_CROWD_TILE_SIZE-16__HLSLPERF_ELEMENTS_PER_THREAD-4__HLSLPERF_GROUP_SIZE-128__HLSLPERF_SCAN_BACKEND-1__HLSLPERF_SINGLE_PASS_GROUPS-256__HLSLPERF_SINGLE_PASS_ITEMS_SCALE-2__HLSLPERF_VECTOR_WIDTH-4__HLSLPERF_WAVE_SIZE-64",true,true,true,"",,,,,,,,4,2.1299,2.3551,0.0494,5907.831,0.9607,"HLSLPERF_CROWD_BACKEND=2;HLSLPERF_CROWD_TILE_BINS=512;HLSLPERF_CROWD_TILE_REPLICAS=1;HLSLPERF_CROWD_TILE_SIZE=16;HLSLPERF_ELEMENTS_PER_THREAD=4;HLSLPERF_GROUP_SIZE=128;HLSLPERF_SCAN_BACKEND=1;HLSLPERF_SINGLE_PASS_GROUPS=256;HLSLPERF_SINGLE_PASS_ITEMS_SCALE=2;HLSLPERF_VECTOR_WIDTH=4;HLSLPERF_WAVE_SIZE=64","2.3873;2.1177;2.1299;2.3106;2.1504;2.088;2.298;2.1111;2.1212;2.323;2.1286",""
"HLSLPERF_CROWD_BACKEND-2__HLSLPERF_CROWD_TILE_BINS-512__HLSLPERF_CROWD_TILE_REPLICAS-2__HLSLPERF_CROWD_TILE_SIZE-16__HLSLPERF_ELEMENTS_PER_THREAD-4__HLSLPERF_GROUP_SIZE-128__HLSLPERF_SCAN_BACKEND-1__HLSLPERF_SINGLE_PASS_GROUPS-256__HLSLPERF_SINGLE_PASS_ITEMS_SCALE-2__HLSLPERF_VECTOR_WIDTH-4__HLSLPERF_WAVE_SIZE-64",true,true,true,"",,,,,,,,4,2.2202,2.3742,0.0474,5667.5954,0.9216,"HLSLPERF_CROWD_BACKEND=2;HLSLPERF_CROWD_TILE_BINS=512;HLSLPERF_CROWD_TILE_REPLICAS=2;HLSLPERF_CROWD_TILE_SIZE=16;HLSLPERF_ELEMENTS_PER_THREAD=4;HLSLPERF_GROUP_SIZE=128;HLSLPERF_SCAN_BACKEND=1;HLSLPERF_SINGLE_PASS_GROUPS=256;HLSLPERF_SINGLE_PASS_ITEMS_SCALE=2;HLSLPERF_VECTOR_WIDTH=4;HLSLPERF_WAVE_SIZE=64","2.2202;2.3057;2.1105;2.2623;2.3271;2.1632;2.102;2.4212;2.2634;2.1113;2.1374",""
"HLSLPERF_CROWD_BACKEND-2__HLSLPERF_CROWD_TILE_BINS-512__HLSLPERF_CROWD_TILE_REPLICAS-1__HLSLPERF_CROWD_TILE_SIZE-16__HLSLPERF_ELEMENTS_PER_THREAD-4__HLSLPERF_GROUP_SIZE-128__HLSLPERF_SCAN_BACKEND-1__HLSLPERF_SINGLE_PASS_GROUPS-128__HLSLPERF_SINGLE_PASS_ITEMS_SCALE-4__HLSLPERF_VECTOR_WIDTH-4__HLSLPERF_WAVE_SIZE-64",true,true,true,"",,,,,,,,4,2.0273,2.0773,0.0119,6206.7035,1.0093,"HLSLPERF_CROWD_BACKEND=2;HLSLPERF_CROWD_TILE_BINS=512;HLSLPERF_CROWD_TILE_REPLICAS=1;HLSLPERF_CROWD_TILE_SIZE=16;HLSLPERF_ELEMENTS_PER_THREAD=4;HLSLPERF_GROUP_SIZE=128;HLSLPERF_SCAN_BACKEND=1;HLSLPERF_SINGLE_PASS_GROUPS=128;HLSLPERF_SINGLE_PASS_ITEMS_SCALE=4;HLSLPERF_VECTOR_WIDTH=4;HLSLPERF_WAVE_SIZE=64","2.0273;2.0274;2.0232;2.0518;2.0202;2.0238;2.0275;2.0128;2.0083;2.0677;2.0869",""
"HLSLPERF_CROWD_BACKEND-2__HLSLPERF_CROWD_TILE_BINS-512__HLSLPERF_CROWD_TILE_REPLICAS-2__HLSLPERF_CROWD_TILE_SIZE-16__HLSLPERF_ELEMENTS_PER_THREAD-4__HLSLPERF_GROUP_SIZE-128__HLSLPERF_SCAN_BACKEND-1__HLSLPERF_SINGLE_PASS_GROUPS-128__HLSLPERF_SINGLE_PASS_ITEMS_SCALE-4__HLSLPERF_VECTOR_WIDTH-4__HLSLPERF_WAVE_SIZE-64",true,true,false,"",,,,,,,,4,2.102,2.4009,0.066,5986.0763,0.9734,"HLSLPERF_CROWD_BACKEND=2;HLSLPERF_CROWD_TILE_BINS=512;HLSLPERF_CROWD_TILE_REPLICAS=2;HLSLPERF_CROWD_TILE_SIZE=16;HLSLPERF_ELEMENTS_PER_THREAD=4;HLSLPERF_GROUP_SIZE=128;HLSLPERF_SCAN_BACKEND=1;HLSLPERF_SINGLE_PASS_GROUPS=128;HLSLPERF_SINGLE_PASS_ITEMS_SCALE=4;HLSLPERF_VECTOR_WIDTH=4;HLSLPERF_WAVE_SIZE=64","2.2081;2.4582;2.0871;2.0432;2.3436;2.0341;2.0835;2.24;2.102;2.0304;2.2865",""
"HLSLPERF_CROWD_BACKEND-2__HLSLPERF_CROWD_TILE_BINS-512__HLSLPERF_CROWD_TILE_REPLICAS-1__HLSLPERF_CROWD_TILE_SIZE-16__HLSLPERF_ELEMENTS_PER_THREAD-4__HLSLPERF_GROUP_SIZE-128__HLSLPERF_SCAN_BACKEND-1__HLSLPERF_SINGLE_PASS_GROUPS-256__HLSLPERF_SINGLE_PASS_ITEMS_SCALE-4__HLSLPERF_VECTOR_WIDTH-4__HLSLPERF_WAVE_SIZE-64",true,true,true,"",,,,,,,,4,2.0836,2.3371,0.0561,6039.1697,0.982,"HLSLPERF_CROWD_BACKEND=2;HLSLPERF_CROWD_TILE_BINS=512;HLSLPERF_CROWD_TILE_REPLICAS=1;HLSLPERF_CROWD_TILE_SIZE=16;HLSLPERF_ELEMENTS_PER_THREAD=4;HLSLPERF_GROUP_SIZE=128;HLSLPERF_SCAN_BACKEND=1;HLSLPERF_SINGLE_PASS_GROUPS=256;HLSLPERF_SINGLE_PASS_ITEMS_SCALE=4;HLSLPERF_VECTOR_WIDTH=4;HLSLPERF_WAVE_SIZE=64","2.1603;2.0393;2.0836;2.1546;2.0788;2.1813;2.4367;2.074;2.022;2.2375;2.0472",""
"HLSLPERF_CROWD_BACKEND-2__HLSLPERF_CROWD_TILE_BINS-512__HLSLPERF_CROWD_TILE_REPLICAS-2__HLSLPERF_CROWD_TILE_SIZE-16__HLSLPERF_ELEMENTS_PER_THREAD-4__HLSLPERF_GROUP_SIZE-128__HLSLPERF_SCAN_BACKEND-1__HLSLPERF_SINGLE_PASS_GROUPS-256__HLSLPERF_SINGLE_PASS_ITEMS_SCALE-4__HLSLPERF_VECTOR_WIDTH-4__HLSLPERF_WAVE_SIZE-64",true,true,false,"",,,,,,,,4,2.0897,2.4161,0.0696,6021.3099,0.9791,"HLSLPERF_CROWD_BACKEND=2;HLSLPERF_CROWD_TILE_BINS=512;HLSLPERF_CROWD_TILE_REPLICAS=2;HLSLPERF_CROWD_TILE_SIZE=16;HLSLPERF_ELEMENTS_PER_THREAD=4;HLSLPERF_GROUP_SIZE=128;HLSLPERF_SCAN_BACKEND=1;HLSLPERF_SINGLE_PASS_GROUPS=256;HLSLPERF_SINGLE_PASS_ITEMS_SCALE=4;HLSLPERF_VECTOR_WIDTH=4;HLSLPERF_WAVE_SIZE=64","2.3354;2.0651;2.0416;2.1894;2.2425;2.0627;2.0391;2.4967;2.228;2.0897;2.0223",""
"HLSLPERF_CROWD_BACKEND-2__HLSLPERF_CROWD_TILE_BINS-512__HLSLPERF_CROWD_TILE_REPLICAS-1__HLSLPERF_CROWD_TILE_SIZE-16__HLSLPERF_ELEMENTS_PER_THREAD-2__HLSLPERF_GROUP_SIZE-256__HLSLPERF_SCAN_BACKEND-1__HLSLPERF_SINGLE_PASS_GROUPS-128__HLSLPERF_SINGLE_PASS_ITEMS_SCALE-2__HLSLPERF_VECTOR_WIDTH-1__HLSLPERF_WAVE_SIZE-32",true,true,true,"",,,,,,,,4,2.1625,2.2284,0.0146,5818.6338,0.9462,"HLSLPERF_CROWD_BACKEND=2;HLSLPERF_CROWD_TILE_BINS=512;HLSLPERF_CROWD_TILE_REPLICAS=1;HLSLPERF_CROWD_TILE_SIZE=16;HLSLPERF_ELEMENTS_PER_THREAD=2;HLSLPERF_GROUP_SIZE=256;HLSLPERF_SCAN_BACKEND=1;HLSLPERF_SINGLE_PASS_GROUPS=128;HLSLPERF_SINGLE_PASS_ITEMS_SCALE=2;HLSLPERF_VECTOR_WIDTH=1;HLSLPERF_WAVE_SIZE=32","2.1559;2.179;2.1395;2.1704;2.1406;2.1498;2.172;2.1446;2.1625;2.2253;2.2315",""
"HLSLPERF_CROWD_BACKEND-2__HLSLPERF_CROWD_TILE_BINS-512__HLSLPERF_CROWD_TILE_REPLICAS-2__HLSLPERF_CROWD_TILE_SIZE-16__HLSLPERF_ELEMENTS_PER_THREAD-2__HLSLPERF_GROUP_SIZE-256__HLSLPERF_SCAN_BACKEND-1__HLSLPERF_SINGLE_PASS_GROUPS-128__HLSLPERF_SINGLE_PASS_ITEMS_SCALE-2__HLSLPERF_VECTOR_WIDTH-1__HLSLPERF_WAVE_SIZE-32",true,true,true,"",,,,,,,,4,2.1611,2.4071,0.0532,5822.3763,0.9468,"HLSLPERF_CROWD_BACKEND=2;HLSLPERF_CROWD_TILE_BINS=512;HLSLPERF_CROWD_TILE_REPLICAS=2;HLSLPERF_CROWD_TILE_SIZE=16;HLSLPERF_ELEMENTS_PER_THREAD=2;HLSLPERF_GROUP_SIZE=256;HLSLPERF_SCAN_BACKEND=1;HLSLPERF_SINGLE_PASS_GROUPS=128;HLSLPERF_SINGLE_PASS_ITEMS_SCALE=2;HLSLPERF_VECTOR_WIDTH=1;HLSLPERF_WAVE_SIZE=32","2.5175;2.2967;2.1313;2.1625;2.134;2.1611;2.1476;2.1669;2.1317;2.1656;2.1314",""
"HLSLPERF_CROWD_BACKEND-2__HLSLPERF_CROWD_TILE_BINS-512__HLSLPERF_CROWD_TILE_REPLICAS-1__HLSLPERF_CROWD_TILE_SIZE-16__HLSLPERF_ELEMENTS_PER_THREAD-2__HLSLPERF_GROUP_SIZE-256__HLSLPERF_SCAN_BACKEND-1__HLSLPERF_SINGLE_PASS_GROUPS-256__HLSLPERF_SINGLE_PASS_ITEMS_SCALE-2__HLSLPERF_VECTOR_WIDTH-1__HLSLPERF_WAVE_SIZE-32",true,true,true,"",,,,,,,,4,1.8626,1.9621,0.0252,6755.5995,1.0985,"HLSLPERF_CROWD_BACKEND=2;HLSLPERF_CROWD_TILE_BINS=512;HLSLPERF_CROWD_TILE_REPLICAS=1;HLSLPERF_CROWD_TILE_SIZE=16;HLSLPERF_ELEMENTS_PER_THREAD=2;HLSLPERF_GROUP_SIZE=256;HLSLPERF_SCAN_BACKEND=1;HLSLPERF_SINGLE_PASS_GROUPS=256;HLSLPERF_SINGLE_PASS_ITEMS_SCALE=2;HLSLPERF_VECTOR_WIDTH=1;HLSLPERF_WAVE_SIZE=32","1.8626;1.876;1.8561;1.8759;1.8521;1.8759;1.8533;1.9102;1.8511;1.8624;2.014",""
"HLSLPERF_CROWD_BACKEND-2__HLSLPERF_CROWD_TILE_BINS-512__HLSLPERF_CROWD_TILE_REPLICAS-2__HLSLPERF_CROWD_TILE_SIZE-16__HLSLPERF_ELEMENTS_PER_THREAD-2__HLSLPERF_GROUP_SIZE-256__HLSLPERF_SCAN_BACKEND-1__HLSLPERF_SINGLE_PASS_GROUPS-256__HLSLPERF_SINGLE_PASS_ITEMS_SCALE-2__HLSLPERF_VECTOR_WIDTH-1__HLSLPERF_WAVE_SIZE-32",true,true,true,"",,,,,,,,4,1.8923,1.9999,0.0272,6649.4631,1.0812,"HLSLPERF_CROWD_BACKEND=2;HLSLPERF_CROWD_TILE_BINS=512;HLSLPERF_CROWD_TILE_REPLICAS=2;HLSLPERF_CROWD_TILE_SIZE=16;HLSLPERF_ELEMENTS_PER_THREAD=2;HLSLPERF_GROUP_SIZE=256;HLSLPERF_SCAN_BACKEND=1;HLSLPERF_SINGLE_PASS_GROUPS=256;HLSLPERF_SINGLE_PASS_ITEMS_SCALE=2;HLSLPERF_VECTOR_WIDTH=1;HLSLPERF_WAVE_SIZE=32","1.9124;1.9118;1.8923;1.8983;1.8707;1.9609;1.8642;1.8891;2.0389;1.8877;1.8581",""
"HLSLPERF_CROWD_BACKEND-2__HLSLPERF_CROWD_TILE_BINS-512__HLSLPERF_CROWD_TILE_REPLICAS-1__HLSLPERF_CROWD_TILE_SIZE-16__HLSLPERF_ELEMENTS_PER_THREAD-2__HLSLPERF_GROUP_SIZE-256__HLSLPERF_SCAN_BACKEND-1__HLSLPERF_SINGLE_PASS_GROUPS-128__HLSLPERF_SINGLE_PASS_ITEMS_SCALE-4__HLSLPERF_VECTOR_WIDTH-1__HLSLPERF_WAVE_SIZE-32",true,true,true,"",,,,,,,,4,2.0748,2.2752,0.0455,6064.5216,0.9861,"HLSLPERF_CROWD_BACKEND=2;HLSLPERF_CROWD_TILE_BINS=512;HLSLPERF_CROWD_TILE_REPLICAS=1;HLSLPERF_CROWD_TILE_SIZE=16;HLSLPERF_ELEMENTS_PER_THREAD=2;HLSLPERF_GROUP_SIZE=256;HLSLPERF_SCAN_BACKEND=1;HLSLPERF_SINGLE_PASS_GROUPS=128;HLSLPERF_SINGLE_PASS_ITEMS_SCALE=4;HLSLPERF_VECTOR_WIDTH=1;HLSLPERF_WAVE_SIZE=32","2.0353;2.0387;1.9904;2.0673;2.0748;2.121;2.3143;2.1136;2.0381;2.2361;2.0749",""
"HLSLPERF_CROWD_BACKEND-2__HLSLPERF_CROWD_TILE_BINS-512__HLSLPERF_CROWD_TILE_REPLICAS-2__HLSLPERF_CROWD_TILE_SIZE-16__HLSLPERF_ELEMENTS_PER_THREAD-2__HLSLPERF_GROUP_SIZE-256__HLSLPERF_SCAN_BACKEND-1__HLSLPERF_SINGLE_PASS_GROUPS-128__HLSLPERF_SINGLE_PASS_ITEMS_SCALE-4__HLSLPERF_VECTOR_WIDTH-1__HLSLPERF_WAVE_SIZE-32",true,true,true,"",,,,,,,,4,2.0518,2.2806,0.0468,6132.5016,0.9972,"HLSLPERF_CROWD_BACKEND=2;HLSLPERF_CROWD_TILE_BINS=512;HLSLPERF_CROWD_TILE_REPLICAS=2;HLSLPERF_CROWD_TILE_SIZE=16;HLSLPERF_ELEMENTS_PER_THREAD=2;HLSLPERF_GROUP_SIZE=256;HLSLPERF_SCAN_BACKEND=1;HLSLPERF_SINGLE_PASS_GROUPS=128;HLSLPERF_SINGLE_PASS_ITEMS_SCALE=4;HLSLPERF_VECTOR_WIDTH=1;HLSLPERF_WAVE_SIZE=32","2.264;2.0788;2.1026;2.2972;2.0391;2.0179;2.0489;2.0141;2.0542;2.0255;2.0518",""
"HLSLPERF_CROWD_BACKEND-2__HLSLPERF_CROWD_TILE_BINS-512__HLSLPERF_CROWD_TILE_REPLICAS-1__HLSLPERF_CROWD_TILE_SIZE-16__HLSLPERF_ELEMENTS_PER_THREAD-2__HLSLPERF_GROUP_SIZE-256__HLSLPERF_SCAN_BACKEND-1__HLSLPERF_SINGLE_PASS_GROUPS-256__HLSLPERF_SINGLE_PASS_ITEMS_SCALE-4__HLSLPERF_VECTOR_WIDTH-1__HLSLPERF_WAVE_SIZE-32",true,true,true,"",,,,,,,,4,1.7915,1.8095,0.0064,7023.5956,1.1421,"HLSLPERF_CROWD_BACKEND=2;HLSLPERF_CROWD_TILE_BINS=512;HLSLPERF_CROWD_TILE_REPLICAS=1;HLSLPERF_CROWD_TILE_SIZE=16;HLSLPERF_ELEMENTS_PER_THREAD=2;HLSLPERF_GROUP_SIZE=256;HLSLPERF_SCAN_BACKEND=1;HLSLPERF_SINGLE_PASS_GROUPS=256;HLSLPERF_SINGLE_PASS_ITEMS_SCALE=4;HLSLPERF_VECTOR_WIDTH=1;HLSLPERF_WAVE_SIZE=32","1.7836;1.8069;1.7849;1.8041;1.7807;1.8114;1.7838;1.7875;1.8076;1.7915;1.7993",""
"HLSLPERF_CROWD_BACKEND-2__HLSLPERF_CROWD_TILE_BINS-512__HLSLPERF_CROWD_TILE_REPLICAS-2__HLSLPERF_CROWD_TILE_SIZE-16__HLSLPERF_ELEMENTS_PER_THREAD-2__HLSLPERF_GROUP_SIZE-256__HLSLPERF_SCAN_BACKEND-1__HLSLPERF_SINGLE_PASS_GROUPS-256__HLSLPERF_SINGLE_PASS_ITEMS_SCALE-4__HLSLPERF_VECTOR_WIDTH-1__HLSLPERF_WAVE_SIZE-32",true,true,true,"",,,,,,,,4,1.7976,1.876,0.0187,6999.8398,1.1382,"HLSLPERF_CROWD_BACKEND=2;HLSLPERF_CROWD_TILE_BINS=512;HLSLPERF_CROWD_TILE_REPLICAS=2;HLSLPERF_CROWD_TILE_SIZE=16;HLSLPERF_ELEMENTS_PER_THREAD=2;HLSLPERF_GROUP_SIZE=256;HLSLPERF_SCAN_BACKEND=1;HLSLPERF_SINGLE_PASS_GROUPS=256;HLSLPERF_SINGLE_PASS_ITEMS_SCALE=4;HLSLPERF_VECTOR_WIDTH=1;HLSLPERF_WAVE_SIZE=32","1.7872;1.7965;1.7959;1.7882;1.8047;1.7912;1.8133;1.8582;1.8292;1.7976;1.8939",""
"HLSLPERF_CROWD_BACKEND-2__HLSLPERF_CROWD_TILE_BINS-512__HLSLPERF_CROWD_TILE_REPLICAS-1__HLSLPERF_CROWD_TILE_SIZE-16__HLSLPERF_ELEMENTS_PER_THREAD-2__HLSLPERF_GROUP_SIZE-256__HLSLPERF_SCAN_BACKEND-1__HLSLPERF_SINGLE_PASS_GROUPS-128__HLSLPERF_SINGLE_PASS_ITEMS_SCALE-2__HLSLPERF_VECTOR_WIDTH-1__HLSLPERF_WAVE_SIZE-64",true,true,true,"",,,,,,,,4,2.1884,2.2319,0.0115,5749.849,0.935,"HLSLPERF_CROWD_BACKEND=2;HLSLPERF_CROWD_TILE_BINS=512;HLSLPERF_CROWD_TILE_REPLICAS=1;HLSLPERF_CROWD_TILE_SIZE=16;HLSLPERF_ELEMENTS_PER_THREAD=2;HLSLPERF_GROUP_SIZE=256;HLSLPERF_SCAN_BACKEND=1;HLSLPERF_SINGLE_PASS_GROUPS=128;HLSLPERF_SINGLE_PASS_ITEMS_SCALE=2;HLSLPERF_VECTOR_WIDTH=1;HLSLPERF_WAVE_SIZE=64","2.1681;2.2115;2.172;2.198;2.1665;2.185;2.1647;2.1884;2.1938;2.2189;2.2448",""
"HLSLPERF_CROWD_BACKEND-2__HLSLPERF_CROWD_TILE_BINS-512__HLSLPERF_CROWD_TILE_REPLICAS-2__HLSLPERF_CROWD_TILE_SIZE-16__HLSLPERF_ELEMENTS_PER_THREAD-2__HLSLPERF_GROUP_SIZE-256__HLSLPERF_SCAN_BACKEND-1__HLSLPERF_SINGLE_PASS_GROUPS-128__HLSLPERF_SINGLE_PASS_ITEMS_SCALE-2__HLSLPERF_VECTOR_WIDTH-1__HLSLPERF_WAVE_SIZE-64",true,true,true,"",,,,,,,,4,2.1744,2.3362,0.0424,5786.7634,0.941,"HLSLPERF_CROWD_BACKEND=2;HLSLPERF_CROWD_TILE_BINS=512;HLSLPERF_CROWD_TILE_REPLICAS=2;HLSLPERF_CROWD_TILE_SIZE=16;HLSLPERF_ELEMENTS_PER_THREAD=2;HLSLPERF_GROUP_SIZE=256;HLSLPERF_SCAN_BACKEND=1;HLSLPERF_SINGLE_PASS_GROUPS=128;HLSLPERF_SINGLE_PASS_ITEMS_SCALE=2;HLSLPERF_VECTOR_WIDTH=1;HLSLPERF_WAVE_SIZE=64","2.4781;2.163;2.1942;2.1613;2.1696;2.1744;2.1784;2.1766;2.1537;2.1846;2.1582",""
"HLSLPERF_CROWD_BACKEND-2__HLSLPERF_CROWD_TILE_BINS-512__HLSLPERF_CROWD_TILE_REPLICAS-1__HLSLPERF_CROWD_TILE_SIZE-16__HLSLPERF_ELEMENTS_PER_THREAD-2__HLSLPERF_GROUP_SIZE-256__HLSLPERF_SCAN_BACKEND-1__HLSLPERF_SINGLE_PASS_GROUPS-256__HLSLPERF_SINGLE_PASS_ITEMS_SCALE-2__HLSLPERF_VECTOR_WIDTH-1__HLSLPERF_WAVE_SIZE-64",true,true,true,"",,,,,,,,4,2.1677,2.3919,0.055,5804.7294,0.9439,"HLSLPERF_CROWD_BACKEND=2;HLSLPERF_CROWD_TILE_BINS=512;HLSLPERF_CROWD_TILE_REPLICAS=1;HLSLPERF_CROWD_TILE_SIZE=16;HLSLPERF_ELEMENTS_PER_THREAD=2;HLSLPERF_GROUP_SIZE=256;HLSLPERF_SCAN_BACKEND=1;HLSLPERF_SINGLE_PASS_GROUPS=256;HLSLPERF_SINGLE_PASS_ITEMS_SCALE=2;HLSLPERF_VECTOR_WIDTH=1;HLSLPERF_WAVE_SIZE=64","2.376;2.1429;2.1144;2.4078;2.1021;2.1677;2.3187;2.1374;2.1375;2.3467;2.3687",""
"HLSLPERF_CROWD_BACKEND-2__HLSLPERF_CROWD_TILE_BINS-512__HLSLPERF_CROWD_TILE_REPLICAS-2__HLSLPERF_CROWD_TILE_SIZE-16__HLSLPERF_ELEMENTS_PER_THREAD-2__HLSLPERF_GROUP_SIZE-256__HLSLPERF_SCAN_BACKEND-1__HLSLPERF_SINGLE_PASS_GROUPS-256__HLSLPERF_SINGLE_PASS_ITEMS_SCALE-2__HLSLPERF_VECTOR_WIDTH-1__HLSLPERF_WAVE_SIZE-64",true,true,true,"",,,,,,,,4,2.1601,2.438,0.0571,5825.0716,0.9472,"HLSLPERF_CROWD_BACKEND=2;HLSLPERF_CROWD_TILE_BINS=512;HLSLPERF_CROWD_TILE_REPLICAS=2;HLSLPERF_CROWD_TILE_SIZE=16;HLSLPERF_ELEMENTS_PER_THREAD=2;HLSLPERF_GROUP_SIZE=256;HLSLPERF_SCAN_BACKEND=1;HLSLPERF_SINGLE_PASS_GROUPS=256;HLSLPERF_SINGLE_PASS_ITEMS_SCALE=2;HLSLPERF_VECTOR_WIDTH=1;HLSLPERF_WAVE_SIZE=64","2.3983;2.1202;2.1601;2.3195;2.1578;2.134;2.296;2.3235;2.1059;2.1449;2.4777",""
"HLSLPERF_CROWD_BACKEND-2__HLSLPERF_CROWD_TILE_BINS-512__HLSLPERF_CROWD_TILE_REPLICAS-1__HLSLPERF_CROWD_TILE_SIZE-16__HLSLPERF_ELEMENTS_PER_THREAD-2__HLSLPERF_GROUP_SIZE-256__HLSLPERF_SCAN_BACKEND-1__HLSLPERF_SINGLE_PASS_GROUPS-128__HLSLPERF_SINGLE_PASS_ITEMS_SCALE-4__HLSLPERF_VECTOR_WIDTH-1__HLSLPERF_WAVE_SIZE-64",true,true,true,"",,,,,,,,4,2.1229,2.3454,0.0535,5927.3675,0.9638,"HLSLPERF_CROWD_BACKEND=2;HLSLPERF_CROWD_TILE_BINS=512;HLSLPERF_CROWD_TILE_REPLICAS=1;HLSLPERF_CROWD_TILE_SIZE=16;HLSLPERF_ELEMENTS_PER_THREAD=2;HLSLPERF_GROUP_SIZE=256;HLSLPERF_SCAN_BACKEND=1;HLSLPERF_SINGLE_PASS_GROUPS=128;HLSLPERF_SINGLE_PASS_ITEMS_SCALE=4;HLSLPERF_VECTOR_WIDTH=1;HLSLPERF_WAVE_SIZE=64","2.2728;2.1158;2.0617;2.3648;2.0429;2.1229;2.2538;2.1251;2.0537;2.3259;2.0925",""
"HLSLPERF_CROWD_BACKEND-2__HLSLPERF_CROWD_TILE_BINS-512__HLSLPERF_CROWD_TILE_REPLICAS-2__HLSLPERF_CROWD_TILE_SIZE-16__HLSLPERF_ELEMENTS_PER_THREAD-2__HLSLPERF_GROUP_SIZE-256__HLSLPERF_SCAN_BACKEND-1__HLSLPERF_SINGLE_PASS_GROUPS-128__HLSLPERF_SINGLE_PASS_ITEMS_SCALE-4__HLSLPERF_VECTOR_WIDTH-1__HLSLPERF_WAVE_SIZE-64",true,true,true,"",,,,,,,,4,2.0464,2.2454,0.044,6148.7737,0.9998,"HLSLPERF_CROWD_BACKEND=2;HLSLPERF_CROWD_TILE_BINS=512;HLSLPERF_CROWD_TILE_REPLICAS=2;HLSLPERF_CROWD_TILE_SIZE=16;HLSLPERF_ELEMENTS_PER_THREAD=2;HLSLPERF_GROUP_SIZE=256;HLSLPERF_SCAN_BACKEND=1;HLSLPERF_SINGLE_PASS_GROUPS=128;HLSLPERF_SINGLE_PASS_ITEMS_SCALE=4;HLSLPERF_VECTOR_WIDTH=1;HLSLPERF_WAVE_SIZE=64","2.2746;2.067;2.0886;2.2163;2.0151;1.9931;2.0436;2.0137;2.0493;1.9935;2.0464",""
"HLSLPERF_CROWD_BACKEND-2__HLSLPERF_CROWD_TILE_BINS-512__HLSLPERF_CROWD_TILE_REPLICAS-1__HLSLPERF_CROWD_TILE_SIZE-16__HLSLPERF_ELEMENTS_PER_THREAD-2__HLSLPERF_GROUP_SIZE-256__HLSLPERF_SCAN_BACKEND-1__HLSLPERF_SINGLE_PASS_GROUPS-256__HLSLPERF_SINGLE_PASS_ITEMS_SCALE-4__HLSLPERF_VECTOR_WIDTH-1__HLSLPERF_WAVE_SIZE-64",true,true,true,"",,,,,,,,4,2.0518,2.2103,0.0368,6132.5613,0.9972,"HLSLPERF_CROWD_BACKEND=2;HLSLPERF_CROWD_TILE_BINS=512;HLSLPERF_CROWD_TILE_REPLICAS=1;HLSLPERF_CROWD_TILE_SIZE=16;HLSLPERF_ELEMENTS_PER_THREAD=2;HLSLPERF_GROUP_SIZE=256;HLSLPERF_SCAN_BACKEND=1;HLSLPERF_SINGLE_PASS_GROUPS=256;HLSLPERF_SINGLE_PASS_ITEMS_SCALE=4;HLSLPERF_VECTOR_WIDTH=1;HLSLPERF_WAVE_SIZE=64","1.9966;2.0621;2.0142;2.0401;2.0134;2.0518;2.009;2.113;2.0581;2.2116;2.2089",""
"HLSLPERF_CROWD_BACKEND-2__HLSLPERF_CROWD_TILE_BINS-512__HLSLPERF_CROWD_TILE_REPLICAS-2__HLSLPERF_CROWD_TILE_SIZE-16__HLSLPERF_ELEMENTS_PER_THREAD-2__HLSLPERF_GROUP_SIZE-256__HLSLPERF_SCAN_BACKEND-1__HLSLPERF_SINGLE_PASS_GROUPS-256__HLSLPERF_SINGLE_PASS_ITEMS_SCALE-4__HLSLPERF_VECTOR_WIDTH-1__HLSLPERF_WAVE_SIZE-64",true,true,true,"",,,,,,,,4,2.1121,2.2882,0.0413,5957.5079,0.9687,"HLSLPERF_CROWD_BACKEND=2;HLSLPERF_CROWD_TILE_BINS=512;HLSLPERF_CROWD_TILE_REPLICAS=2;HLSLPERF_CROWD_TILE_SIZE=16;HLSLPERF_ELEMENTS_PER_THREAD=2;HLSLPERF_GROUP_SIZE=256;HLSLPERF_SCAN_BACKEND=1;HLSLPERF_SINGLE_PASS_GROUPS=256;HLSLPERF_SINGLE_PASS_ITEMS_SCALE=4;HLSLPERF_VECTOR_WIDTH=1;HLSLPERF_WAVE_SIZE=64","2.2094;2.1248;2.1121;2.2306;2.0963;2.0676;2.259;2.0516;2.1023;2.3174;2.0774",""
"HLSLPERF_CROWD_BACKEND-2__HLSLPERF_CROWD_TILE_BINS-512__HLSLPERF_CROWD_TILE_REPLICAS-1__HLSLPERF_CROWD_TILE_SIZE-16__HLSLPERF_ELEMENTS_PER_THREAD-4__HLSLPERF_GROUP_SIZE-256__HLSLPERF_SCAN_BACKEND-1__HLSLPERF_SINGLE_PASS_GROUPS-128__HLSLPERF_SINGLE_PASS_ITEMS_SCALE-2__HLSLPERF_VECTOR_WIDTH-1__HLSLPERF_WAVE_SIZE-32",true,true,false,"",,,,,,,,4,2.1019,2.5155,0.0834,5986.4465,0.9734,"HLSLPERF_CROWD_BACKEND=2;HLSLPERF_CROWD_TILE_BINS=512;HLSLPERF_CROWD_TILE_REPLICAS=1;HLSLPERF_CROWD_TILE_SIZE=16;HLSLPERF_ELEMENTS_PER_THREAD=4;HLSLPERF_GROUP_SIZE=256;HLSLPERF_SCAN_BACKEND=1;HLSLPERF_SINGLE_PASS_GROUPS=128;HLSLPERF_SINGLE_PASS_ITEMS_SCALE=2;HLSLPERF_VECTOR_WIDTH=1;HLSLPERF_WAVE_SIZE=32","2.2192;2.2861;2.1019;2.0601;2.515;2.0916;2.0804;2.3436;2.516;2.0432;2.0203",""
"HLSLPERF_CROWD_BACKEND-2__HLSLPERF_CROWD_TILE_BINS-512__HLSLPERF_CROWD_TILE_REPLICAS-2__HLSLPERF_CROWD_TILE_SIZE-16__HLSLPERF_ELEMENTS_PER_THREAD-4__HLSLPERF_GROUP_SIZE-256__HLSLPERF_SCAN_BACKEND-1__HLSLPERF_SINGLE_PASS_GROUPS-128__HLSLPERF_SINGLE_PASS_ITEMS_SCALE-2__HLSLPERF_VECTOR_WIDTH-1__HLSLPERF_WAVE_SIZE-32",true,true,false,"",,,,,,,,4,2.0938,2.4349,0.0687,6009.5481,0.9772,"HLSLPERF_CROWD_BACKEND=2;HLSLPERF_CROWD_TILE_BINS=512;HLSLPERF_CROWD_TILE_REPLICAS=2;HLSLPERF_CROWD_TILE_SIZE=16;HLSLPERF_ELEMENTS_PER_THREAD=4;HLSLPERF_GROUP_SIZE=256;HLSLPERF_SCAN_BACKEND=1;HLSLPERF_SINGLE_PASS_GROUPS=128;HLSLPERF_SINGLE_PASS_ITEMS_SCALE=2;HLSLPERF_VECTOR_WIDTH=1;HLSLPERF_WAVE_SIZE=32","2.0439;2.0691;2.0382;2.0919;2.0938;2.2209;2.5077;2.1334;2.0776;2.362;2.231",""
"HLSLPERF_CROWD_BACKEND-2__HLSLPERF_CROWD_TILE_BINS-512__HLSLPERF_CROWD_TILE_REPLICAS-1__HLSLPERF_CROWD_TILE_SIZE-16__HLSLPERF_ELEMENTS_PER_THREAD-4__HLSLPERF_GROUP_SIZE-256__HLSLPERF_SCAN_BACKEND-1__HLSLPERF_SINGLE_PASS_GROUPS-256__HLSLPERF_SINGLE_PASS_ITEMS_SCALE-2__HLSLPERF_VECTOR_WIDTH-1__HLSLPERF_WAVE_SIZE-32",true,true,true,"",,,,,,,,4,1.8181,2.0265,0.0487,6921.0653,1.1254,"HLSLPERF_CROWD_BACKEND=2;HLSLPERF_CROWD_TILE_BINS=512;HLSLPERF_CROWD_TILE_REPLICAS=1;HLSLPERF_CROWD_TILE_SIZE=16;HLSLPERF_ELEMENTS_PER_THREAD=4;HLSLPERF_GROUP_SIZE=256;HLSLPERF_SCAN_BACKEND=1;HLSLPERF_SINGLE_PASS_GROUPS=256;HLSLPERF_SINGLE_PASS_ITEMS_SCALE=2;HLSLPERF_VECTOR_WIDTH=1;HLSLPERF_WAVE_SIZE=32","1.8094;1.8782;1.8181;1.8121;1.9507;1.8152;1.8359;1.8102;2.1023;1.8097;1.834",""
"HLSLPERF_CROWD_BACKEND-2__HLSLPERF_CROWD_TILE_BINS-512__HLSLPERF_CROWD_TILE_REPLICAS-2__HLSLPERF_CROWD_TILE_SIZE-16__HLSLPERF_ELEMENTS_PER_THREAD-4__HLSLPERF_GROUP_SIZE-256__HLSLPERF_SCAN_BACKEND-1__HLSLPERF_SINGLE_PASS_GROUPS-256__HLSLPERF_SINGLE_PASS_ITEMS_SCALE-2__HLSLPERF_VECTOR_WIDTH-1__HLSLPERF_WAVE_SIZE-32",true,true,true,"",,,,,,,,4,1.8298,1.9516,0.0298,6876.547,1.1182,"HLSLPERF_CROWD_BACKEND=2;HLSLPERF_CROWD_TILE_BINS=512;HLSLPERF_CROWD_TILE_REPLICAS=2;HLSLPERF_CROWD_TILE_SIZE=16;HLSLPERF_ELEMENTS_PER_THREAD=4;HLSLPERF_GROUP_SIZE=256;HLSLPERF_SCAN_BACKEND=1;HLSLPERF_SINGLE_PASS_GROUPS=256;HLSLPERF_SINGLE_PASS_ITEMS_SCALE=2;HLSLPERF_VECTOR_WIDTH=1;HLSLPERF_WAVE_SIZE=32","1.8298;1.864;1.8227;1.902;1.8194;1.8292;1.8384;2.0011;1.8246;1.8129;1.8383",""
"HLSLPERF_CROWD_BACKEND-2__HLSLPERF_CROWD_TILE_BINS-512__HLSLPERF_CROWD_TILE_REPLICAS-1__HLSLPERF_CROWD_TILE_SIZE-16__HLSLPERF_ELEMENTS_PER_THREAD-4__HLSLPERF_GROUP_SIZE-256__HLSLPERF_SCAN_BACKEND-1__HLSLPERF_SINGLE_PASS_GROUPS-128__HLSLPERF_SINGLE_PASS_ITEMS_SCALE-4__HLSLPERF_VECTOR_WIDTH-1__HLSLPERF_WAVE_SIZE-32",true,true,true,"",,,,,,,,4,2.1224,2.3272,0.0461,5928.708,0.964,"HLSLPERF_CROWD_BACKEND=2;HLSLPERF_CROWD_TILE_BINS=512;HLSLPERF_CROWD_TILE_REPLICAS=1;HLSLPERF_CROWD_TILE_SIZE=16;HLSLPERF_ELEMENTS_PER_THREAD=4;HLSLPERF_GROUP_SIZE=256;HLSLPERF_SCAN_BACKEND=1;HLSLPERF_SINGLE_PASS_GROUPS=128;HLSLPERF_SINGLE_PASS_ITEMS_SCALE=4;HLSLPERF_VECTOR_WIDTH=1;HLSLPERF_WAVE_SIZE=32","2.0771;2.0728;2.1224;2.0687;2.2933;2.3611;2.0671;2.1255;2.1854;2.1379;2.077",""
"HLSLPERF_CROWD_BACKEND-2__HLSLPERF_CROWD_TILE_BINS-512__HLSLPERF_CROWD_TILE_REPLICAS-2__HLSLPERF_CROWD_TILE_SIZE-16__HLSLPERF_ELEMENTS_PER_THREAD-4__HLSLPERF_GROUP_SIZE-256__HLSLPERF_SCAN_BACKEND-1__HLSLPERF_SINGLE_PASS_GROUPS-128__HLSLPERF_SINGLE_PASS_ITEMS_SCALE-4__HLSLPERF_VECTOR_WIDTH-1__HLSLPERF_WAVE_SIZE-32",true,true,true,"",,,,,,,,4,2.136,2.3344,0.0428,5890.7661,0.9579,"HLSLPERF_CROWD_BACKEND=2;HLSLPERF_CROWD_TILE_BINS=512;HLSLPERF_CROWD_TILE_REPLICAS=2;HLSLPERF_CROWD_TILE_SIZE=16;HLSLPERF_ELEMENTS_PER_THREAD=4;HLSLPERF_GROUP_SIZE=256;HLSLPERF_SCAN_BACKEND=1;HLSLPERF_SINGLE_PASS_GROUPS=128;HLSLPERF_SINGLE_PASS_ITEMS_SCALE=4;HLSLPERF_VECTOR_WIDTH=1;HLSLPERF_WAVE_SIZE=32","2.176;2.1406;2.1204;2.3015;2.0873;2.136;2.3673;2.1313;2.1092;2.2842;2.1243",""
"HLSLPERF_CROWD_BACKEND-2__HLSLPERF_CROWD_TILE_BINS-512__HLSLPERF_CROWD_TILE_REPLICAS-1__HLSLPERF_CROWD_TILE_SIZE-16__HLSLPERF_ELEMENTS_PER_THREAD-4__HLSLPERF_GROUP_SIZE-256__HLSLPERF_SCAN_BACKEND-1__HLSLPERF_SINGLE_PASS_GROUPS-256__HLSLPERF_SINGLE_PASS_ITEMS_SCALE-4__HLSLPERF_VECTOR_WIDTH-1__HLSLPERF_WAVE_SIZE-32",true,true,true,"",,,,,,,,4,1.8467,1.9483,0.0261,6813.7283,1.108,"HLSLPERF_CROWD_BACKEND=2;HLSLPERF_CROWD_TILE_BINS=512;HLSLPERF_CROWD_TILE_REPLICAS=1;HLSLPERF_CROWD_TILE_SIZE=16;HLSLPERF_ELEMENTS_PER_THREAD=4;HLSLPERF_GROUP_SIZE=256;HLSLPERF_SCAN_BACKEND=1;HLSLPERF_SINGLE_PASS_GROUPS=256;HLSLPERF_SINGLE_PASS_ITEMS_SCALE=4;HLSLPERF_VECTOR_WIDTH=1;HLSLPERF_WAVE_SIZE=32","1.8693;1.8376;1.8619;1.8375;1.8375;1.8467;1.8303;1.8966;1.8412;1.8572;2",""
"HLSLPERF_CROWD_BACKEND-2__HLSLPERF_CROWD_TILE_BINS-512__HLSLPERF_CROWD_TILE_REPLICAS-2__HLSLPERF_CROWD_TILE_SIZE-16__HLSLPERF_ELEMENTS_PER_THREAD-4__HLSLPERF_GROUP_SIZE-256__HLSLPERF_SCAN_BACKEND-1__HLSLPERF_SINGLE_PASS_GROUPS-256__HLSLPERF_SINGLE_PASS_ITEMS_SCALE-4__HLSLPERF_VECTOR_WIDTH-1__HLSLPERF_WAVE_SIZE-32",true,true,true,"",,,,,,,,4,1.8516,1.9444,0.0233,6795.6967,1.105,"HLSLPERF_CROWD_BACKEND=2;HLSLPERF_CROWD_TILE_BINS=512;HLSLPERF_CROWD_TILE_REPLICAS=2;HLSLPERF_CROWD_TILE_SIZE=16;HLSLPERF_ELEMENTS_PER_THREAD=4;HLSLPERF_GROUP_SIZE=256;HLSLPERF_SCAN_BACKEND=1;HLSLPERF_SINGLE_PASS_GROUPS=256;HLSLPERF_SINGLE_PASS_ITEMS_SCALE=4;HLSLPERF_VECTOR_WIDTH=1;HLSLPERF_WAVE_SIZE=32","1.8311;1.8516;1.8372;1.9197;1.9691;1.8565;1.8363;1.859;1.8351;1.8708;1.8323",""
"HLSLPERF_CROWD_BACKEND-2__HLSLPERF_CROWD_TILE_BINS-512__HLSLPERF_CROWD_TILE_REPLICAS-1__HLSLPERF_CROWD_TILE_SIZE-16__HLSLPERF_ELEMENTS_PER_THREAD-4__HLSLPERF_GROUP_SIZE-256__HLSLPERF_SCAN_BACKEND-1__HLSLPERF_SINGLE_PASS_GROUPS-128__HLSLPERF_SINGLE_PASS_ITEMS_SCALE-2__HLSLPERF_VECTOR_WIDTH-1__HLSLPERF_WAVE_SIZE-64",true,true,false,"",,,,,,,,4,2.105,2.4161,0.0673,5977.7156,0.972,"HLSLPERF_CROWD_BACKEND=2;HLSLPERF_CROWD_TILE_BINS=512;HLSLPERF_CROWD_TILE_REPLICAS=1;HLSLPERF_CROWD_TILE_SIZE=16;HLSLPERF_ELEMENTS_PER_THREAD=4;HLSLPERF_GROUP_SIZE=256;HLSLPERF_SCAN_BACKEND=1;HLSLPERF_SINGLE_PASS_GROUPS=128;HLSLPERF_SINGLE_PASS_ITEMS_SCALE=2;HLSLPERF_VECTOR_WIDTH=1;HLSLPERF_WAVE_SIZE=64","2.0754;2.495;2.2311;2.105;2.0934;2.3147;2.1211;2.0881;2.3372;2.0362;2.0624",""
"HLSLPERF_CROWD_BACKEND-2__HLSLPERF_CROWD_TILE_BINS-512__HLSLPERF_CROWD_TILE_REPLICAS-2__HLSLPERF_CROWD_TILE_SIZE-16__HLSLPERF_ELEMENTS_PER_THREAD-4__HLSLPERF_GROUP_SIZE-256__HLSLPERF_SCAN_BACKEND-1__HLSLPERF_SINGLE_PASS_GROUPS-128__HLSLPERF_SINGLE_PASS_ITEMS_SCALE-2__HLSLPERF_VECTOR_WIDTH-1__HLSLPERF_WAVE_SIZE-64",true,true,true,"",,,,,,,,4,2.0788,2.1958,0.0289,6053.1146,0.9843,"HLSLPERF_CROWD_BACKEND=2;HLSLPERF_CROWD_TILE_BINS=512;HLSLPERF_CROWD_TILE_REPLICAS=2;HLSLPERF_CROWD_TILE_SIZE=16;HLSLPERF_ELEMENTS_PER_THREAD=4;HLSLPERF_GROUP_SIZE=256;HLSLPERF_SCAN_BACKEND=1;HLSLPERF_SINGLE_PASS_GROUPS=128;HLSLPERF_SINGLE_PASS_ITEMS_SCALE=2;HLSLPERF_VECTOR_WIDTH=1;HLSLPERF_WAVE_SIZE=64","2.0442;2.0786;2.0429;2.0746;2.0493;2.0788;2.1346;2.1032;2.1107;2.2569;2.1171",""
"HLSLPERF_CROWD_BACKEND-2__HLSLPERF_CROWD_TILE_BINS-512__HLSLPERF_CROWD_TILE_REPLICAS-1__HLSLPERF_CROWD_TILE_SIZE-16__HLSLPERF_ELEMENTS_PER_THREAD-4__HLSLPERF_GROUP_SIZE-256__HLSLPERF_SCAN_BACKEND-1__HLSLPERF_SINGLE_PASS_GROUPS-256__HLSLPERF_SINGLE_PASS_ITEMS_SCALE-2__HLSLPERF_VECTOR_WIDTH-1__HLSLPERF_WAVE_SIZE-64",true,true,true,"",,,,,,,,4,2.0574,2.2487,0.0385,6115.9883,0.9945,"HLSLPERF_CROWD_BACKEND=2;HLSLPERF_CROWD_TILE_BINS=512;HLSLPERF_CROWD_TILE_REPLICAS=1;HLSLPERF_CROWD_TILE_SIZE=16;HLSLPERF_ELEMENTS_PER_THREAD=4;HLSLPERF_GROUP_SIZE=256;HLSLPERF_SCAN_BACKEND=1;HLSLPERF_SINGLE_PASS_GROUPS=256;HLSLPERF_SINGLE_PASS_ITEMS_SCALE=2;HLSLPERF_VECTOR_WIDTH=1;HLSLPERF_WAVE_SIZE=64","2.2294;2.0398;2.1099;2.2681;2.0722;2.0297;2.0669;2.0574;2.0475;2.0427;2.0533",""
"HLSLPERF_CROWD_BACKEND-2__HLSLPERF_CROWD_TILE_BINS-512__HLSLPERF_CROWD_TILE_REPLICAS-2__HLSLPERF_CROWD_TILE_SIZE-16__HLSLPERF_ELEMENTS_PER_THREAD-4__HLSLPERF_GROUP_SIZE-256__HLSLPERF_SCAN_BACKEND-1__HLSLPERF_SINGLE_PASS_GROUPS-256__HLSLPERF_SINGLE_PASS_ITEMS_SCALE-2__HLSLPERF_VECTOR_WIDTH-1__HLSLPERF_WAVE_SIZE-64",true,true,true,"",,,,,,,,4,2.0477,2.1888,0.0403,6144.9301,0.9992,"HLSLPERF_CROWD_BACKEND=2;HLSLPERF_CROWD_TILE_BINS=512;HLSLPERF_CROWD_TILE_REPLICAS=2;HLSLPERF_CROWD_TILE_SIZE=16;HLSLPERF_ELEMENTS_PER_THREAD=4;HLSLPERF_GROUP_SIZE=256;HLSLPERF_SCAN_BACKEND=1;HLSLPERF_SINGLE_PASS_GROUPS=256;HLSLPERF_SINGLE_PASS_ITEMS_SCALE=2;HLSLPERF_VECTOR_WIDTH=1;HLSLPERF_WAVE_SIZE=64","2.3156;2.0223;2.0302;2.034;2.0591;2.0257;2.0619;2.0477;2.0557;2.0385;2.0532",""
"HLSLPERF_CROWD_BACKEND-2__HLSLPERF_CROWD_TILE_BINS-512__HLSLPERF_CROWD_TILE_REPLICAS-1__HLSLPERF_CROWD_TILE_SIZE-16__HLSLPERF_ELEMENTS_PER_THREAD-4__HLSLPERF_GROUP_SIZE-256__HLSLPERF_SCAN_BACKEND-1__HLSLPERF_SINGLE_PASS_GROUPS-128__HLSLPERF_SINGLE_PASS_ITEMS_SCALE-4__HLSLPERF_VECTOR_WIDTH-1__HLSLPERF_WAVE_SIZE-64",true,true,true,"",,,,,,,,4,2.1136,2.3048,0.0496,5953.4489,0.9681,"HLSLPERF_CROWD_BACKEND=2;HLSLPERF_CROWD_TILE_BINS=512;HLSLPERF_CROWD_TILE_REPLICAS=1;HLSLPERF_CROWD_TILE_SIZE=16;HLSLPERF_ELEMENTS_PER_THREAD=4;HLSLPERF_GROUP_SIZE=256;HLSLPERF_SCAN_BACKEND=1;HLSLPERF_SINGLE_PASS_GROUPS=128;HLSLPERF_SINGLE_PASS_ITEMS_SCALE=4;HLSLPERF_VECTOR_WIDTH=1;HLSLPERF_WAVE_SIZE=64","2.1832;2.1238;2.018;2.3295;2.0017;2.05;2.1136;2.0816;2.0409;2.2802;2.1211",""
"HLSLPERF_CROWD_BACKEND-2__HLSLPERF_CROWD_TILE_BINS-512__HLSLPERF_CROWD_TILE_REPLICAS-2__HLSLPERF_CROWD_TILE_SIZE-16__HLSLPERF_ELEMENTS_PER_THREAD-4__HLSLPERF_GROUP_SIZE-256__HLSLPERF_SCAN_BACKEND-1__HLSLPERF_SINGLE_PASS_GROUPS-128__HLSLPERF_SINGLE_PASS_ITEMS_SCALE-4__HLSLPERF_VECTOR_WIDTH-1__HLSLPERF_WAVE_SIZE-64",true,true,true,"",,,,,,,,4,1.9937,2.0816,0.0215,6311.2417,1.0263,"HLSLPERF_CROWD_BACKEND=2;HLSLPERF_CROWD_TILE_BINS=512;HLSLPERF_CROWD_TILE_REPLICAS=2;HLSLPERF_CROWD_TILE_SIZE=16;HLSLPERF_ELEMENTS_PER_THREAD=4;HLSLPERF_GROUP_SIZE=256;HLSLPERF_SCAN_BACKEND=1;HLSLPERF_SINGLE_PASS_GROUPS=128;HLSLPERF_SINGLE_PASS_ITEMS_SCALE=4;HLSLPERF_VECTOR_WIDTH=1;HLSLPERF_WAVE_SIZE=64","1.9632;1.9719;1.9907;1.9937;1.9762;1.9534;2.0883;1.9965;2.011;2.0749;2.0081",""
"HLSLPERF_CROWD_BACKEND-2__HLSLPERF_CROWD_TILE_BINS-512__HLSLPERF_CROWD_TILE_REPLICAS-1__HLSLPERF_CROWD_TILE_SIZE-16__HLSLPERF_ELEMENTS_PER_THREAD-4__HLSLPERF_GROUP_SIZE-256__HLSLPERF_SCAN_BACKEND-1__HLSLPERF_SINGLE_PASS_GROUPS-256__HLSLPERF_SINGLE_PASS_ITEMS_SCALE-4__HLSLPERF_VECTOR_WIDTH-1__HLSLPERF_WAVE_SIZE-64",true,true,true,"",,,,,,,,4,1.8392,1.8884,0.0129,6841.5881,1.1125,"HLSLPERF_CROWD_BACKEND=2;HLSLPERF_CROWD_TILE_BINS=512;HLSLPERF_CROWD_TILE_REPLICAS=1;HLSLPERF_CROWD_TILE_SIZE=16;HLSLPERF_ELEMENTS_PER_THREAD=4;HLSLPERF_GROUP_SIZE=256;HLSLPERF_SCAN_BACKEND=1;HLSLPERF_SINGLE_PASS_GROUPS=256;HLSLPERF_SINGLE_PASS_ITEMS_SCALE=4;HLSLPERF_VECTOR_WIDTH=1;HLSLPERF_WAVE_SIZE=64","1.8381;1.8392;1.8397;1.838;1.8614;1.8338;1.8584;1.8349;1.8625;1.8348;1.9143",""
"HLSLPERF_CROWD_BACKEND-2__HLSLPERF_CROWD_TILE_BINS-512__HLSLPERF_CROWD_TILE_REPLICAS-2__HLSLPERF_CROWD_TILE_SIZE-16__HLSLPERF_ELEMENTS_PER_THREAD-4__HLSLPERF_GROUP_SIZE-256__HLSLPERF_SCAN_BACKEND-1__HLSLPERF_SINGLE_PASS_GROUPS-256__HLSLPERF_SINGLE_PASS_ITEMS_SCALE-4__HLSLPERF_VECTOR_WIDTH-1__HLSLPERF_WAVE_SIZE-64",true,true,true,"",,,,,,,,4,1.8763,2.0272,0.0378,6706.344,1.0905,"HLSLPERF_CROWD_BACKEND=2;HLSLPERF_CROWD_TILE_BINS=512;HLSLPERF_CROWD_TILE_REPLICAS=2;HLSLPERF_CROWD_TILE_SIZE=16;HLSLPERF_ELEMENTS_PER_THREAD=4;HLSLPERF_GROUP_SIZE=256;HLSLPERF_SCAN_BACKEND=1;HLSLPERF_SINGLE_PASS_GROUPS=256;HLSLPERF_SINGLE_PASS_ITEMS_SCALE=4;HLSLPERF_VECTOR_WIDTH=1;HLSLPERF_WAVE_SIZE=64","1.9149;1.8892;1.8456;2.0726;1.9817;1.8577;1.8437;1.8785;1.847;1.8763;1.8466",""
"HLSLPERF_CROWD_BACKEND-2__HLSLPERF_CROWD_TILE_BINS-512__HLSLPERF_CROWD_TILE_REPLICAS-1__HLSLPERF_CROWD_TILE_SIZE-16__HLSLPERF_ELEMENTS_PER_THREAD-4__HLSLPERF_GROUP_SIZE-256__HLSLPERF_SCAN_BACKEND-1__HLSLPERF_SINGLE_PASS_GROUPS-128__HLSLPERF_SINGLE_PASS_ITEMS_SCALE-2__HLSLPERF_VECTOR_WIDTH-4__HLSLPERF_WAVE_SIZE-32",true,true,true,"",,,,,,,,4,2.1419,2.3776,0.0522,5874.5673,0.9552,"HLSLPERF_CROWD_BACKEND=2;HLSLPERF_CROWD_TILE_BINS=512;HLSLPERF_CROWD_TILE_REPLICAS=1;HLSLPERF_CROWD_TILE_SIZE=16;HLSLPERF_ELEMENTS_PER_THREAD=4;HLSLPERF_GROUP_SIZE=256;HLSLPERF_SCAN_BACKEND=1;HLSLPERF_SINGLE_PASS_GROUPS=128;HLSLPERF_SINGLE_PASS_ITEMS_SCALE=2;HLSLPERF_VECTOR_WIDTH=4;HLSLPERF_WAVE_SIZE=32","2.1062;2.3856;2.3332;2.1467;2.0957;2.2306;2.114;2.1048;2.3696;2.1157;2.1419",""
"HLSLPERF_CROWD_BACKEND-2__HLSLPERF_CROWD_TILE_BINS-512__HLSLPERF_CROWD_TILE_REPLICAS-2__HLSLPERF_CROWD_TILE_SIZE-16__HLSLPERF_ELEMENTS_PER_THREAD-4__HLSLPERF_GROUP_SIZE-256__HLSLPERF_SCAN_BACKEND-1__HLSLPERF_SINGLE_PASS_GROUPS-128__HLSLPERF_SINGLE_PASS_ITEMS_SCALE-2__HLSLPERF_VECTOR_WIDTH-4__HLSLPERF_WAVE_SIZE-32",true,true,false,"",,,,,,,,4,2.181,2.4703,0.0658,5769.2786,0.9381,"HLSLPERF_CROWD_BACKEND=2;HLSLPERF_CROWD_TILE_BINS=512;HLSLPERF_CROWD_TILE_REPLICAS=2;HLSLPERF_CROWD_TILE_SIZE=16;HLSLPERF_ELEMENTS_PER_THREAD=4;HLSLPERF_GROUP_SIZE=256;HLSLPERF_SCAN_BACKEND=1;HLSLPERF_SINGLE_PASS_GROUPS=128;HLSLPERF_SINGLE_PASS_ITEMS_SCALE=2;HLSLPERF_VECTOR_WIDTH=4;HLSLPERF_WAVE_SIZE=32","2.376;2.1137;2.181;2.3542;2.1081;2.1409;2.3472;2.1488;2.1188;2.5647;2.2819",""
"HLSLPERF_CROWD_BACKEND-2__HLSLPERF_CROWD_TILE_BINS-512__HLSLPERF_CROWD_TILE_REPLICAS-1__HLSLPERF_CROWD_TILE_SIZE-16__HLSLPERF_ELEMENTS_PER_THREAD-4__HLSLPERF_GROUP_SIZE-256__HLSLPERF_SCAN_BACKEND-1__HLSLPERF_SINGLE_PASS_GROUPS-256__HLSLPERF_SINGLE_PASS_ITEMS_SCALE-2__HLSLPERF_VECTOR_WIDTH-4__HLSLPERF_WAVE_SIZE-32",true,true,true,"",,,,,,,,4,1.8318,1.8946,0.0163,6869.0017,1.1169,"HLSLPERF_CROWD_BACKEND=2;HLSLPERF_CROWD_TILE_BINS=512;HLSLPERF_CROWD_TILE_REPLICAS=1;HLSLPERF_CROWD_TILE_SIZE=16;HLSLPERF_ELEMENTS_PER_THREAD=4;HLSLPERF_GROUP_SIZE=256;HLSLPERF_SCAN_BACKEND=1;HLSLPERF_SINGLE_PASS_GROUPS=256;HLSLPERF_SINGLE_PASS_ITEMS_SCALE=2;HLSLPERF_VECTOR_WIDTH=4;HLSLPERF_WAVE_SIZE=32","1.8288;1.8318;1.8294;1.8628;1.8191;1.8386;1.8245;1.8417;1.8313;1.8561;1.9265",""
"HLSLPERF_CROWD_BACKEND-2__HLSLPERF_CROWD_TILE_BINS-512__HLSLPERF_CROWD_TILE_REPLICAS-2__HLSLPERF_CROWD_TILE_SIZE-16__HLSLPERF_ELEMENTS_PER_THREAD-4__HLSLPERF_GROUP_SIZE-256__HLSLPERF_SCAN_BACKEND-1__HLSLPERF_SINGLE_PASS_GROUPS-256__HLSLPERF_SINGLE_PASS_ITEMS_SCALE-2__HLSLPERF_VECTOR_WIDTH-4__HLSLPERF_WAVE_SIZE-32",true,true,true,"",,,,,,,,4,1.8305,1.8543,0.0067,6873.8798,1.1177,"HLSLPERF_CROWD_BACKEND=2;HLSLPERF_CROWD_TILE_BINS=512;HLSLPERF_CROWD_TILE_REPLICAS=2;HLSLPERF_CROWD_TILE_SIZE=16;HLSLPERF_ELEMENTS_PER_THREAD=4;HLSLPERF_GROUP_SIZE=256;HLSLPERF_SCAN_BACKEND=1;HLSLPERF_SINGLE_PASS_GROUPS=256;HLSLPERF_SINGLE_PASS_ITEMS_SCALE=2;HLSLPERF_VECTOR_WIDTH=4;HLSLPERF_WAVE_SIZE=32","1.8268;1.8403;1.8305;1.8327;1.8195;1.854;1.8258;1.8499;1.8297;1.8547;1.827",""
"HLSLPERF_CROWD_BACKEND-2__HLSLPERF_CROWD_TILE_BINS-512__HLSLPERF_CROWD_TILE_REPLICAS-1__HLSLPERF_CROWD_TILE_SIZE-16__HLSLPERF_ELEMENTS_PER_THREAD-4__HLSLPERF_GROUP_SIZE-256__HLSLPERF_SCAN_BACKEND-1__HLSLPERF_SINGLE_PASS_GROUPS-128__HLSLPERF_SINGLE_PASS_ITEMS_SCALE-4__HLSLPERF_VECTOR_WIDTH-4__HLSLPERF_WAVE_SIZE-32",true,true,true,"",,,,,,,,4,2.0862,2.1077,0.0117,6031.6141,0.9808,"HLSLPERF_CROWD_BACKEND=2;HLSLPERF_CROWD_TILE_BINS=512;HLSLPERF_CROWD_TILE_REPLICAS=1;HLSLPERF_CROWD_TILE_SIZE=16;HLSLPERF_ELEMENTS_PER_THREAD=4;HLSLPERF_GROUP_SIZE=256;HLSLPERF_SCAN_BACKEND=1;HLSLPERF_SINGLE_PASS_GROUPS=128;HLSLPERF_SINGLE_PASS_ITEMS_SCALE=4;HLSLPERF_VECTOR_WIDTH=4;HLSLPERF_WAVE_SIZE=32","2.056;2.0906;2.0496;2.0891;2.0558;2.095;2.0458;2.0901;2.0554;2.0862;2.1204",""
"HLSLPERF_CROWD_BACKEND-2__HLSLPERF_CROWD_TILE_BINS-512__HLSLPERF_CROWD_TILE_REPLICAS-2__HLSLPERF_CROWD_TILE_SIZE-16__HLSLPERF_ELEMENTS_PER_THREAD-4__HLSLPERF_GROUP_SIZE-256__HLSLPERF_SCAN_BACKEND-1__HLSLPERF_SINGLE_PASS_GROUPS-128__HLSLPERF_SINGLE_PASS_ITEMS_SCALE-4__HLSLPERF_VECTOR_WIDTH-4__HLSLPERF_WAVE_SIZE-32",true,true,true,"",,,,,,,,4,2.0646,2.1885,0.0343,6094.5118,0.991,"HLSLPERF_CROWD_BACKEND=2;HLSLPERF_CROWD_TILE_BINS=512;HLSLPERF_CROWD_TILE_REPLICAS=2;HLSLPERF_CROWD_TILE_SIZE=16;HLSLPERF_ELEMENTS_PER_THREAD=4;HLSLPERF_GROUP_SIZE=256;HLSLPERF_SCAN_BACKEND=1;HLSLPERF_SINGLE_PASS_GROUPS=128;HLSLPERF_SINGLE_PASS_ITEMS_SCALE=4;HLSLPERF_VECTOR_WIDTH=4;HLSLPERF_WAVE_SIZE=32","2.2889;2.0745;2.0637;2.0486;2.0778;2.055;2.085;2.0329;2.0646;2.0252;2.0881",""
"HLSLPERF_CROWD_BACKEND-2__HLSLPERF_CROWD_TILE_BINS-512__HLSLPERF_CROWD_TILE_REPLICAS-1__HLSLPERF_CROWD_TILE_SIZE-16__HLSLPERF_ELEMENTS_PER_THREAD-4__HLSLPERF_GROUP_SIZE-256__HLSLPERF_SCAN_BACKEND-1__HLSLPERF_SINGLE_PASS_GROUPS-256__HLSLPERF_SINGLE_PASS_ITEMS_SCALE-4__HLSLPERF_VECTOR_WIDTH-4__HLSLPERF_WAVE_SIZE-32",true,true,true,"",,,,,,,,4,1.8475,1.8643,0.0076,6810.7409,1.1075,"HLSLPERF_CROWD_BACKEND=2;HLSLPERF_CROWD_TILE_BINS=512;HLSLPERF_CROWD_TILE_REPLICAS=1;HLSLPERF_CROWD_TILE_SIZE=16;HLSLPERF_ELEMENTS_PER_THREAD=4;HLSLPERF_GROUP_SIZE=256;HLSLPERF_SCAN_BACKEND=1;HLSLPERF_SINGLE_PASS_GROUPS=256;HLSLPERF_SINGLE_PASS_ITEMS_SCALE=4;HLSLPERF_VECTOR_WIDTH=4;HLSLPERF_WAVE_SIZE=32","1.835;1.8561;1.8349;1.8661;1.833;1.8475;1.8289;1.8572;1.8274;1.8489;1.8625",""
"HLSLPERF_CROWD_BACKEND-2__HLSLPERF_CROWD_TILE_BINS-512__HLSLPERF_CROWD_TILE_REPLICAS-2__HLSLPERF_CROWD_TILE_SIZE-16__HLSLPERF_ELEMENTS_PER_THREAD-4__HLSLPERF_GROUP_SIZE-256__HLSLPERF_SCAN_BACKEND-1__HLSLPERF_SINGLE_PASS_GROUPS-256__HLSLPERF_SINGLE_PASS_ITEMS_SCALE-4__HLSLPERF_VECTOR_WIDTH-4__HLSLPERF_WAVE_SIZE-32",true,true,true,"",,,,,,,,4,1.8487,1.8756,0.0087,6806.3569,1.1068,"HLSLPERF_CROWD_BACKEND=2;HLSLPERF_CROWD_TILE_BINS=512;HLSLPERF_CROWD_TILE_REPLICAS=2;HLSLPERF_CROWD_TILE_SIZE=16;HLSLPERF_ELEMENTS_PER_THREAD=4;HLSLPERF_GROUP_SIZE=256;HLSLPERF_SCAN_BACKEND=1;HLSLPERF_SINGLE_PASS_GROUPS=256;HLSLPERF_SINGLE_PASS_ITEMS_SCALE=4;HLSLPERF_VECTOR_WIDTH=4;HLSLPERF_WAVE_SIZE=32","1.8328;1.8577;1.8337;1.858;1.839;1.8614;1.8389;1.8676;1.8388;1.8487;1.8835",""
"HLSLPERF_CROWD_BACKEND-2__HLSLPERF_CROWD_TILE_BINS-512__HLSLPERF_CROWD_TILE_REPLICAS-1__HLSLPERF_CROWD_TILE_SIZE-16__HLSLPERF_ELEMENTS_PER_THREAD-4__HLSLPERF_GROUP_SIZE-256__HLSLPERF_SCAN_BACKEND-1__HLSLPERF_SINGLE_PASS_GROUPS-128__HLSLPERF_SINGLE_PASS_ITEMS_SCALE-2__HLSLPERF_VECTOR_WIDTH-4__HLSLPERF_WAVE_SIZE-64",true,true,false,"",,,,,,,,4,2.0864,2.4831,0.0834,6031.0648,0.9807,"HLSLPERF_CROWD_BACKEND=2;HLSLPERF_CROWD_TILE_BINS=512;HLSLPERF_CROWD_TILE_REPLICAS=1;HLSLPERF_CROWD_TILE_SIZE=16;HLSLPERF_ELEMENTS_PER_THREAD=4;HLSLPERF_GROUP_SIZE=256;HLSLPERF_SCAN_BACKEND=1;HLSLPERF_SINGLE_PASS_GROUPS=128;HLSLPERF_SINGLE_PASS_ITEMS_SCALE=2;HLSLPERF_VECTOR_WIDTH=4;HLSLPERF_WAVE_SIZE=64","2.3169;2.1362;2.0864;2.6251;2.0681;2.0762;2.2389;2.3411;2.0579;2.0245;2.0654",""
"HLSLPERF_CROWD_BACKEND-2__HLSLPERF_CROWD_TILE_BINS-512__HLSLPERF_CROWD_TILE_REPLICAS-2__HLSLPERF_CROWD_TILE_SIZE-16__HLSLPERF_ELEMENTS_PER_THREAD-4__HLSLPERF_GROUP_SIZE-256__HLSLPERF_SCAN_BACKEND-1__HLSLPERF_SINGLE_PASS_GROUPS-128__HLSLPERF_SINGLE_PASS_ITEMS_SCALE-2__HLSLPERF_VECTOR_WIDTH-4__HLSLPERF_WAVE_SIZE-64",true,true,true,"",,,,,,,,4,2.1392,2.3263,0.0485,5882.1743,0.9565,"HLSLPERF_CROWD_BACKEND=2;HLSLPERF_CROWD_TILE_BINS=512;HLSLPERF_CROWD_TILE_REPLICAS=2;HLSLPERF_CROWD_TILE_SIZE=16;HLSLPERF_ELEMENTS_PER_THREAD=4;HLSLPERF_GROUP_SIZE=256;HLSLPERF_SCAN_BACKEND=1;HLSLPERF_SINGLE_PASS_GROUPS=128;HLSLPERF_SINGLE_PASS_ITEMS_SCALE=2;HLSLPERF_VECTOR_WIDTH=4;HLSLPERF_WAVE_SIZE=64","2.0464;2.079;2.0704;2.1415;2.2317;2.1489;2.1081;2.2384;2.1392;2.1102;2.4141",""
"HLSLPERF_CROWD_BACKEND-2__HLSLPERF_CROWD_TILE_BINS-512__HLSLPERF_CROWD_TILE_REPLICAS-1__HLSLPERF_CROWD_TILE_SIZE-16__HLSLPERF_ELEMENTS_PER_THREAD-4__HLSLPERF_GROUP_SIZE-256__HLSLPERF_SCAN_BACKEND-1__HLSLPERF_SINGLE_PASS_GROUPS-256__HLSLPERF_SINGLE_PASS_ITEMS_SCALE-2__HLSLPERF_VECTOR_WIDTH-4__HLSLPERF_WAVE_SIZE-64",true,true,true,"",,,,,,,,4,2.1112,2.2969,0.0417,5960.1322,0.9692,"HLSLPERF_CROWD_BACKEND=2;HLSLPERF_CROWD_TILE_BINS=512;HLSLPERF_CROWD_TILE_REPLICAS=1;HLSLPERF_CROWD_TILE_SIZE=16;HLSLPERF_ELEMENTS_PER_THREAD=4;HLSLPERF_GROUP_SIZE=256;HLSLPERF_SCAN_BACKEND=1;HLSLPERF_SINGLE_PASS_GROUPS=256;HLSLPERF_SINGLE_PASS_ITEMS_SCALE=2;HLSLPERF_VECTOR_WIDTH=4;HLSLPERF_WAVE_SIZE=64","2.2233;2.2643;2.1027;2.0722;2.3131;2.0989;2.0915;2.2367;2.103;2.1112;2.2808",""
"HLSLPERF_CROWD_BACKEND-2__HLSLPERF_CROWD_TILE_BINS-512__HLSLPERF_CROWD_TILE_REPLICAS-2__HLSLPERF_CROWD_TILE_SIZE-16__HLSLPERF_ELEMENTS_PER_THREAD-4__HLSLPERF_GROUP_SIZE-256__HLSLPERF_SCAN_BACKEND-1__HLSLPERF_SINGLE_PASS_GROUPS-256__HLSLPERF_SINGLE_PASS_ITEMS_SCALE-2__HLSLPERF_VECTOR_WIDTH-4__HLSLPERF_WAVE_SIZE-64",true,true,true,"",,,,,,,,4,2.1332,2.3702,0.0536,5898.7193,0.9592,"HLSLPERF_CROWD_BACKEND=2;HLSLPERF_CROWD_TILE_BINS=512;HLSLPERF_CROWD_TILE_REPLICAS=2;HLSLPERF_CROWD_TILE_SIZE=16;HLSLPERF_ELEMENTS_PER_THREAD=4;HLSLPERF_GROUP_SIZE=256;HLSLPERF_SCAN_BACKEND=1;HLSLPERF_SINGLE_PASS_GROUPS=256;HLSLPERF_SINGLE_PASS_ITEMS_SCALE=2;HLSLPERF_VECTOR_WIDTH=4;HLSLPERF_WAVE_SIZE=64","2.3877;2.0775;2.1185;2.3527;2.2776;2.1043;2.1048;2.2559;2.0924;2.1332;2.3263",""
"HLSLPERF_CROWD_BACKEND-2__HLSLPERF_CROWD_TILE_BINS-512__HLSLPERF_CROWD_TILE_REPLICAS-1__HLSLPERF_CROWD_TILE_SIZE-16__HLSLPERF_ELEMENTS_PER_THREAD-4__HLSLPERF_GROUP_SIZE-256__HLSLPERF_SCAN_BACKEND-1__HLSLPERF_SINGLE_PASS_GROUPS-128__HLSLPERF_SINGLE_PASS_ITEMS_SCALE-4__HLSLPERF_VECTOR_WIDTH-4__HLSLPERF_WAVE_SIZE-64",true,true,true,"",,,,,,,,4,1.9769,2.1483,0.0406,6365.068,1.035,"HLSLPERF_CROWD_BACKEND=2;HLSLPERF_CROWD_TILE_BINS=512;HLSLPERF_CROWD_TILE_REPLICAS=1;HLSLPERF_CROWD_TILE_SIZE=16;HLSLPERF_ELEMENTS_PER_THREAD=4;HLSLPERF_GROUP_SIZE=256;HLSLPERF_SCAN_BACKEND=1;HLSLPERF_SINGLE_PASS_GROUPS=128;HLSLPERF_SINGLE_PASS_ITEMS_SCALE=4;HLSLPERF_VECTOR_WIDTH=4;HLSLPERF_WAVE_SIZE=64","2.0463;2.1228;2.0204;1.9757;2.1737;1.9262;1.9769;1.9355;1.9421;1.9313;2.005",""
"HLSLPERF_CROWD_BACKEND-2__HLSLPERF_CROWD_TILE_BINS-512__HLSLPERF_CROWD_TILE_REPLICAS-2__HLSLPERF_CROWD_TILE_SIZE-16__HLSLPERF_ELEMENTS_PER_THREAD-4__HLSLPERF_GROUP_SIZE-256__HLSLPERF_SCAN_BACKEND-1__HLSLPERF_SINGLE_PASS_GROUPS-128__HLSLPERF_SINGLE_PASS_ITEMS_SCALE-4__HLSLPERF_VECTOR_WIDTH-4__HLSLPERF_WAVE_SIZE-64",true,true,true,"",,,,,,,,4,1.9963,2.2032,0.0461,6303.0536,1.0249,"HLSLPERF_CROWD_BACKEND=2;HLSLPERF_CROWD_TILE_BINS=512;HLSLPERF_CROWD_TILE_REPLICAS=2;HLSLPERF_CROWD_TILE_SIZE=16;HLSLPERF_ELEMENTS_PER_THREAD=4;HLSLPERF_GROUP_SIZE=256;HLSLPERF_SCAN_BACKEND=1;HLSLPERF_SINGLE_PASS_GROUPS=128;HLSLPERF_SINGLE_PASS_ITEMS_SCALE=4;HLSLPERF_VECTOR_WIDTH=4;HLSLPERF_WAVE_SIZE=64","1.9789;2.2484;1.989;2.0435;2.128;1.975;1.9963;2.0893;2.158;1.9516;1.9902",""
"HLSLPERF_CROWD_BACKEND-2__HLSLPERF_CROWD_TILE_BINS-512__HLSLPERF_CROWD_TILE_REPLICAS-1__HLSLPERF_CROWD_TILE_SIZE-16__HLSLPERF_ELEMENTS_PER_THREAD-4__HLSLPERF_GROUP_SIZE-256__HLSLPERF_SCAN_BACKEND-1__HLSLPERF_SINGLE_PASS_GROUPS-256__HLSLPERF_SINGLE_PASS_ITEMS_SCALE-4__HLSLPERF_VECTOR_WIDTH-4__HLSLPERF_WAVE_SIZE-64",true,true,true,"",,,,,,,,4,1.8546,1.9303,0.0233,6784.8869,1.1033,"HLSLPERF_CROWD_BACKEND=2;HLSLPERF_CROWD_TILE_BINS=512;HLSLPERF_CROWD_TILE_REPLICAS=1;HLSLPERF_CROWD_TILE_SIZE=16;HLSLPERF_ELEMENTS_PER_THREAD=4;HLSLPERF_GROUP_SIZE=256;HLSLPERF_SCAN_BACKEND=1;HLSLPERF_SINGLE_PASS_GROUPS=256;HLSLPERF_SINGLE_PASS_ITEMS_SCALE=4;HLSLPERF_VECTOR_WIDTH=4;HLSLPERF_WAVE_SIZE=64","1.8416;1.8682;1.9895;1.8546;1.8386;1.8587;1.8392;1.8711;1.8416;1.8637;1.8371",""
"HLSLPERF_CROWD_BACKEND-2__HLSLPERF_CROWD_TILE_BINS-512__HLSLPERF_CROWD_TILE_REPLICAS-2__HLSLPERF_CROWD_TILE_SIZE-16__HLSLPERF_ELEMENTS_PER_THREAD-4__HLSLPERF_GROUP_SIZE-256__HLSLPERF_SCAN_BACKEND-1__HLSLPERF_SINGLE_PASS_GROUPS-256__HLSLPERF_SINGLE_PASS_ITEMS_SCALE-4__HLSLPERF_VECTOR_WIDTH-4__HLSLPERF_WAVE_SIZE-64",true,true,true,"",,,,,,,,4,1.8521,1.978,0.0303,6794.0455,1.1048,"HLSLPERF_CROWD_BACKEND=2;HLSLPERF_CROWD_TILE_BINS=512;HLSLPERF_CROWD_TILE_REPLICAS=2;HLSLPERF_CROWD_TILE_SIZE=16;HLSLPERF_ELEMENTS_PER_THREAD=4;HLSLPERF_GROUP_SIZE=256;HLSLPERF_SCAN_BACKEND=1;HLSLPERF_SINGLE_PASS_GROUPS=256;HLSLPERF_SINGLE_PASS_ITEMS_SCALE=4;HLSLPERF_VECTOR_WIDTH=4;HLSLPERF_WAVE_SIZE=64","1.8414;1.8501;1.8419;1.8649;1.8381;1.8703;1.841;1.9468;1.8521;1.9974;1.9587",""
"HLSLPERF_CROWD_BACKEND-2__HLSLPERF_CROWD_TILE_BINS-512__HLSLPERF_CROWD_TILE_REPLICAS-1__HLSLPERF_CROWD_TILE_SIZE-16__HLSLPERF_ELEMENTS_PER_THREAD-2__HLSLPERF_GROUP_SIZE-512__HLSLPERF_SCAN_BACKEND-1__HLSLPERF_SINGLE_PASS_GROUPS-128__HLSLPERF_SINGLE_PASS_ITEMS_SCALE-2__HLSLPERF_VECTOR_WIDTH-1__HLSLPERF_WAVE_SIZE-32",true,true,true,"",,,,,,,,4,1.8616,1.9591,0.0242,6759.3373,1.0991,"HLSLPERF_CROWD_BACKEND=2;HLSLPERF_CROWD_TILE_BINS=512;HLSLPERF_CROWD_TILE_REPLICAS=1;HLSLPERF_CROWD_TILE_SIZE=16;HLSLPERF_ELEMENTS_PER_THREAD=2;HLSLPERF_GROUP_SIZE=512;HLSLPERF_SCAN_BACKEND=1;HLSLPERF_SINGLE_PASS_GROUPS=128;HLSLPERF_SINGLE_PASS_ITEMS_SCALE=2;HLSLPERF_VECTOR_WIDTH=1;HLSLPERF_WAVE_SIZE=32","1.8627;1.8664;1.8516;1.9263;1.8465;1.8513;1.9919;1.8652;1.8456;1.8616;1.8448",""
"HLSLPERF_CROWD_BACKEND-2__HLSLPERF_CROWD_TILE_BINS-512__HLSLPERF_CROWD_TILE_REPLICAS-2__HLSLPERF_CROWD_TILE_SIZE-16__HLSLPERF_ELEMENTS_PER_THREAD-2__HLSLPERF_GROUP_SIZE-512__HLSLPERF_SCAN_BACKEND-1__HLSLPERF_SINGLE_PASS_GROUPS-128__HLSLPERF_SINGLE_PASS_ITEMS_SCALE-2__HLSLPERF_VECTOR_WIDTH-1__HLSLPERF_WAVE_SIZE-32",true,true,true,"",,,,,,,,4,1.8584,1.9517,0.0253,6770.9037,1.101,"HLSLPERF_CROWD_BACKEND=2;HLSLPERF_CROWD_TILE_BINS=512;HLSLPERF_CROWD_TILE_REPLICAS=2;HLSLPERF_CROWD_TILE_SIZE=16;HLSLPERF_ELEMENTS_PER_THREAD=2;HLSLPERF_GROUP_SIZE=512;HLSLPERF_SCAN_BACKEND=1;HLSLPERF_SINGLE_PASS_GROUPS=128;HLSLPERF_SINGLE_PASS_ITEMS_SCALE=2;HLSLPERF_VECTOR_WIDTH=1;HLSLPERF_WAVE_SIZE=32","2.0165;1.8572;1.8504;1.8581;1.858;1.8774;1.8584;1.8672;1.8572;1.8868;1.8602",""
"HLSLPERF_CROWD_BACKEND-2__HLSLPERF_CROWD_TILE_BINS-512__HLSLPERF_CROWD_TILE_REPLICAS-1__HLSLPERF_CROWD_TILE_SIZE-16__HLSLPERF_ELEMENTS_PER_THREAD-2__HLSLPERF_GROUP_SIZE-512__HLSLPERF_SCAN_BACKEND-1__HLSLPERF_SINGLE_PASS_GROUPS-256__HLSLPERF_SINGLE_PASS_ITEMS_SCALE-2__HLSLPERF_VECTOR_WIDTH-1__HLSLPERF_WAVE_SIZE-32",true,true,true,"",,,,,,,,4,2.1071,2.2875,0.045,5971.5879,0.971,"HLSLPERF_CROWD_BACKEND=2;HLSLPERF_CROWD_TILE_BINS=512;HLSLPERF_CROWD_TILE_REPLICAS=1;HLSLPERF_CROWD_TILE_SIZE=16;HLSLPERF_ELEMENTS_PER_THREAD=2;HLSLPERF_GROUP_SIZE=512;HLSLPERF_SCAN_BACKEND=1;HLSLPERF_SINGLE_PASS_GROUPS=256;HLSLPERF_SINGLE_PASS_ITEMS_SCALE=2;HLSLPERF_VECTOR_WIDTH=1;HLSLPERF_WAVE_SIZE=32","2.0554;2.0898;2.071;2.1039;2.0736;2.1071;2.1716;2.1524;2.1353;2.4034;2.1691",""
"HLSLPERF_CROWD_BACKEND-2__HLSLPERF_CROWD_TILE_BINS-512__HLSLPERF_CROWD_TILE_REPLICAS-2__HLSLPERF_CROWD_TILE_SIZE-16__HLSLPERF_ELEMENTS_PER_THREAD-2__HLSLPERF_GROUP_SIZE-512__HLSLPERF_SCAN_BACKEND-1__HLSLPERF_SINGLE_PASS_GROUPS-256__HLSLPERF_SINGLE_PASS_ITEMS_SCALE-2__HLSLPERF_VECTOR_WIDTH-1__HLSLPERF_WAVE_SIZE-32",true,true,false,"",,,,,,,,4,2.2363,2.5177,0.074,5626.7158,0.9149,"HLSLPERF_CROWD_BACKEND=2;HLSLPERF_CROWD_TILE_BINS=512;HLSLPERF_CROWD_TILE_REPLICAS=2;HLSLPERF_CROWD_TILE_SIZE=16;HLSLPERF_ELEMENTS_PER_THREAD=2;HLSLPERF_GROUP_SIZE=512;HLSLPERF_SCAN_BACKEND=1;HLSLPERF_SINGLE_PASS_GROUPS=256;HLSLPERF_SINGLE_PASS_ITEMS_SCALE=2;HLSLPERF_VECTOR_WIDTH=1;HLSLPERF_WAVE_SIZE=32","2.3464;2.1378;2.2454;2.3571;2.1596;2.089;2.6783;2.2937;2.1179;2.1567;2.2363",""
"HLSLPERF_CROWD_BACKEND-2__HLSLPERF_CROWD_TILE_BINS-512__HLSLPERF_CROWD_TILE_REPLICAS-1__HLSLPERF_CROWD_TILE_SIZE-16__HLSLPERF_ELEMENTS_PER_THREAD-2__HLSLPERF_GROUP_SIZE-512__HLSLPERF_SCAN_BACKEND-1__HLSLPERF_SINGLE_PASS_GROUPS-128__HLSLPERF_SINGLE_PASS_ITEMS_SCALE-4__HLSLPERF_VECTOR_WIDTH-1__HLSLPERF_WAVE_SIZE-32",true,true,true,"",,,,,,,,4,1.8024,1.8927,0.0226,6981.3533,1.1352,"HLSLPERF_CROWD_BACKEND=2;HLSLPERF_CROWD_TILE_BINS=512;HLSLPERF_CROWD_TILE_REPLICAS=1;HLSLPERF_CROWD_TILE_SIZE=16;HLSLPERF_ELEMENTS_PER_THREAD=2;HLSLPERF_GROUP_SIZE=512;HLSLPERF_SCAN_BACKEND=1;HLSLPERF_SINGLE_PASS_GROUPS=128;HLSLPERF_SINGLE_PASS_ITEMS_SCALE=4;HLSLPERF_VECTOR_WIDTH=1;HLSLPERF_WAVE_SIZE=32","1.825;1.7861;1.7938;1.7909;1.8305;1.79;1.8075;1.8629;1.8024;1.8007;1.9225",""
"HLSLPERF_CROWD_BACKEND-2__HLSLPERF_CROWD_TILE_BINS-512__HLSLPERF_CROWD_TILE_REPLICAS-2__HLSLPERF_CROWD_TILE_SIZE-16__HLSLPERF_ELEMENTS_PER_THREAD-2__HLSLPERF_GROUP_SIZE-512__HLSLPERF_SCAN_BACKEND-1__HLSLPERF_SINGLE_PASS_GROUPS-128__HLSLPERF_SINGLE_PASS_ITEMS_SCALE-4__HLSLPERF_VECTOR_WIDTH-1__HLSLPERF_WAVE_SIZE-32",true,true,true,"",,,,,,,,4,1.81,1.9158,0.0252,6951.8083,1.1304,"HLSLPERF_CROWD_BACKEND=2;HLSLPERF_CROWD_TILE_BINS=512;HLSLPERF_CROWD_TILE_REPLICAS=2;HLSLPERF_CROWD_TILE_SIZE=16;HLSLPERF_ELEMENTS_PER_THREAD=2;HLSLPERF_GROUP_SIZE=512;HLSLPERF_SCAN_BACKEND=1;HLSLPERF_SINGLE_PASS_GROUPS=128;HLSLPERF_SINGLE_PASS_ITEMS_SCALE=4;HLSLPERF_VECTOR_WIDTH=1;HLSLPERF_WAVE_SIZE=32","1.8099;1.8372;1.81;1.796;1.8995;1.8829;1.8075;1.8442;1.932;1.8071;1.7979",""
"HLSLPERF_CROWD_BACKEND-2__HLSLPERF_CROWD_TILE_BINS-512__HLSLPERF_CROWD_TILE_REPLICAS-1__HLSLPERF_CROWD_TILE_SIZE-16__HLSLPERF_ELEMENTS_PER_THREAD-2__HLSLPERF_GROUP_SIZE-512__HLSLPERF_SCAN_BACKEND-1__HLSLPERF_SINGLE_PASS_GROUPS-256__HLSLPERF_SINGLE_PASS_ITEMS_SCALE-4__HLSLPERF_VECTOR_WIDTH-1__HLSLPERF_WAVE_SIZE-32",true,true,true,"",,,,,,,,4,1.9734,2.0962,0.0294,6376.2926,1.0368,"HLSLPERF_CROWD_BACKEND=2;HLSLPERF_CROWD_TILE_BINS=512;HLSLPERF_CROWD_TILE_REPLICAS=1;HLSLPERF_CROWD_TILE_SIZE=16;HLSLPERF_ELEMENTS_PER_THREAD=2;HLSLPERF_GROUP_SIZE=512;HLSLPERF_SCAN_BACKEND=1;HLSLPERF_SINGLE_PASS_GROUPS=256;HLSLPERF_SINGLE_PASS_ITEMS_SCALE=4;HLSLPERF_VECTOR_WIDTH=1;HLSLPERF_WAVE_SIZE=32","1.9591;2.0458;1.9738;2.1467;1.9734;1.9547;1.9482;1.9727;1.9852;1.9807;1.9501",""
"HLSLPERF_CROWD_BACKEND-2__HLSLPERF_CROWD_TILE_BINS-512__HLSLPERF_CROWD_TILE_REPLICAS-2__HLSLPERF_CROWD_TILE_SIZE-16__HLSLPERF_ELEMENTS_PER_THREAD-2__HLSLPERF_GROUP_SIZE-512__HLSLPERF_SCAN_BACKEND-1__HLSLPERF_SINGLE_PASS_GROUPS-256__HLSLPERF_SINGLE_PASS_ITEMS_SCALE-4__HLSLPERF_VECTOR_WIDTH-1__HLSLPERF_WAVE_SIZE-32",true,true,true,"",,,,,,,,4,2.0433,2.1969,0.039,6158.0722,1.0013,"HLSLPERF_CROWD_BACKEND=2;HLSLPERF_CROWD_TILE_BINS=512;HLSLPERF_CROWD_TILE_REPLICAS=2;HLSLPERF_CROWD_TILE_SIZE=16;HLSLPERF_ELEMENTS_PER_THREAD=2;HLSLPERF_GROUP_SIZE=512;HLSLPERF_SCAN_BACKEND=1;HLSLPERF_SINGLE_PASS_GROUPS=256;HLSLPERF_SINGLE_PASS_ITEMS_SCALE=4;HLSLPERF_VECTOR_WIDTH=1;HLSLPERF_WAVE_SIZE=32","2.0994;1.9946;2.0433;2.2126;2.0242;1.983;2.1813;2.0442;1.9992;1.9953;2.1341",""
"HLSLPERF_CROWD_BACKEND-2__HLSLPERF_CROWD_TILE_BINS-512__HLSLPERF_CROWD_TILE_REPLICAS-1__HLSLPERF_CROWD_TILE_SIZE-16__HLSLPERF_ELEMENTS_PER_THREAD-2__HLSLPERF_GROUP_SIZE-512__HLSLPERF_SCAN_BACKEND-1__HLSLPERF_SINGLE_PASS_GROUPS-128__HLSLPERF_SINGLE_PASS_ITEMS_SCALE-2__HLSLPERF_VECTOR_WIDTH-1__HLSLPERF_WAVE_SIZE-64",true,true,false,"",,,,,,,,4,2.0359,2.3661,0.0667,6180.4854,1.005,"HLSLPERF_CROWD_BACKEND=2;HLSLPERF_CROWD_TILE_BINS=512;HLSLPERF_CROWD_TILE_REPLICAS=1;HLSLPERF_CROWD_TILE_SIZE=16;HLSLPERF_ELEMENTS_PER_THREAD=2;HLSLPERF_GROUP_SIZE=512;HLSLPERF_SCAN_BACKEND=1;HLSLPERF_SINGLE_PASS_GROUPS=128;HLSLPERF_SINGLE_PASS_ITEMS_SCALE=2;HLSLPERF_VECTOR_WIDTH=1;HLSLPERF_WAVE_SIZE=64","2.4414;2.0359;2.1338;2.2908;2.0203;2.0493;2.0279;2.044;2.0184;2.0267;2.0066",""
"HLSLPERF_CROWD_BACKEND-2__HLSLPERF_CROWD_TILE_BINS-512__HLSLPERF_CROWD_TILE_REPLICAS-2__HLSLPERF_CROWD_TILE_SIZE-16__HLSLPERF_ELEMENTS_PER_THREAD-2__HLSLPERF_GROUP_SIZE-512__HLSLPERF_SCAN_BACKEND-1__HLSLPERF_SINGLE_PASS_GROUPS-128__HLSLPERF_SINGLE_PASS_ITEMS_SCALE-2__HLSLPERF_VECTOR_WIDTH-1__HLSLPERF_WAVE_SIZE-64",true,true,false,"",,,,,,,,4,2.1214,2.3852,0.0605,5931.5587,0.9645,"HLSLPERF_CROWD_BACKEND=2;HLSLPERF_CROWD_TILE_BINS=512;HLSLPERF_CROWD_TILE_REPLICAS=2;HLSLPERF_CROWD_TILE_SIZE=16;HLSLPERF_ELEMENTS_PER_THREAD=2;HLSLPERF_GROUP_SIZE=512;HLSLPERF_SCAN_BACKEND=1;HLSLPERF_SINGLE_PASS_GROUPS=128;HLSLPERF_SINGLE_PASS_ITEMS_SCALE=2;HLSLPERF_VECTOR_WIDTH=1;HLSLPERF_WAVE_SIZE=64","2.3568;2.097;2.1214;2.37;2.0951;2.0618;2.2178;2.0997;2.1151;2.4004;2.3449",""
"HLSLPERF_CROWD_BACKEND-2__HLSLPERF_CROWD_TILE_BINS-512__HLSLPERF_CROWD_TILE_REPLICAS-1__HLSLPERF_CROWD_TILE_SIZE-16__HLSLPERF_ELEMENTS_PER_THREAD-2__HLSLPERF_GROUP_SIZE-512__HLSLPERF_SCAN_BACKEND-1__HLSLPERF_SINGLE_PASS_GROUPS-256__HLSLPERF_SINGLE_PASS_ITEMS_SCALE-2__HLSLPERF_VECTOR_WIDTH-1__HLSLPERF_WAVE_SIZE-64",true,true,true,"",,,,,,,,4,1.82,1.9393,0.0337,6913.7639,1.1242,"HLSLPERF_CROWD_BACKEND=2;HLSLPERF_CROWD_TILE_BINS=512;HLSLPERF_CROWD_TILE_REPLICAS=1;HLSLPERF_CROWD_TILE_SIZE=16;HLSLPERF_ELEMENTS_PER_THREAD=2;HLSLPERF_GROUP_SIZE=512;HLSLPERF_SCAN_BACKEND=1;HLSLPERF_SINGLE_PASS_GROUPS=256;HLSLPERF_SINGLE_PASS_ITEMS_SCALE=2;HLSLPERF_VECTOR_WIDTH=1;HLSLPERF_WAVE_SIZE=64","1.8326;1.8641;1.8288;1.8089;2.0146;1.8032;1.8247;1.8017;1.8056;1.82;1.7995",""
"HLSLPERF_CROWD_BACKEND-2__HLSLPERF_CROWD_TILE_BINS-512__HLSLPERF_CROWD_TILE_REPLICAS-2__HLSLPERF_CROWD_TILE_SIZE-16__HLSLPERF_ELEMENTS_PER_THREAD-2__HLSLPERF_GROUP_SIZE-512__HLSLPERF_SCAN_BACKEND-1__HLSLPERF_SINGLE_PASS_GROUPS-256__HLSLPERF_SINGLE_PASS_ITEMS_SCALE-2__HLSLPERF_VECTOR_WIDTH-1__HLSLPERF_WAVE_SIZE-64",true,true,true,"",,,,,,,,4,1.807,1.936,0.0289,6963.4267,1.1323,"HLSLPERF_CROWD_BACKEND=2;HLSLPERF_CROWD_TILE_BINS=512;HLSLPERF_CROWD_TILE_REPLICAS=2;HLSLPERF_CROWD_TILE_SIZE=16;HLSLPERF_ELEMENTS_PER_THREAD=2;HLSLPERF_GROUP_SIZE=512;HLSLPERF_SCAN_BACKEND=1;HLSLPERF_SINGLE_PASS_GROUPS=256;HLSLPERF_SINGLE_PASS_ITEMS_SCALE=2;HLSLPERF_VECTOR_WIDTH=1;HLSLPERF_WAVE_SIZE=64","1.807;1.9338;1.9382;1.8042;1.8001;1.8259;1.797;1.8262;1.7989;1.8232;1.7936",""
"HLSLPERF_CROWD_BACKEND-2__HLSLPERF_CROWD_TILE_BINS-512__HLSLPERF_CROWD_TILE_REPLICAS-1__HLSLPERF_CROWD_TILE_SIZE-16__HLSLPERF_ELEMENTS_PER_THREAD-2__HLSLPERF_GROUP_SIZE-512__HLSLPERF_SCAN_BACKEND-1__HLSLPERF_SINGLE_PASS_GROUPS-128__HLSLPERF_SINGLE_PASS_ITEMS_SCALE-4__HLSLPERF_VECTOR_WIDTH-1__HLSLPERF_WAVE_SIZE-64",true,true,true,"",,,,,,,,4,1.9992,2.0562,0.0195,6294.068,1.0235,"HLSLPERF_CROWD_BACKEND=2;HLSLPERF_CROWD_TILE_BINS=512;HLSLPERF_CROWD_TILE_REPLICAS=1;HLSLPERF_CROWD_TILE_SIZE=16;HLSLPERF_ELEMENTS_PER_THREAD=2;HLSLPERF_GROUP_SIZE=512;HLSLPERF_SCAN_BACKEND=1;HLSLPERF_SINGLE_PASS_GROUPS=128;HLSLPERF_SINGLE_PASS_ITEMS_SCALE=4;HLSLPERF_VECTOR_WIDTH=1;HLSLPERF_WAVE_SIZE=64","2.0469;1.9562;2.0308;1.9526;2.0145;1.965;2.0655;1.9597;1.9882;1.9992;2.0181",""
"HLSLPERF_CROWD_BACKEND-2__HLSLPERF_CROWD_TILE_BINS-512__HLSLPERF_CROWD_TILE_REPLICAS-2__HLSLPERF_CROWD_TILE_SIZE-16__HLSLPERF_ELEMENTS_PER_THREAD-2__HLSLPERF_GROUP_SIZE-512__HLSLPERF_SCAN_BACKEND-1__HLSLPERF_SINGLE_PASS_GROUPS-128__HLSLPERF_SINGLE_PASS_ITEMS_SCALE-4__HLSLPERF_VECTOR_WIDTH-1__HLSLPERF_WAVE_SIZE-64",true,true,true,"",,,,,,,,4,1.9906,2.1153,0.0317,6321.1972,1.0279,"HLSLPERF_CROWD_BACKEND=2;HLSLPERF_CROWD_TILE_BINS=512;HLSLPERF_CROWD_TILE_REPLICAS=2;HLSLPERF_CROWD_TILE_SIZE=16;HLSLPERF_ELEMENTS_PER_THREAD=2;HLSLPERF_GROUP_SIZE=512;HLSLPERF_SCAN_BACKEND=1;HLSLPERF_SINGLE_PASS_GROUPS=128;HLSLPERF_SINGLE_PASS_ITEMS_SCALE=4;HLSLPERF_VECTOR_WIDTH=1;HLSLPERF_WAVE_SIZE=64","2.1852;1.9906;2.0453;1.9725;1.9928;1.9709;2.0101;1.9869;1.9791;1.9547;2.0344",""
"HLSLPERF_CROWD_BACKEND-2__HLSLPERF_CROWD_TILE_BINS-512__HLSLPERF_CROWD_TILE_REPLICAS-1__HLSLPERF_CROWD_TILE_SIZE-16__HLSLPERF_ELEMENTS_PER_THREAD-2__HLSLPERF_GROUP_SIZE-512__HLSLPERF_SCAN_BACKEND-1__HLSLPERF_SINGLE_PASS_GROUPS-256__HLSLPERF_SINGLE_PASS_ITEMS_SCALE-4__HLSLPERF_VECTOR_WIDTH-1__HLSLPERF_WAVE_SIZE-64",true,true,true,"",,,,,,,,4,1.813,1.8528,0.0122,6940.4965,1.1286,"HLSLPERF_CROWD_BACKEND=2;HLSLPERF_CROWD_TILE_BINS=512;HLSLPERF_CROWD_TILE_REPLICAS=1;HLSLPERF_CROWD_TILE_SIZE=16;HLSLPERF_ELEMENTS_PER_THREAD=2;HLSLPERF_GROUP_SIZE=512;HLSLPERF_SCAN_BACKEND=1;HLSLPERF_SINGLE_PASS_GROUPS=256;HLSLPERF_SINGLE_PASS_ITEMS_SCALE=4;HLSLPERF_VECTOR_WIDTH=1;HLSLPERF_WAVE_SIZE=64","1.8002;1.8161;1.7993;1.813;1.8027;1.8295;1.8016;1.8209;1.876;1.818;1.8021",""
"HLSLPERF_CROWD_BACKEND-2__HLSLPERF_CROWD_TILE_BINS-512__HLSLPERF_CROWD_TILE_REPLICAS-2__HLSLPERF_CROWD_TILE_SIZE-16__HLSLPERF_ELEMENTS_PER_THREAD-2__HLSLPERF_GROUP_SIZE-512__HLSLPERF_SCAN_BACKEND-1__HLSLPERF_SINGLE_PASS_GROUPS-256__HLSLPERF_SINGLE_PASS_ITEMS_SCALE-4__HLSLPERF_VECTOR_WIDTH-1__HLSLPERF_WAVE_SIZE-64",true,true,true,"",,,,,,,,4,1.8157,1.9072,0.0223,6930.252,1.1269,"HLSLPERF_CROWD_BACKEND=2;HLSLPERF_CROWD_TILE_BINS=512;HLSLPERF_CROWD_TILE_REPLICAS=2;HLSLPERF_CROWD_TILE_SIZE=16;HLSLPERF_ELEMENTS_PER_THREAD=2;HLSLPERF_GROUP_SIZE=512;HLSLPERF_SCAN_BACKEND=1;HLSLPERF_SINGLE_PASS_GROUPS=256;HLSLPERF_SINGLE_PASS_ITEMS_SCALE=4;HLSLPERF_VECTOR_WIDTH=1;HLSLPERF_WAVE_SIZE=64","1.8262;1.8005;1.8268;1.8009;1.9009;1.8051;1.8157;1.9135;1.8157;1.7953;1.8029",""
"HLSLPERF_CROWD_BACKEND-2__HLSLPERF_CROWD_TILE_BINS-512__HLSLPERF_CROWD_TILE_REPLICAS-1__HLSLPERF_CROWD_TILE_SIZE-16__HLSLPERF_ELEMENTS_PER_THREAD-4__HLSLPERF_GROUP_SIZE-512__HLSLPERF_SCAN_BACKEND-1__HLSLPERF_SINGLE_PASS_GROUPS-128__HLSLPERF_SINGLE_PASS_ITEMS_SCALE-2__HLSLPERF_VECTOR_WIDTH-1__HLSLPERF_WAVE_SIZE-32",true,true,true,"",,,,,,,,4,1.8348,1.9082,0.0229,6857.8828,1.1151,"HLSLPERF_CROWD_BACKEND=2;HLSLPERF_CROWD_TILE_BINS=512;HLSLPERF_CROWD_TILE_REPLICAS=1;HLSLPERF_CROWD_TILE_SIZE=16;HLSLPERF_ELEMENTS_PER_THREAD=4;HLSLPERF_GROUP_SIZE=512;HLSLPERF_SCAN_BACKEND=1;HLSLPERF_SINGLE_PASS_GROUPS=128;HLSLPERF_SINGLE_PASS_ITEMS_SCALE=2;HLSLPERF_VECTOR_WIDTH=1;HLSLPERF_WAVE_SIZE=32","1.8519;1.9634;1.8348;1.8166;1.8531;1.8184;1.8409;1.821;1.8182;1.8415;1.8182",""
"HLSLPERF_CROWD_BACKEND-2__HLSLPERF_CROWD_TILE_BINS-512__HLSLPERF_CROWD_TILE_REPLICAS-2__HLSLPERF_CROWD_TILE_SIZE-16__HLSLPERF_ELEMENTS_PER_THREAD-4__HLSLPERF_GROUP_SIZE-512__HLSLPERF_SCAN_BACKEND-1__HLSLPERF_SINGLE_PASS_GROUPS-128__HLSLPERF_SINGLE_PASS_ITEMS_SCALE-2__HLSLPERF_VECTOR_WIDTH-1__HLSLPERF_WAVE_SIZE-32",true,true,true,"",,,,,,,,4,1.8286,1.8658,0.0113,6881.2854,1.1189,"HLSLPERF_CROWD_BACKEND=2;HLSLPERF_CROWD_TILE_BINS=512;HLSLPERF_CROWD_TILE_REPLICAS=2;HLSLPERF_CROWD_TILE_SIZE=16;HLSLPERF_ELEMENTS_PER_THREAD=4;HLSLPERF_GROUP_SIZE=512;HLSLPERF_SCAN_BACKEND=1;HLSLPERF_SINGLE_PASS_GROUPS=128;HLSLPERF_SINGLE_PASS_ITEMS_SCALE=2;HLSLPERF_VECTOR_WIDTH=1;HLSLPERF_WAVE_SIZE=32","1.8388;1.8186;1.8347;1.8197;1.819;1.8286;1.8151;1.8433;1.8208;1.8884;1.8292",""
"HLSLPERF_CROWD_BACKEND-2__HLSLPERF_CROWD_TILE_BINS-512__HLSLPERF_CROWD_TILE_REPLICAS-1__HLSLPERF_CROWD_TILE_SIZE-16__HLSLPERF_ELEMENTS_PER_THREAD-4__HLSLPERF_GROUP_SIZE-512__HLSLPERF_SCAN_BACKEND-1__HLSLPERF_SINGLE_PASS_GROUPS-256__HLSLPERF_SINGLE_PASS_ITEMS_SCALE-2__HLSLPERF_VECTOR_WIDTH-1__HLSLPERF_WAVE_SIZE-32",true,true,true,"",,,,,,,,4,2.0306,2.1675,0.0324,6196.6778,1.0076,"HLSLPERF_CROWD_BACKEND=2;HLSLPERF_CROWD_TILE_BINS=512;HLSLPERF_CROWD_TILE_REPLICAS=1;HLSLPERF_CROWD_TILE_SIZE=16;HLSLPERF_ELEMENTS_PER_THREAD=4;HLSLPERF_GROUP_SIZE=512;HLSLPERF_SCAN_BACKEND=1;HLSLPERF_SINGLE_PASS_GROUPS=256;HLSLPERF_SINGLE_PASS_ITEMS_SCALE=2;HLSLPERF_VECTOR_WIDTH=1;HLSLPERF_WAVE_SIZE=32","2.155;2.0143;2.0233;2.0918;2.1074;2.0039;1.9965;2.115;1.9981;2.0306;2.1801",""
"HLSLPERF_CROWD_BACKEND-2__HLSLPERF_CROWD_TILE_BINS-512__HLSLPERF_CROWD_TILE_REPLICAS-2__HLSLPERF_CROWD_TILE_SIZE-16__HLSLPERF_ELEMENTS_PER_THREAD-4__HLSLPERF_GROUP_SIZE-512__HLSLPERF_SCAN_BACKEND-1__HLSLPERF_SINGLE_PASS_GROUPS-256__HLSLPERF_SINGLE_PASS_ITEMS_SCALE-2__HLSLPERF_VECTOR_WIDTH-1__HLSLPERF_WAVE_SIZE-32",true,true,true,"",,,,,,,,4,2.0331,2.2279,0.0454,6189.1798,1.0064,"HLSLPERF_CROWD_BACKEND=2;HLSLPERF_CROWD_TILE_BINS=512;HLSLPERF_CROWD_TILE_REPLICAS=2;HLSLPERF_CROWD_TILE_SIZE=16;HLSLPERF_ELEMENTS_PER_THREAD=4;HLSLPERF_GROUP_SIZE=512;HLSLPERF_SCAN_BACKEND=1;HLSLPERF_SINGLE_PASS_GROUPS=256;HLSLPERF_SINGLE_PASS_ITEMS_SCALE=2;HLSLPERF_VECTOR_WIDTH=1;HLSLPERF_WAVE_SIZE=32","1.9823;2.2672;2.0331;2.0382;2.1432;1.9833;2.0213;2.0105;2.1887;2.0349;1.9984",""
"HLSLPERF_CROWD_BACKEND-2__HLSLPERF_CROWD_TILE_BINS-512__HLSLPERF_CROWD_TILE_REPLICAS-1__HLSLPERF_CROWD_TILE_SIZE-16__HLSLPERF_ELEMENTS_PER_THREAD-4__HLSLPERF_GROUP_SIZE-512__HLSLPERF_SCAN_BACKEND-1__HLSLPERF_SINGLE_PASS_GROUPS-128__HLSLPERF_SINGLE_PASS_ITEMS_SCALE-4__HLSLPERF_VECTOR_WIDTH-1__HLSLPERF_WAVE_SIZE-32",true,true,true,"",,,,,,,,4,1.8487,1.9429,0.0243,6806.3201,1.1068,"HLSLPERF_CROWD_BACKEND=2;HLSLPERF_CROWD_TILE_BINS=512;HLSLPERF_CROWD_TILE_REPLICAS=1;HLSLPERF_CROWD_TILE_SIZE=16;HLSLPERF_ELEMENTS_PER_THREAD=4;HLSLPERF_GROUP_SIZE=512;HLSLPERF_SCAN_BACKEND=1;HLSLPERF_SINGLE_PASS_GROUPS=128;HLSLPERF_SINGLE_PASS_ITEMS_SCALE=4;HLSLPERF_VECTOR_WIDTH=1;HLSLPERF_WAVE_SIZE=32","1.8352;1.8627;1.8346;1.867;1.8347;1.8423;1.8976;1.8378;1.8487;1.9881;1.8605",""
"HLSLPERF_CROWD_BACKEND-2__HLSLPERF_CROWD_TILE_BINS-512__HLSLPERF_CROWD_TILE_REPLICAS-2__HLSLPERF_CROWD_TILE_SIZE-16__HLSLPERF_ELEMENTS_PER_THREAD-4__HLSLPERF_GROUP_SIZE-512__HLSLPERF_SCAN_BACKEND-1__HLSLPERF_SINGLE_PASS_GROUPS-128__HLSLPERF_SINGLE_PASS_ITEMS_SCALE-4__HLSLPERF_VECTOR_WIDTH-1__HLSLPERF_WAVE_SIZE-32",true,true,true,"",,,,,,,,4,1.8489,1.9837,0.0322,6805.4734,1.1066,"HLSLPERF_CROWD_BACKEND=2;HLSLPERF_CROWD_TILE_BINS=512;HLSLPERF_CROWD_TILE_REPLICAS=2;HLSLPERF_CROWD_TILE_SIZE=16;HLSLPERF_ELEMENTS_PER_THREAD=4;HLSLPERF_GROUP_SIZE=512;HLSLPERF_SCAN_BACKEND=1;HLSLPERF_SINGLE_PASS_GROUPS=128;HLSLPERF_SINGLE_PASS_ITEMS_SCALE=4;HLSLPERF_VECTOR_WIDTH=1;HLSLPERF_WAVE_SIZE=32","1.8386;1.858;1.9316;1.8767;1.844;1.8473;2.0359;1.8376;1.8519;1.8382;1.8489",""
"HLSLPERF_CROWD_BACKEND-2__HLSLPERF_CROWD_TILE_BINS-512__HLSLPERF_CROWD_TILE_REPLICAS-1__HLSLPERF_CROWD_TILE_SIZE-16__HLSLPERF_ELEMENTS_PER_THREAD-4__HLSLPERF_GROUP_SIZE-512__HLSLPERF_SCAN_BACKEND-1__HLSLPERF_SINGLE_PASS_GROUPS-256__HLSLPERF_SINGLE_PASS_ITEMS_SCALE-4__HLSLPERF_VECTOR_WIDTH-1__HLSLPERF_WAVE_SIZE-32",true,true,true,"",,,,,,,,4,1.8496,1.9287,0.0214,6803.045,1.1062,"HLSLPERF_CROWD_BACKEND=2;HLSLPERF_CROWD_TILE_BINS=512;HLSLPERF_CROWD_TILE_REPLICAS=1;HLSLPERF_CROWD_TILE_SIZE=16;HLSLPERF_ELEMENTS_PER_THREAD=4;HLSLPERF_GROUP_SIZE=512;HLSLPERF_SCAN_BACKEND=1;HLSLPERF_SINGLE_PASS_GROUPS=256;HLSLPERF_SINGLE_PASS_ITEMS_SCALE=4;HLSLPERF_VECTOR_WIDTH=1;HLSLPERF_WAVE_SIZE=32","1.9777;1.8594;1.8381;1.8467;1.8496;1.8369;1.8796;1.8449;1.8752;1.8476;1.8756",""
"HLSLPERF_CROWD_BACKEND-2__HLSLPERF_CROWD_TILE_BINS-512__HLSLPERF_CROWD_TILE_REPLICAS-2__HLSLPERF_CROWD_TILE_SIZE-16__HLSLPERF_ELEMENTS_PER_THREAD-4__HLSLPERF_GROUP_SIZE-512__HLSLPERF_SCAN_BACKEND-1__HLSLPERF_SINGLE_PASS_GROUPS-256__HLSLPERF_SINGLE_PASS_ITEMS_SCALE-4__HLSLPERF_VECTOR_WIDTH-1__HLSLPERF_WAVE_SIZE-32",true,true,true,"",,,,,,,,4,1.8558,1.8832,0.0065,6780.4995,1.1026,"HLSLPERF_CROWD_BACKEND=2;HLSLPERF_CROWD_TILE_BINS=512;HLSLPERF_CROWD_TILE_REPLICAS=2;HLSLPERF_CROWD_TILE_SIZE=16;HLSLPERF_ELEMENTS_PER_THREAD=4;HLSLPERF_GROUP_SIZE=512;HLSLPERF_SCAN_BACKEND=1;HLSLPERF_SINGLE_PASS_GROUPS=256;HLSLPERF_SINGLE_PASS_ITEMS_SCALE=4;HLSLPERF_VECTOR_WIDTH=1;HLSLPERF_WAVE_SIZE=32","1.8484;1.884;1.8558;1.8726;1.8545;1.8823;1.8544;1.8601;1.8549;1.8557;1.8673",""
"HLSLPERF_CROWD_BACKEND-2__HLSLPERF_CROWD_TILE_BINS-512__HLSLPERF_CROWD_TILE_REPLICAS-1__HLSLPERF_CROWD_TILE_SIZE-16__HLSLPERF_ELEMENTS_PER_THREAD-4__HLSLPERF_GROUP_SIZE-512__HLSLPERF_SCAN_BACKEND-1__HLSLPERF_SINGLE_PASS_GROUPS-128__HLSLPERF_SINGLE_PASS_ITEMS_SCALE-2__HLSLPERF_VECTOR_WIDTH-1__HLSLPERF_WAVE_SIZE-64",true,true,true,"",,,,,,,,4,2.0336,2.2489,0.0531,6187.4755,1.0061,"HLSLPERF_CROWD_BACKEND=2;HLSLPERF_CROWD_TILE_BINS=512;HLSLPERF_CROWD_TILE_REPLICAS=1;HLSLPERF_CROWD_TILE_SIZE=16;HLSLPERF_ELEMENTS_PER_THREAD=4;HLSLPERF_GROUP_SIZE=512;HLSLPERF_SCAN_BACKEND=1;HLSLPERF_SINGLE_PASS_GROUPS=128;HLSLPERF_SINGLE_PASS_ITEMS_SCALE=2;HLSLPERF_VECTOR_WIDTH=1;HLSLPERF_WAVE_SIZE=64","2.1887;2.0336;1.9814;2.134;2.3091;1.967;1.9738;2.0337;1.984;2.0773;1.9844",""
"HLSLPERF_CROWD_BACKEND-2__HLSLPERF_CROWD_TILE_BINS-512__HLSLPERF_CROWD_TILE_REPLICAS-2__HLSLPERF_CROWD_TILE_SIZE-16__HLSLPERF_ELEMENTS_PER_THREAD-4__HLSLPERF_GROUP_SIZE-512__HLSLPERF_SCAN_BACKEND-1__HLSLPERF_SINGLE_PASS_GROUPS-128__HLSLPERF_SINGLE_PASS_ITEMS_SCALE-2__HLSLPERF_VECTOR_WIDTH-1__HLSLPERF_WAVE_SIZE-64",true,true,true,"",,,,,,,,4,2.054,2.1322,0.032,6126.1122,0.9961,"HLSLPERF_CROWD_BACKEND=2;HLSLPERF_CROWD_TILE_BINS=512;HLSLPERF_CROWD_TILE_REPLICAS=2;HLSLPERF_CROWD_TILE_SIZE=16;HLSLPERF_ELEMENTS_PER_THREAD=4;HLSLPERF_GROUP_SIZE=512;HLSLPERF_SCAN_BACKEND=1;HLSLPERF_SINGLE_PASS_GROUPS=128;HLSLPERF_SINGLE_PASS_ITEMS_SCALE=2;HLSLPERF_VECTOR_WIDTH=1;HLSLPERF_WAVE_SIZE=64","2.1173;2.1118;2.1343;1.9994;2.1302;1.9719;2.0904;1.9841;2.0538;1.9662;2.054",""
"HLSLPERF_CROWD_BACKEND-2__HLSLPERF_CROWD_TILE_BINS-512__HLSLPERF_CROWD_TILE_REPLICAS-1__HLSLPERF_CROWD_TILE_SIZE-16__HLSLPERF_ELEMENTS_PER_THREAD-4__HLSLPERF_GROUP_SIZE-512__HLSLPERF_SCAN_BACKEND-1__HLSLPERF_SINGLE_PASS_GROUPS-256__HLSLPERF_SINGLE_PASS_ITEMS_SCALE-2__HLSLPERF_VECTOR_WIDTH-1__HLSLPERF_WAVE_SIZE-64",true,true,true,"",,,,,,,,4,1.8668,1.9717,0.0273,6740.2198,1.096,"HLSLPERF_CROWD_BACKEND=2;HLSLPERF_CROWD_TILE_BINS=512;HLSLPERF_CROWD_TILE_REPLICAS=1;HLSLPERF_CROWD_TILE_SIZE=16;HLSLPERF_ELEMENTS_PER_THREAD=4;HLSLPERF_GROUP_SIZE=512;HLSLPERF_SCAN_BACKEND=1;HLSLPERF_SINGLE_PASS_GROUPS=256;HLSLPERF_SINGLE_PASS_ITEMS_SCALE=2;HLSLPERF_VECTOR_WIDTH=1;HLSLPERF_WAVE_SIZE=64","1.9058;2.0376;1.8761;1.8626;1.8755;1.8613;1.8802;1.8636;1.8668;1.8635;1.8656",""
"HLSLPERF_CROWD_BACKEND-2__HLSLPERF_CROWD_TILE_BINS-512__HLSLPERF_CROWD_TILE_REPLICAS-2__HLSLPERF_CROWD_TILE_SIZE-16__HLSLPERF_ELEMENTS_PER_THREAD-4__HLSLPERF_GROUP_SIZE-512__HLSLPERF_SCAN_BACKEND-1__HLSLPERF_SINGLE_PASS_GROUPS-256__HLSLPERF_SINGLE_PASS_ITEMS_SCALE-2__HLSLPERF_VECTOR_WIDTH-1__HLSLPERF_WAVE_SIZE-64",true,true,true,"",,,,,,,,4,1.8674,1.908,0.0112,6738.2707,1.0957,"HLSLPERF_CROWD_BACKEND=2;HLSLPERF_CROWD_TILE_BINS=512;HLSLPERF_CROWD_TILE_REPLICAS=2;HLSLPERF_CROWD_TILE_SIZE=16;HLSLPERF_ELEMENTS_PER_THREAD=4;HLSLPERF_GROUP_SIZE=512;HLSLPERF_SCAN_BACKEND=1;HLSLPERF_SINGLE_PASS_GROUPS=256;HLSLPERF_SINGLE_PASS_ITEMS_SCALE=2;HLSLPERF_VECTOR_WIDTH=1;HLSLPERF_WAVE_SIZE=64","1.8607;1.8566;1.871;1.8589;1.8845;1.8639;1.8795;1.8637;1.8674;1.9315;1.8711",""
"HLSLPERF_CROWD_BACKEND-2__HLSLPERF_CROWD_TILE_BINS-512__HLSLPERF_CROWD_TILE_REPLICAS-1__HLSLPERF_CROWD_TILE_SIZE-16__HLSLPERF_ELEMENTS_PER_THREAD-4__HLSLPERF_GROUP_SIZE-512__HLSLPERF_SCAN_BACKEND-1__HLSLPERF_SINGLE_PASS_GROUPS-128__HLSLPERF_SINGLE_PASS_ITEMS_SCALE-4__HLSLPERF_VECTOR_WIDTH-1__HLSLPERF_WAVE_SIZE-64",true,true,true,"",,,,,,,,4,1.874,1.9646,0.024,6714.3958,1.0918,"HLSLPERF_CROWD_BACKEND=2;HLSLPERF_CROWD_TILE_BINS=512;HLSLPERF_CROWD_TILE_REPLICAS=1;HLSLPERF_CROWD_TILE_SIZE=16;HLSLPERF_ELEMENTS_PER_THREAD=4;HLSLPERF_GROUP_SIZE=512;HLSLPERF_SCAN_BACKEND=1;HLSLPERF_SINGLE_PASS_GROUPS=128;HLSLPERF_SINGLE_PASS_ITEMS_SCALE=4;HLSLPERF_VECTOR_WIDTH=1;HLSLPERF_WAVE_SIZE=64","1.8781;1.8506;1.8673;1.8584;1.872;1.8492;1.8755;1.874;1.8788;1.9207;2.0085",""
"HLSLPERF_CROWD_BACKEND-2__HLSLPERF_CROWD_TILE_BINS-512__HLSLPERF_CROWD_TILE_REPLICAS-2__HLSLPERF_CROWD_TILE_SIZE-16__HLSLPERF_ELEMENTS_PER_THREAD-4__HLSLPERF_GROUP_SIZE-512__HLSLPERF_SCAN_BACKEND-1__HLSLPERF_SINGLE_PASS_GROUPS-128__HLSLPERF_SINGLE_PASS_ITEMS_SCALE-4__HLSLPERF_VECTOR_WIDTH-1__HLSLPERF_WAVE_SIZE-64",true,true,true,"",,,,,,,,4,1.8903,2.0291,0.0353,6656.4279,1.0824,"HLSLPERF_CROWD_BACKEND=2;HLSLPERF_CROWD_TILE_BINS=512;HLSLPERF_CROWD_TILE_REPLICAS=2;HLSLPERF_CROWD_TILE_SIZE=16;HLSLPERF_ELEMENTS_PER_THREAD=4;HLSLPERF_GROUP_SIZE=512;HLSLPERF_SCAN_BACKEND=1;HLSLPERF_SINGLE_PASS_GROUPS=128;HLSLPERF_SINGLE_PASS_ITEMS_SCALE=4;HLSLPERF_VECTOR_WIDTH=1;HLSLPERF_WAVE_SIZE=64","1.9848;1.8742;1.8567;1.9723;1.8712;1.9414;1.8897;2.0035;1.8903;1.8566;2.0546",""
"HLSLPERF_CROWD_BACKEND-2__HLSLPERF_CROWD_TILE_BINS-512__HLSLPERF_CROWD_TILE_REPLICAS-1__HLSLPERF_CROWD_TILE_SIZE-16__HLSLPERF_ELEMENTS_PER_THREAD-4__HLSLPERF_GROUP_SIZE-512__HLSLPERF_SCAN_BACKEND-1__HLSLPERF_SINGLE_PASS_GROUPS-256__HLSLPERF_SINGLE_PASS_ITEMS_SCALE-4__HLSLPERF_VECTOR_WIDTH-1__HLSLPERF_WAVE_SIZE-64",true,true,true,"",,,,,,,,4,1.8601,1.8874,0.0078,6764.7882,1.1,"HLSLPERF_CROWD_BACKEND=2;HLSLPERF_CROWD_TILE_BINS=512;HLSLPERF_CROWD_TILE_REPLICAS=1;HLSLPERF_CROWD_TILE_SIZE=16;HLSLPERF_ELEMENTS_PER_THREAD=4;HLSLPERF_GROUP_SIZE=512;HLSLPERF_SCAN_BACKEND=1;HLSLPERF_SINGLE_PASS_GROUPS=256;HLSLPERF_SINGLE_PASS_ITEMS_SCALE=4;HLSLPERF_VECTOR_WIDTH=1;HLSLPERF_WAVE_SIZE=64","1.854;1.8798;1.8537;1.8867;1.8518;1.8827;1.8601;1.888;1.8579;1.8788;1.8599",""
"HLSLPERF_CROWD_BACKEND-2__HLSLPERF_CROWD_TILE_BINS-512__HLSLPERF_CROWD_TILE_REPLICAS-2__HLSLPERF_CROWD_TILE_SIZE-16__HLSLPERF_ELEMENTS_PER_THREAD-4__HLSLPERF_GROUP_SIZE-512__HLSLPERF_SCAN_BACKEND-1__HLSLPERF_SINGLE_PASS_GROUPS-256__HLSLPERF_SINGLE_PASS_ITEMS_SCALE-4__HLSLPERF_VECTOR_WIDTH-1__HLSLPERF_WAVE_SIZE-64",true,true,true,"",,,,,,,,4,1.8732,1.9392,0.0196,6717.3709,1.0923,"HLSLPERF_CROWD_BACKEND=2;HLSLPERF_CROWD_TILE_BINS=512;HLSLPERF_CROWD_TILE_REPLICAS=2;HLSLPERF_CROWD_TILE_SIZE=16;HLSLPERF_ELEMENTS_PER_THREAD=4;HLSLPERF_GROUP_SIZE=512;HLSLPERF_SCAN_BACKEND=1;HLSLPERF_SINGLE_PASS_GROUPS=256;HLSLPERF_SINGLE_PASS_ITEMS_SCALE=4;HLSLPERF_VECTOR_WIDTH=1;HLSLPERF_WAVE_SIZE=64","1.853;1.8806;1.8553;1.8856;1.8539;1.8732;1.8538;1.8921;1.8607;1.8988;1.9795",""
"HLSLPERF_CROWD_BACKEND-2__HLSLPERF_CROWD_TILE_BINS-512__HLSLPERF_CROWD_TILE_REPLICAS-1__HLSLPERF_CROWD_TILE_SIZE-16__HLSLPERF_ELEMENTS_PER_THREAD-4__HLSLPERF_GROUP_SIZE-512__HLSLPERF_SCAN_BACKEND-1__HLSLPERF_SINGLE_PASS_GROUPS-128__HLSLPERF_SINGLE_PASS_ITEMS_SCALE-2__HLSLPERF_VECTOR_WIDTH-4__HLSLPERF_WAVE_SIZE-32",true,true,true,"",,,,,,,,4,1.8372,1.9832,0.0371,6849.1106,1.1137,"HLSLPERF_CROWD_BACKEND=2;HLSLPERF_CROWD_TILE_BINS=512;HLSLPERF_CROWD_TILE_REPLICAS=1;HLSLPERF_CROWD_TILE_SIZE=16;HLSLPERF_ELEMENTS_PER_THREAD=4;HLSLPERF_GROUP_SIZE=512;HLSLPERF_SCAN_BACKEND=1;HLSLPERF_SINGLE_PASS_GROUPS=128;HLSLPERF_SINGLE_PASS_ITEMS_SCALE=2;HLSLPERF_VECTOR_WIDTH=4;HLSLPERF_WAVE_SIZE=32","1.834;1.8987;1.8331;1.8372;2.0677;1.8367;1.8477;1.8354;1.8572;1.8316;1.8673",""
"HLSLPERF_CROWD_BACKEND-2__HLSLPERF_CROWD_TILE_BINS-512__HLSLPERF_CROWD_TILE_REPLICAS-2__HLSLPERF_CROWD_TILE_SIZE-16__HLSLPERF_ELEMENTS_PER_THREAD-4__HLSLPERF_GROUP_SIZE-512__HLSLPERF_SCAN_BACKEND-1__HLSLPERF_SINGLE_PASS_GROUPS-128__HLSLPERF_SINGLE_PASS_ITEMS_SCALE-2__HLSLPERF_VECTOR_WIDTH-4__HLSLPERF_WAVE_SIZE-32",true,true,true,"",,,,,,,,4,1.8431,1.8651,0.0065,6826.963,1.1101,"HLSLPERF_CROWD_BACKEND=2;HLSLPERF_CROWD_TILE_BINS=512;HLSLPERF_CROWD_TILE_REPLICAS=2;HLSLPERF_CROWD_TILE_SIZE=16;HLSLPERF_ELEMENTS_PER_THREAD=4;HLSLPERF_GROUP_SIZE=512;HLSLPERF_SCAN_BACKEND=1;HLSLPERF_SINGLE_PASS_GROUPS=128;HLSLPERF_SINGLE_PASS_ITEMS_SCALE=2;HLSLPERF_VECTOR_WIDTH=4;HLSLPERF_WAVE_SIZE=32","1.8346;1.8667;1.8347;1.8634;1.8368;1.8431;1.8481;1.8423;1.8605;1.839;1.8573",""
"HLSLPERF_CROWD_BACKEND-2__HLSLPERF_CROWD_TILE_BINS-512__HLSLPERF_CROWD_TILE_REPLICAS-1__HLSLPERF_CROWD_TILE_SIZE-16__HLSLPERF_ELEMENTS_PER_THREAD-4__HLSLPERF_GROUP_SIZE-512__HLSLPERF_SCAN_BACKEND-1__HLSLPERF_SINGLE_PASS_GROUPS-256__HLSLPERF_SINGLE_PASS_ITEMS_SCALE-2__HLSLPERF_VECTOR_WIDTH-4__HLSLPERF_WAVE_SIZE-32",true,true,true,"",,,,,,,,4,1.9987,2.0273,0.0089,6295.7056,1.0237,"HLSLPERF_CROWD_BACKEND=2;HLSLPERF_CROWD_TILE_BINS=512;HLSLPERF_CROWD_TILE_REPLICAS=1;HLSLPERF_CROWD_TILE_SIZE=16;HLSLPERF_ELEMENTS_PER_THREAD=4;HLSLPERF_GROUP_SIZE=512;HLSLPERF_SCAN_BACKEND=1;HLSLPERF_SINGLE_PASS_GROUPS=256;HLSLPERF_SINGLE_PASS_ITEMS_SCALE=2;HLSLPERF_VECTOR_WIDTH=4;HLSLPERF_WAVE_SIZE=32","1.9874;2.0134;2.0355;1.9846;2.0096;1.982;2.019;1.9987;1.991;1.9793;2.007",""
"HLSLPERF_CROWD_BACKEND-2__HLSLPERF_CROWD_TILE_BINS-512__HLSLPERF_CROWD_TILE_REPLICAS-2__HLSLPERF_CROWD_TILE_SIZE-16__HLSLPERF_ELEMENTS_PER_THREAD-4__HLSLPERF_GROUP_SIZE-512__HLSLPERF_SCAN_BACKEND-1__HLSLPERF_SINGLE_PASS_GROUPS-256__HLSLPERF_SINGLE_PASS_ITEMS_SCALE-2__HLSLPERF_VECTOR_WIDTH-4__HLSLPERF_WAVE_SIZE-32",true,true,true,"",,,,,,,,4,2.0314,2.2437,0.0503,6194.207,1.0072,"HLSLPERF_CROWD_BACKEND=2;HLSLPERF_CROWD_TILE_BINS=512;HLSLPERF_CROWD_TILE_REPLICAS=2;HLSLPERF_CROWD_TILE_SIZE=16;HLSLPERF_ELEMENTS_PER_THREAD=4;HLSLPERF_GROUP_SIZE=512;HLSLPERF_SCAN_BACKEND=1;HLSLPERF_SINGLE_PASS_GROUPS=256;HLSLPERF_SINGLE_PASS_ITEMS_SCALE=2;HLSLPERF_VECTOR_WIDTH=4;HLSLPERF_WAVE_SIZE=32","2.2225;2.0121;1.9996;2.0474;2.2648;2.0314;1.9966;2.0855;2.1883;1.9636;1.9897",""
"HLSLPERF_CROWD_BACKEND-2__HLSLPERF_CROWD_TILE_BINS-512__HLSLPERF_CROWD_TILE_REPLICAS-1__HLSLPERF_CROWD_TILE_SIZE-16__HLSLPERF_ELEMENTS_PER_THREAD-4__HLSLPERF_GROUP_SIZE-512__HLSLPERF_SCAN_BACKEND-1__HLSLPERF_SINGLE_PASS_GROUPS-128__HLSLPERF_SINGLE_PASS_ITEMS_SCALE-4__HLSLPERF_VECTOR_WIDTH-4__HLSLPERF_WAVE_SIZE-32",true,true,true,"",,,,,,,,4,1.8699,1.9529,0.0246,6729.1898,1.0942,"HLSLPERF_CROWD_BACKEND=2;HLSLPERF_CROWD_TILE_BINS=512;HLSLPERF_CROWD_TILE_REPLICAS=1;HLSLPERF_CROWD_TILE_SIZE=16;HLSLPERF_ELEMENTS_PER_THREAD=4;HLSLPERF_GROUP_SIZE=512;HLSLPERF_SCAN_BACKEND=1;HLSLPERF_SINGLE_PASS_GROUPS=128;HLSLPERF_SINGLE_PASS_ITEMS_SCALE=4;HLSLPERF_VECTOR_WIDTH=4;HLSLPERF_WAVE_SIZE=32","1.8699;1.865;2.0186;1.8865;1.8579;1.8805;1.8583;1.8809;1.8596;1.8872;1.8548",""
"HLSLPERF_CROWD_BACKEND-2__HLSLPERF_CROWD_TILE_BINS-512__HLSLPERF_CROWD_TILE_REPLICAS-2__HLSLPERF_CROWD_TILE_SIZE-16__HLSLPERF_ELEMENTS_PER_THREAD-4__HLSLPERF_GROUP_SIZE-512__HLSLPERF_SCAN_BACKEND-1__HLSLPERF_SINGLE_PASS_GROUPS-128__HLSLPERF_SINGLE_PASS_ITEMS_SCALE-4__HLSLPERF_VECTOR_WIDTH-4__HLSLPERF_WAVE_SIZE-32",true,true,true,"",,,,,,,,4,1.8646,1.9209,0.017,6748.2447,1.0973,"HLSLPERF_CROWD_BACKEND=2;HLSLPERF_CROWD_TILE_BINS=512;HLSLPERF_CROWD_TILE_REPLICAS=2;HLSLPERF_CROWD_TILE_SIZE=16;HLSLPERF_ELEMENTS_PER_THREAD=4;HLSLPERF_GROUP_SIZE=512;HLSLPERF_SCAN_BACKEND=1;HLSLPERF_SINGLE_PASS_GROUPS=128;HLSLPERF_SINGLE_PASS_ITEMS_SCALE=4;HLSLPERF_VECTOR_WIDTH=4;HLSLPERF_WAVE_SIZE=32","1.9533;1.8885;1.8511;1.8884;1.8473;1.8694;1.8483;1.8709;1.8462;1.8646;1.8468",""
"HLSLPERF_CROWD_BACKEND-2__HLSLPERF_CROWD_TILE_BINS-512__HLSLPERF_CROWD_TILE_REPLICAS-1__HLSLPERF_CROWD_TILE_SIZE-16__HLSLPERF_ELEMENTS_PER_THREAD-4__HLSLPERF_GROUP_SIZE-512__HLSLPERF_SCAN_BACKEND-1__HLSLPERF_SINGLE_PASS_GROUPS-256__HLSLPERF_SINGLE_PASS_ITEMS_SCALE-4__HLSLPERF_VECTOR_WIDTH-4__HLSLPERF_WAVE_SIZE-32",true,true,true,"",,,,,,,,4,1.8539,1.8755,0.006,6787.1925,1.1036,"HLSLPERF_CROWD_BACKEND=2;HLSLPERF_CROWD_TILE_BINS=512;HLSLPERF_CROWD_TILE_REPLICAS=1;HLSLPERF_CROWD_TILE_SIZE=16;HLSLPERF_ELEMENTS_PER_THREAD=4;HLSLPERF_GROUP_SIZE=512;HLSLPERF_SCAN_BACKEND=1;HLSLPERF_SINGLE_PASS_GROUPS=256;HLSLPERF_SINGLE_PASS_ITEMS_SCALE=4;HLSLPERF_VECTOR_WIDTH=4;HLSLPERF_WAVE_SIZE=32","1.8746;1.842;1.8611;1.8468;1.8471;1.8498;1.8501;1.8601;1.8576;1.8763;1.8539",""
"HLSLPERF_CROWD_BACKEND-2__HLSLPERF_CROWD_TILE_BINS-512__HLSLPERF_CROWD_TILE_REPLICAS-2__HLSLPERF_CROWD_TILE_SIZE-16__HLSLPERF_ELEMENTS_PER_THREAD-4__HLSLPERF_GROUP_SIZE-512__HLSLPERF_SCAN_BACKEND-1__HLSLPERF_SINGLE_PASS_GROUPS-256__HLSLPERF_SINGLE_PASS_ITEMS_SCALE-4__HLSLPERF_VECTOR_WIDTH-4__HLSLPERF_WAVE_SIZE-32",true,true,true,"",,,,,,,,4,1.8708,1.9356,0.017,6726.0244,1.0937,"HLSLPERF_CROWD_BACKEND=2;HLSLPERF_CROWD_TILE_BINS=512;HLSLPERF_CROWD_TILE_REPLICAS=2;HLSLPERF_CROWD_TILE_SIZE=16;HLSLPERF_ELEMENTS_PER_THREAD=4;HLSLPERF_GROUP_SIZE=512;HLSLPERF_SCAN_BACKEND=1;HLSLPERF_SINGLE_PASS_GROUPS=256;HLSLPERF_SINGLE_PASS_ITEMS_SCALE=4;HLSLPERF_VECTOR_WIDTH=4;HLSLPERF_WAVE_SIZE=32","1.8547;1.885;1.8532;1.8761;1.8531;1.8708;1.8494;1.9374;1.8529;1.8913;1.9338",""
"HLSLPERF_CROWD_BACKEND-2__HLSLPERF_CROWD_TILE_BINS-512__HLSLPERF_CROWD_TILE_REPLICAS-1__HLSLPERF_CROWD_TILE_SIZE-16__HLSLPERF_ELEMENTS_PER_THREAD-4__HLSLPERF_GROUP_SIZE-512__HLSLPERF_SCAN_BACKEND-1__HLSLPERF_SINGLE_PASS_GROUPS-128__HLSLPERF_SINGLE_PASS_ITEMS_SCALE-2__HLSLPERF_VECTOR_WIDTH-4__HLSLPERF_WAVE_SIZE-64",true,true,true,"",,,,,,,,4,2.0137,2.1519,0.038,6248.5596,1.0161,"HLSLPERF_CROWD_BACKEND=2;HLSLPERF_CROWD_TILE_BINS=512;HLSLPERF_CROWD_TILE_REPLICAS=1;HLSLPERF_CROWD_TILE_SIZE=16;HLSLPERF_ELEMENTS_PER_THREAD=4;HLSLPERF_GROUP_SIZE=512;HLSLPERF_SCAN_BACKEND=1;HLSLPERF_SINGLE_PASS_GROUPS=128;HLSLPERF_SINGLE_PASS_ITEMS_SCALE=2;HLSLPERF_VECTOR_WIDTH=4;HLSLPERF_WAVE_SIZE=64","2.224;2.0674;1.9586;2.0212;1.97;2.0798;1.9813;2.0137;1.9846;2.0499;1.9665",""
"HLSLPERF_CROWD_BACKEND-2__HLSLPERF_CROWD_TILE_BINS-512__HLSLPERF_CROWD_TILE_REPLICAS-2__HLSLPERF_CROWD_TILE_SIZE-16__HLSLPERF_ELEMENTS_PER_THREAD-4__HLSLPERF_GROUP_SIZE-512__HLSLPERF_SCAN_BACKEND-1__HLSLPERF_SINGLE_PASS_GROUPS-128__HLSLPERF_SINGLE_PASS_ITEMS_SCALE-2__HLSLPERF_VECTOR_WIDTH-4__HLSLPERF_WAVE_SIZE-64",true,true,true,"",,,,,,,,4,2.0072,2.1516,0.0372,6268.8255,1.0194,"HLSLPERF_CROWD_BACKEND=2;HLSLPERF_CROWD_TILE_BINS=512;HLSLPERF_CROWD_TILE_REPLICAS=2;HLSLPERF_CROWD_TILE_SIZE=16;HLSLPERF_ELEMENTS_PER_THREAD=4;HLSLPERF_GROUP_SIZE=512;HLSLPERF_SCAN_BACKEND=1;HLSLPERF_SINGLE_PASS_GROUPS=128;HLSLPERF_SINGLE_PASS_ITEMS_SCALE=2;HLSLPERF_VECTOR_WIDTH=4;HLSLPERF_WAVE_SIZE=64","2.063;1.9284;2.1348;2.0201;2.0006;2.1684;1.9396;1.9952;2.0072;2.0425;1.9624",""
"HLSLPERF_CROWD_BACKEND-2__HLSLPERF_CROWD_TILE_BINS-512__HLSLPERF_CROWD_TILE_REPLICAS-1__HLSLPERF_CROWD_TILE_SIZE-16__HLSLPERF_ELEMENTS_PER_THREAD-4__HLSLPERF_GROUP_SIZE-512__HLSLPERF_SCAN_BACKEND-1__HLSLPERF_SINGLE_PASS_GROUPS-256__HLSLPERF_SINGLE_PASS_ITEMS_SCALE-2__HLSLPERF_VECTOR_WIDTH-4__HLSLPERF_WAVE_SIZE-64",true,true,true,"",,,,,,,,4,1.8688,1.9898,0.0302,6733.1507,1.0949,"HLSLPERF_CROWD_BACKEND=2;HLSLPERF_CROWD_TILE_BINS=512;HLSLPERF_CROWD_TILE_REPLICAS=1;HLSLPERF_CROWD_TILE_SIZE=16;HLSLPERF_ELEMENTS_PER_THREAD=4;HLSLPERF_GROUP_SIZE=512;HLSLPERF_SCAN_BACKEND=1;HLSLPERF_SINGLE_PASS_GROUPS=256;HLSLPERF_SINGLE_PASS_ITEMS_SCALE=2;HLSLPERF_VECTOR_WIDTH=4;HLSLPERF_WAVE_SIZE=64","1.8789;1.9375;2.042;1.8486;1.8645;1.8532;1.8688;1.8531;1.8843;1.8548;1.8775",""
"HLSLPERF_CROWD_BACKEND-2__HLSLPERF_CROWD_TILE_BINS-512__HLSLPERF_CROWD_TILE_REPLICAS-2__HLSLPERF_CROWD_TILE_SIZE-16__HLSLPERF_ELEMENTS_PER_THREAD-4__HLSLPERF_GROUP_SIZE-512__HLSLPERF_SCAN_BACKEND-1__HLSLPERF_SINGLE_PASS_GROUPS-256__HLSLPERF_SINGLE_PASS_ITEMS_SCALE-2__HLSLPERF_VECTOR_WIDTH-4__HLSLPERF_WAVE_SIZE-64",true,true,true,"",,,,,,,,4,1.8544,1.8754,0.0066,6785.3991,1.1034,"HLSLPERF_CROWD_BACKEND=2;HLSLPERF_CROWD_TILE_BINS=512;HLSLPERF_CROWD_TILE_REPLICAS=2;HLSLPERF_CROWD_TILE_SIZE=16;HLSLPERF_ELEMENTS_PER_THREAD=4;HLSLPERF_GROUP_SIZE=512;HLSLPERF_SCAN_BACKEND=1;HLSLPERF_SINGLE_PASS_GROUPS=256;HLSLPERF_SINGLE_PASS_ITEMS_SCALE=2;HLSLPERF_VECTOR_WIDTH=4;HLSLPERF_WAVE_SIZE=64","1.8467;1.847;1.8652;1.8528;1.874;1.8503;1.8744;1.8544;1.8765;1.85;1.8735",""
"HLSLPERF_CROWD_BACKEND-2__HLSLPERF_CROWD_TILE_BINS-512__HLSLPERF_CROWD_TILE_REPLICAS-1__HLSLPERF_CROWD_TILE_SIZE-16__HLSLPERF_ELEMENTS_PER_THREAD-4__HLSLPERF_GROUP_SIZE-512__HLSLPERF_SCAN_BACKEND-1__HLSLPERF_SINGLE_PASS_GROUPS-128__HLSLPERF_SINGLE_PASS_ITEMS_SCALE-4__HLSLPERF_VECTOR_WIDTH-4__HLSLPERF_WAVE_SIZE-64",true,true,true,"",,,,,,,,4,1.8722,1.8976,0.0062,6720.8512,1.0929,"HLSLPERF_CROWD_BACKEND=2;HLSLPERF_CROWD_TILE_BINS=512;HLSLPERF_CROWD_TILE_REPLICAS=1;HLSLPERF_CROWD_TILE_SIZE=16;HLSLPERF_ELEMENTS_PER_THREAD=4;HLSLPERF_GROUP_SIZE=512;HLSLPERF_SCAN_BACKEND=1;HLSLPERF_SINGLE_PASS_GROUPS=128;HLSLPERF_SINGLE_PASS_ITEMS_SCALE=4;HLSLPERF_VECTOR_WIDTH=4;HLSLPERF_WAVE_SIZE=64","1.8664;1.8923;1.8682;1.8779;1.8698;1.8722;1.8672;1.8762;1.8846;1.8698;1.9028",""
"HLSLPERF_CROWD_BACKEND-2__HLSLPERF_CROWD_TILE_BINS-512__HLSLPERF_CROWD_TILE_REPLICAS-2__HLSLPERF_CROWD_TILE_SIZE-16__HLSLPERF_ELEMENTS_PER_THREAD-4__HLSLPERF_GROUP_SIZE-512__HLSLPERF_SCAN_BACKEND-1__HLSLPERF_SINGLE_PASS_GROUPS-128__HLSLPERF_SINGLE_PASS_ITEMS_SCALE-4__HLSLPERF_VECTOR_WIDTH-4__HLSLPERF_WAVE_SIZE-64",true,true,true,"",,,,,,,,4,1.8828,1.9416,0.0167,6683.1558,1.0867,"HLSLPERF_CROWD_BACKEND=2;HLSLPERF_CROWD_TILE_BINS=512;HLSLPERF_CROWD_TILE_REPLICAS=2;HLSLPERF_CROWD_TILE_SIZE=16;HLSLPERF_ELEMENTS_PER_THREAD=4;HLSLPERF_GROUP_SIZE=512;HLSLPERF_SCAN_BACKEND=1;HLSLPERF_SINGLE_PASS_GROUPS=128;HLSLPERF_SINGLE_PASS_ITEMS_SCALE=4;HLSLPERF_VECTOR_WIDTH=4;HLSLPERF_WAVE_SIZE=64","1.8697;1.9064;1.8706;1.8997;1.8696;1.9041;1.8696;1.8967;1.8759;1.9769;1.8828",""
"HLSLPERF_CROWD_BACKEND-2__HLSLPERF_CROWD_TILE_BINS-512__HLSLPERF_CROWD_TILE_REPLICAS-1__HLSLPERF_CROWD_TILE_SIZE-16__HLSLPERF_ELEMENTS_PER_THREAD-4__HLSLPERF_GROUP_SIZE-512__HLSLPERF_SCAN_BACKEND-1__HLSLPERF_SINGLE_PASS_GROUPS-256__HLSLPERF_SINGLE_PASS_ITEMS_SCALE-4__HLSLPERF_VECTOR_WIDTH-4__HLSLPERF_WAVE_SIZE-64",true,true,true,"",,,,,,,,4,1.892,2.0266,0.0314,6650.658,1.0814,"HLSLPERF_CROWD_BACKEND=2;HLSLPERF_CROWD_TILE_BINS=512;HLSLPERF_CROWD_TILE_REPLICAS=1;HLSLPERF_CROWD_TILE_SIZE=16;HLSLPERF_ELEMENTS_PER_THREAD=4;HLSLPERF_GROUP_SIZE=512;HLSLPERF_SCAN_BACKEND=1;HLSLPERF_SINGLE_PASS_GROUPS=256;HLSLPERF_SINGLE_PASS_ITEMS_SCALE=4;HLSLPERF_VECTOR_WIDTH=4;HLSLPERF_WAVE_SIZE=64","1.8768;1.896;1.8784;1.892;1.8771;1.9004;1.8762;1.9563;1.8822;2.056;1.9973",""
"HLSLPERF_CROWD_BACKEND-2__HLSLPERF_CROWD_TILE_BINS-512__HLSLPERF_CROWD_TILE_REPLICAS-2__HLSLPERF_CROWD_TILE_SIZE-16__HLSLPERF_ELEMENTS_PER_THREAD-4__HLSLPERF_GROUP_SIZE-512__HLSLPERF_SCAN_BACKEND-1__HLSLPERF_SINGLE_PASS_GROUPS-256__HLSLPERF_SINGLE_PASS_ITEMS_SCALE-4__HLSLPERF_VECTOR_WIDTH-4__HLSLPERF_WAVE_SIZE-64",true,true,false,"",,,,,,,,4,1.9079,2.1883,0.0681,6595.3015,1.0724,"HLSLPERF_CROWD_BACKEND=2;HLSLPERF_CROWD_TILE_BINS=512;HLSLPERF_CROWD_TILE_REPLICAS=2;HLSLPERF_CROWD_TILE_SIZE=16;HLSLPERF_ELEMENTS_PER_THREAD=4;HLSLPERF_GROUP_SIZE=512;HLSLPERF_SCAN_BACKEND=1;HLSLPERF_SINGLE_PASS_GROUPS=256;HLSLPERF_SINGLE_PASS_ITEMS_SCALE=4;HLSLPERF_VECTOR_WIDTH=4;HLSLPERF_WAVE_SIZE=64","1.8784;1.9079;1.8798;1.9218;2.2225;2.0228;2.1541;1.878;2.1442;1.8713;1.8686",""
