candidate_id,compiled,correct,stable,rga_status,max_vgprs_used,max_live_vgprs,max_allocated_vgprs,max_sgprs_used,max_lds_bytes,max_scratch_bytes,min_occupancy_waves_per_simd,dispatches_per_batch,median_gpu_ms,p95_gpu_ms,cv,throughput_mitems_s,speedup_vs_baseline,defines,samples_gpu_ms,error
"HLSLPERF_CROWD_BACKEND-1__HLSLPERF_CROWD_TILE_BINS-512__HLSLPERF_CROWD_TILE_SIZE-16__HLSLPERF_ELEMENTS_PER_THREAD-2__HLSLPERF_GROUP_SIZE-128__HLSLPERF_SCAN_BACKEND-1__HLSLPERF_VECTOR_WIDTH-1",true,true,true,"",,,,,,,,4,2.0333,2.0606,0.0075,6188.358,1.0177,"HLSLPERF_CROWD_BACKEND=1;HLSLPERF_CROWD_TILE_BINS=512;HLSLPERF_CROWD_TILE_SIZE=16;HLSLPERF_ELEMENTS_PER_THREAD=2;HLSLPERF_GROUP_SIZE=128;HLSLPERF_SCAN_BACKEND=1;HLSLPERF_VECTOR_WIDTH=1","2.0503;2.0639;2.0462;2.0574;2.0274;2.0333;2.0196;2.0318;2.0207;2.0348;2.0222",""
"HLSLPERF_CROWD_BACKEND-1__HLSLPERF_CROWD_TILE_BINS-512__HLSLPERF_CROWD_TILE_SIZE-16__HLSLPERF_ELEMENTS_PER_THREAD-4__HLSLPERF_GROUP_SIZE-128__HLSLPERF_SCAN_BACKEND-1__HLSLPERF_VECTOR_WIDTH-1",true,true,true,"",,,,,,,,4,2.1084,2.1221,0.0034,5967.906,0.9815,"HLSLPERF_CROWD_BACKEND=1;HLSLPERF_CROWD_TILE_BINS=512;HLSLPERF_CROWD_TILE_SIZE=16;HLSLPERF_ELEMENTS_PER_THREAD=4;HLSLPERF_GROUP_SIZE=128;HLSLPERF_SCAN_BACKEND=1;HLSLPERF_VECTOR_WIDTH=1","2.1084;2.1108;2.1064;2.1225;2.1024;2.1155;2.1057;2.1071;2.1217;2.1044;2.1187",""
"HLSLPERF_CROWD_BACKEND-1__HLSLPERF_CROWD_TILE_BINS-512__HLSLPERF_CROWD_TILE_SIZE-16__HLSLPERF_ELEMENTS_PER_THREAD-4__HLSLPERF_GROUP_SIZE-128__HLSLPERF_SCAN_BACKEND-1__HLSLPERF_VECTOR_WIDTH-4",true,true,true,"",,,,,,,,4,2.1132,2.1175,0.0042,5954.5477,0.9793,"HLSLPERF_CROWD_BACKEND=1;HLSLPERF_CROWD_TILE_BINS=512;HLSLPERF_CROWD_TILE_SIZE=16;HLSLPERF_ELEMENTS_PER_THREAD=4;HLSLPERF_GROUP_SIZE=128;HLSLPERF_SCAN_BACKEND=1;HLSLPERF_VECTOR_WIDTH=4","2.1146;2.0962;2.115;2.0967;2.1132;2.0991;2.1193;2.102;2.1133;2.1003;2.1157",""
"HLSLPERF_CROWD_BACKEND-1__HLSLPERF_CROWD_TILE_BINS-512__HLSLPERF_CROWD_TILE_SIZE-16__HLSLPERF_ELEMENTS_PER_THREAD-2__HLSLPERF_GROUP_SIZE-256__HLSLPERF_SCAN_BACKEND-1__HLSLPERF_VECTOR_WIDTH-1",true,true,true,"",,,,,,,,4,2.0313,2.0385,0.0021,6194.6339,1.0188,"HLSLPERF_CROWD_BACKEND=1;HLSLPERF_CROWD_TILE_BINS=512;HLSLPERF_CROWD_TILE_SIZE=16;HLSLPERF_ELEMENTS_PER_THREAD=2;HLSLPERF_GROUP_SIZE=256;HLSLPERF_SCAN_BACKEND=1;HLSLPERF_VECTOR_WIDTH=1","2.0379;2.0321;2.039;2.0313;2.0328;2.0303;2.0307;2.0261;2.0357;2.0282;2.0271",""
"HLSLPERF_CROWD_BACKEND-1__HLSLPERF_CROWD_TILE_BINS-512__HLSLPERF_CROWD_TILE_SIZE-16__HLSLPERF_ELEMENTS_PER_THREAD-4__HLSLPERF_GROUP_SIZE-256__HLSLPERF_SCAN_BACKEND-1__HLSLPERF_VECTOR_WIDTH-1",true,true,true,"",,,,,,,,4,2.0694,2.0815,0.0028,6080.4639,1,"HLSLPERF_CROWD_BACKEND=1;HLSLPERF_CROWD_TILE_BINS=512;HLSLPERF_CROWD_TILE_SIZE=16;HLSLPERF_ELEMENTS_PER_THREAD=4;HLSLPERF_GROUP_SIZE=256;HLSLPERF_SCAN_BACKEND=1;HLSLPERF_VECTOR_WIDTH=1","2.0841;2.0687;2.0783;2.0683;2.0751;2.0682;2.0675;2.0749;2.0694;2.0789;2.0661",""
"HLSLPERF_CROWD_BACKEND-1__HLSLPERF_CROWD_TILE_BINS-512__HLSLPERF_CROWD_TILE_SIZE-16__HLSLPERF_ELEMENTS_PER_THREAD-4__HLSLPERF_GROUP_SIZE-256__HLSLPERF_SCAN_BACKEND-1__HLSLPERF_VECTOR_WIDTH-4",true,true,true,"",,,,,,,,4,2.0617,2.0873,0.0057,6103.0547,1.0037,"HLSLPERF_CROWD_BACKEND=1;HLSLPERF_CROWD_TILE_BINS=512;HLSLPERF_CROWD_TILE_SIZE=16;HLSLPERF_ELEMENTS_PER_THREAD=4;HLSLPERF_GROUP_SIZE=256;HLSLPERF_SCAN_BACKEND=1;HLSLPERF_VECTOR_WIDTH=4","2.0726;2.057;2.0593;2.0627;2.0583;2.0796;2.0617;2.0675;2.0598;2.0949;2.0591",""
"HLSLPERF_CROWD_BACKEND-1__HLSLPERF_CROWD_TILE_BINS-512__HLSLPERF_CROWD_TILE_SIZE-16__HLSLPERF_ELEMENTS_PER_THREAD-2__HLSLPERF_GROUP_SIZE-512__HLSLPERF_SCAN_BACKEND-1__HLSLPERF_VECTOR_WIDTH-1",true,true,true,"",,,,,,,,4,2.0132,2.0236,0.0027,6250.2046,1.0279,"HLSLPERF_CROWD_BACKEND=1;HLSLPERF_CROWD_TILE_BINS=512;HLSLPERF_CROWD_TILE_SIZE=16;HLSLPERF_ELEMENTS_PER_THREAD=2;HLSLPERF_GROUP_SIZE=512;HLSLPERF_SCAN_BACKEND=1;HLSLPERF_VECTOR_WIDTH=1","2.0261;2.0102;2.0192;2.0086;2.0212;2.0105;2.0171;2.0124;2.0134;2.011;2.0132",""
"HLSLPERF_CROWD_BACKEND-1__HLSLPERF_CROWD_TILE_BINS-512__HLSLPERF_CROWD_TILE_SIZE-16__HLSLPERF_ELEMENTS_PER_THREAD-4__HLSLPERF_GROUP_SIZE-512__HLSLPERF_SCAN_BACKEND-1__HLSLPERF_VECTOR_WIDTH-1",true,true,true,"",,,,,,,,4,2.0814,2.0926,0.003,6045.3208,0.9942,"HLSLPERF_CROWD_BACKEND=1;HLSLPERF_CROWD_TILE_BINS=512;HLSLPERF_CROWD_TILE_SIZE=16;HLSLPERF_ELEMENTS_PER_THREAD=4;HLSLPERF_GROUP_SIZE=512;HLSLPERF_SCAN_BACKEND=1;HLSLPERF_VECTOR_WIDTH=1","2.0864;2.0746;2.0887;2.076;2.0787;2.0814;2.0812;2.0948;2.0829;2.0904;2.0802",""
"HLSLPERF_CROWD_BACKEND-1__HLSLPERF_CROWD_TILE_BINS-512__HLSLPERF_CROWD_TILE_SIZE-16__HLSLPERF_ELEMENTS_PER_THREAD-4__HLSLPERF_GROUP_SIZE-512__HLSLPERF_SCAN_BACKEND-1__HLSLPERF_VECTOR_WIDTH-4",true,true,true,"",,,,,,,,4,2.085,2.094,0.0035,6034.854,0.9925,"HLSLPERF_CROWD_BACKEND=1;HLSLPERF_CROWD_TILE_BINS=512;HLSLPERF_CROWD_TILE_SIZE=16;HLSLPERF_ELEMENTS_PER_THREAD=4;HLSLPERF_GROUP_SIZE=512;HLSLPERF_SCAN_BACKEND=1;HLSLPERF_VECTOR_WIDTH=4","2.0864;2.0791;2.0863;2.0792;2.0977;2.09;2.0764;2.0902;2.0768;2.085;2.0738",""
"HLSLPERF_CROWD_BACKEND-2__HLSLPERF_CROWD_TILE_BINS-512__HLSLPERF_CROWD_TILE_REPLICAS-1__HLSLPERF_CROWD_TILE_SIZE-16__HLSLPERF_ELEMENTS_PER_THREAD-2__HLSLPERF_GROUP_SIZE-128__HLSLPERF_SCAN_BACKEND-1__HLSLPERF_SINGLE_PASS_GROUPS-128__HLSLPERF_SINGLE_PASS_ITEMS_SCALE-2__HLSLPERF_VECTOR_WIDTH-1__HLSLPERF_WAVE_SIZE-32",true,true,true,"",,,,,,,,2,2.5283,2.5365,0.0095,4976.9059,0.8185,"HLSLPERF_CROWD_BACKEND=2;HLSLPERF_CROWD_TILE_BINS=512;HLSLPERF_CROWD_TILE_REPLICAS=1;HLSLPERF_CROWD_TILE_SIZE=16;HLSLPERF_ELEMENTS_PER_THREAD=2;HLSLPERF_GROUP_SIZE=128;HLSLPERF_SCAN_BACKEND=1;HLSLPERF_SINGLE_PASS_GROUPS=128;HLSLPERF_SINGLE_PASS_ITEMS_SCALE=2;HLSLPERF_VECTOR_WIDTH=1;HLSLPERF_WAVE_SIZE=32","2.5352;2.5378;2.4961;2.5314;2.5123;2.5303;2.5283;2.464;2.4873;2.5295;2.5261",""
"HLSLPERF_CROWD_BACKEND-2__HLSLPERF_CROWD_TILE_BINS-512__HLSLPERF_CROWD_TILE_REPLICAS-2__HLSLPERF_CROWD_TILE_SIZE-16__HLSLPERF_ELEMENTS_PER_THREAD-2__HLSLPERF_GROUP_SIZE-128__HLSLPERF_SCAN_BACKEND-1__HLSLPERF_SINGLE_PASS_GROUPS-128__HLSLPERF_SINGLE_PASS_ITEMS_SCALE-2__HLSLPERF_VECTOR_WIDTH-1__HLSLPERF_WAVE_SIZE-32",true,true,false,"",,,,,,,,2,2.5715,2.9422,0.0604,4893.2949,0.8048,"HLSLPERF_CROWD_BACKEND=2;HLSLPERF_CROWD_TILE_BINS=512;HLSLPERF_CROWD_TILE_REPLICAS=2;HLSLPERF_CROWD_TILE_SIZE=16;HLSLPERF_ELEMENTS_PER_THREAD=2;HLSLPERF_GROUP_SIZE=128;HLSLPERF_SCAN_BACKEND=1;HLSLPERF_SINGLE_PASS_GROUPS=128;HLSLPERF_SINGLE_PASS_ITEMS_SCALE=2;HLSLPERF_VECTOR_WIDTH=1;HLSLPERF_WAVE_SIZE=32","2.5374;2.5534;2.5041;2.5349;2.6591;2.5302;2.5726;2.6033;2.5715;2.9321;2.9523",""
"HLSLPERF_CROWD_BACKEND-2__HLSLPERF_CROWD_TILE_BINS-512__HLSLPERF_CROWD_TILE_REPLICAS-1__HLSLPERF_CROWD_TILE_SIZE-16__HLSLPERF_ELEMENTS_PER_THREAD-2__HLSLPERF_GROUP_SIZE-128__HLSLPERF_SCAN_BACKEND-1__HLSLPERF_SINGLE_PASS_GROUPS-256__HLSLPERF_SINGLE_PASS_ITEMS_SCALE-2__HLSLPERF_VECTOR_WIDTH-1__HLSLPERF_WAVE_SIZE-32",true,true,false,"",,,,,,,,4,2.5084,2.8709,0.0859,5016.25,0.825,"HLSLPERF_CROWD_BACKEND=2;HLSLPERF_CROWD_TILE_BINS=512;HLSLPERF_CROWD_TILE_REPLICAS=1;HLSLPERF_CROWD_TILE_SIZE=16;HLSLPERF_ELEMENTS_PER_THREAD=2;HLSLPERF_GROUP_SIZE=128;HLSLPERF_SCAN_BACKEND=1;HLSLPERF_SINGLE_PASS_GROUPS=256;HLSLPERF_SINGLE_PASS_ITEMS_SCALE=2;HLSLPERF_VECTOR_WIDTH=1;HLSLPERF_WAVE_SIZE=32","2.4857;2.3644;2.5084;2.8319;2.9074;2.3661;2.3454;2.829;2.8345;2.6392;2.3945",""
"HLSLPERF_CROWD_BACKEND-2__HLSLPERF_CROWD_TILE_BINS-512__HLSLPERF_CROWD_TILE_REPLICAS-2__HLSLPERF_CROWD_TILE_SIZE-16__HLSLPERF_ELEMENTS_PER_THREAD-2__HLSLPERF_GROUP_SIZE-128__HLSLPERF_SCAN_BACKEND-1__HLSLPERF_SINGLE_PASS_GROUPS-256__HLSLPERF_SINGLE_PASS_ITEMS_SCALE-2__HLSLPERF_VECTOR_WIDTH-1__HLSLPERF_WAVE_SIZE-32",true,true,false,"",,,,,,,,4,2.3727,2.8244,0.0846,5303.2039,0.8722,"HLSLPERF_CROWD_BACKEND=2;HLSLPERF_CROWD_TILE_BINS=512;HLSLPERF_CROWD_TILE_REPLICAS=2;HLSLPERF_CROWD_TILE_SIZE=16;HLSLPERF_ELEMENTS_PER_THREAD=2;HLSLPERF_GROUP_SIZE=128;HLSLPERF_SCAN_BACKEND=1;HLSLPERF_SINGLE_PASS_GROUPS=256;HLSLPERF_SINGLE_PASS_ITEMS_SCALE=2;HLSLPERF_VECTOR_WIDTH=1;HLSLPERF_WAVE_SIZE=32","2.53;2.3399;2.3727;2.796;2.3677;2.345;2.8046;2.3462;2.3485;2.8442;2.3732",""
"HLSLPERF_CROWD_BACKEND-2__HLSLPERF_CROWD_TILE_BINS-512__HLSLPERF_CROWD_TILE_REPLICAS-1__HLSLPERF_CROWD_TILE_SIZE-16__HLSLPERF_ELEMENTS_PER_THREAD-2__HLSLPERF_GROUP_SIZE-128__HLSLPERF_SCAN_BACKEND-1__HLSLPERF_SINGLE_PASS_GROUPS-128__HLSLPERF_SINGLE_PASS_ITEMS_SCALE-4__HLSLPERF_VECTOR_WIDTH-1__HLSLPERF_WAVE_SIZE-32",true,true,false,"",,,,,,,,4,2.2908,2.6628,0.0731,5492.9224,0.9034,"HLSLPERF_CROWD_BACKEND=2;HLSLPERF_CROWD_TILE_BINS=512;HLSLPERF_CROWD_TILE_REPLICAS=1;HLSLPERF_CROWD_TILE_SIZE=16;HLSLPERF_ELEMENTS_PER_THREAD=2;HLSLPERF_GROUP_SIZE=128;HLSLPERF_SCAN_BACKEND=1;HLSLPERF_SINGLE_PASS_GROUPS=128;HLSLPERF_SINGLE_PASS_ITEMS_SCALE=4;HLSLPERF_VECTOR_WIDTH=1;HLSLPERF_WAVE_SIZE=32","2.5615;2.3829;2.2503;2.2908;2.6494;2.2864;2.2269;2.5172;2.2427;2.2394;2.6762",""
"HLSLPERF_CROWD_BACKEND-2__HLSLPERF_CROWD_TILE_BINS-512__HLSLPERF_CROWD_TILE_REPLICAS-2__HLSLPERF_CROWD_TILE_SIZE-16__HLSLPERF_ELEMENTS_PER_THREAD-2__HLSLPERF_GROUP_SIZE-128__HLSLPERF_SCAN_BACKEND-1__HLSLPERF_SINGLE_PASS_GROUPS-128__HLSLPERF_SINGLE_PASS_ITEMS_SCALE-4__HLSLPERF_VECTOR_WIDTH-1__HLSLPERF_WAVE_SIZE-32",true,true,true,"",,,,,,,,4,2.2102,2.409,0.0501,5693.1101,0.9363,"HLSLPERF_CROWD_BACKEND=2;HLSLPERF_CROWD_TILE_BINS=512;HLSLPERF_CROWD_TILE_REPLICAS=2;HLSLPERF_CROWD_TILE_SIZE=16;HLSLPERF_ELEMENTS_PER_THREAD=2;HLSLPERF_GROUP_SIZE=128;HLSLPERF_SCAN_BACKEND=1;HLSLPERF_SINGLE_PASS_GROUPS=128;HLSLPERF_SINGLE_PASS_ITEMS_SCALE=4;HLSLPERF_VECTOR_WIDTH=1;HLSLPERF_WAVE_SIZE=32","2.1809;2.1699;2.1697;2.1712;2.1978;2.2182;2.2459;2.2421;2.5632;2.2549;2.2102",""
"HLSLPERF_CROWD_BACKEND-2__HLSLPERF_CROWD_TILE_BINS-512__HLSLPERF_CROWD_TILE_REPLICAS-1__HLSLPERF_CROWD_TILE_SIZE-16__HLSLPERF_ELEMENTS_PER_THREAD-2__HLSLPERF_GROUP_SIZE-128__HLSLPERF_SCAN_BACKEND-1__HLSLPERF_SINGLE_PASS_GROUPS-256__HLSLPERF_SINGLE_PASS_ITEMS_SCALE-4__HLSLPERF_VECTOR_WIDTH-1__HLSLPERF_WAVE_SIZE-32",true,true,true,"",,,,,,,,4,2.1913,2.3827,0.0457,5742.1609,0.9444,"HLSLPERF_CROWD_BACKEND=2;HLSLPERF_CROWD_TILE_BINS=512;HLSLPERF_CROWD_TILE_REPLICAS=1;HLSLPERF_CROWD_TILE_SIZE=16;HLSLPERF_ELEMENTS_PER_THREAD=2;HLSLPERF_GROUP_SIZE=128;HLSLPERF_SCAN_BACKEND=1;HLSLPERF_SINGLE_PASS_GROUPS=256;HLSLPERF_SINGLE_PASS_ITEMS_SCALE=4;HLSLPERF_VECTOR_WIDTH=1;HLSLPERF_WAVE_SIZE=32","2.1913;2.3058;2.1285;2.2106;2.4596;2.1268;2.1445;2.2831;2.1669;2.1429;2.2649",""
"HLSLPERF_CROWD_BACKEND-2__HLSLPERF_CROWD_TILE_BINS-512__HLSLPERF_CROWD_TILE_REPLICAS-2__HLSLPERF_CROWD_TILE_SIZE-16__HLSLPERF_ELEMENTS_PER_THREAD-2__HLSLPERF_GROUP_SIZE-128__HLSLPERF_SCAN_BACKEND-1__HLSLPERF_SINGLE_PASS_GROUPS-256__HLSLPERF_SINGLE_PASS_ITEMS_SCALE-4__HLSLPERF_VECTOR_WIDTH-1__HLSLPERF_WAVE_SIZE-32",true,true,true,"",,,,,,,,4,2.1695,2.3801,0.0481,5800.0203,0.9539,"HLSLPERF_CROWD_BACKEND=2;HLSLPERF_CROWD_TILE_BINS=512;HLSLPERF_CROWD_TILE_REPLICAS=2;HLSLPERF_CROWD_TILE_SIZE=16;HLSLPERF_ELEMENTS_PER_THREAD=2;HLSLPERF_GROUP_SIZE=128;HLSLPERF_SCAN_BACKEND=1;HLSLPERF_SINGLE_PASS_GROUPS=256;HLSLPERF_SINGLE_PASS_ITEMS_SCALE=4;HLSLPERF_VECTOR_WIDTH=1;HLSLPERF_WAVE_SIZE=32","2.323;2.1357;2.1695;2.2853;2.1879;2.1303;2.4371;2.1567;2.1197;2.316;2.1216",""
"HLSLPERF_CROWD_BACKEND-2__HLSLPERF_CROWD_TILE_BINS-512__HLSLPERF_CROWD_TILE_REPLICAS-1__HLSLPERF_CROWD_TILE_SIZE-16__HLSLPERF_ELEMENTS_PER_THREAD-2__HLSLPERF_GROUP_SIZE-128__HLSLPERF_SCAN_BACKEND-1__HLSLPERF_SINGLE_PASS_GROUPS-128__HLSLPERF_SINGLE_PASS_ITEMS_SCALE-2__HLSLPERF_VECTOR_WIDTH-1__HLSLPERF_WAVE_SIZE-64",true,true,false,"",,,,,,,,2,2.9576,3.0754,0.0629,4254.4621,0.6997,"HLSLPERF_CROWD_BACKEND=2;HLSLPERF_CROWD_TILE_BINS=512;HLSLPERF_CROWD_TILE_REPLICAS=1;HLSLPERF_CROWD_TILE_SIZE=16;HLSLPERF_ELEMENTS_PER_THREAD=2;HLSLPERF_GROUP_SIZE=128;HLSLPERF_SCAN_BACKEND=1;HLSLPERF_SINGLE_PASS_GROUPS=128;HLSLPERF_SINGLE_PASS_ITEMS_SCALE=2;HLSLPERF_VECTOR_WIDTH=1;HLSLPERF_WAVE_SIZE=64","2.5983;2.5229;2.9576;3.0161;2.9524;3.0722;2.9185;3.03;3.0787;2.9473;2.9691",""
"HLSLPERF_CROWD_BACKEND-2__HLSLPERF_CROWD_TILE_BINS-512__HLSLPERF_CROWD_TILE_REPLICAS-2__HLSLPERF_CROWD_TILE_SIZE-16__HLSLPERF_ELEMENTS_PER_THREAD-2__HLSLPERF_GROUP_SIZE-128__HLSLPERF_SCAN_BACKEND-1__HLSLPERF_SINGLE_PASS_GROUPS-128__HLSLPERF_SINGLE_PASS_ITEMS_SCALE-2__HLSLPERF_VECTOR_WIDTH-1__HLSLPERF_WAVE_SIZE-64",true,true,false,"",,,,,,,,2,2.566,3.0695,0.0899,4903.7069,0.8065,"HLSLPERF_CROWD_BACKEND=2;HLSLPERF_CROWD_TILE_BINS=512;HLSLPERF_CROWD_TILE_REPLICAS=2;HLSLPERF_CROWD_TILE_SIZE=16;HLSLPERF_ELEMENTS_PER_THREAD=2;HLSLPERF_GROUP_SIZE=128;HLSLPERF_SCAN_BACKEND=1;HLSLPERF_SINGLE_PASS_GROUPS=128;HLSLPERF_SINGLE_PASS_ITEMS_SCALE=2;HLSLPERF_VECTOR_WIDTH=1;HLSLPERF_WAVE_SIZE=64","2.566;3.1377;2.8812;3.0013;2.9123;2.6506;2.4988;2.5113;2.5;2.4775;2.4969",""
"HLSLPERF_CROWD_BACKEND-2__HLSLPERF_CROWD_TILE_BINS-512__HLSLPERF_CROWD_TILE_REPLICAS-1__HLSLPERF_CROWD_TILE_SIZE-16__HLSLPERF_ELEMENTS_PER_THREAD-2__HLSLPERF_GROUP_SIZE-128__HLSLPERF_SCAN_BACKEND-1__HLSLPERF_SINGLE_PASS_GROUPS-256__HLSLPERF_SINGLE_PASS_ITEMS_SCALE-2__HLSLPERF_VECTOR_WIDTH-1__HLSLPERF_WAVE_SIZE-64",true,true,true,"",,,,,,,,4,2.3674,2.6902,0.0579,5315.1438,0.8741,"HLSLPERF_CROWD_BACKEND=2;HLSLPERF_CROWD_TILE_BINS=512;HLSLPERF_CROWD_TILE_REPLICAS=1;HLSLPERF_CROWD_TILE_SIZE=16;HLSLPERF_ELEMENTS_PER_THREAD=2;HLSLPERF_GROUP_SIZE=128;HLSLPERF_SCAN_BACKEND=1;HLSLPERF_SINGLE_PASS_GROUPS=256;HLSLPERF_SINGLE_PASS_ITEMS_SCALE=2;HLSLPERF_VECTOR_WIDTH=1;HLSLPERF_WAVE_SIZE=64","2.3505;2.3674;2.3867;2.3529;2.4204;2.6159;2.3539;2.2933;2.7646;2.4107;2.3427",""
"HLSLPERF_CROWD_BACKEND-2__HLSLPERF_CROWD_TILE_BINS-512__HLSLPERF_CROWD_TILE_REPLICAS-2__HLSLPERF_CROWD_TILE_SIZE-16__HLSLPERF_ELEMENTS_PER_THREAD-2__HLSLPERF_GROUP_SIZE-128__HLSLPERF_SCAN_BACKEND-1__HLSLPERF_SINGLE_PASS_GROUPS-256__HLSLPERF_SINGLE_PASS_ITEMS_SCALE-2__HLSLPERF_VECTOR_WIDTH-1__HLSLPERF_WAVE_SIZE-64",true,true,false,"",,,,,,,,4,2.44,2.8429,0.0781,5156.9734,0.8481,"HLSLPERF_CROWD_BACKEND=2;HLSLPERF_CROWD_TILE_BINS=512;HLSLPERF_CROWD_TILE_REPLICAS=2;HLSLPERF_CROWD_TILE_SIZE=16;HLSLPERF_ELEMENTS_PER_THREAD=2;HLSLPERF_GROUP_SIZE=128;HLSLPERF_SCAN_BACKEND=1;HLSLPERF_SINGLE_PASS_GROUPS=256;HLSLPERF_SINGLE_PASS_ITEMS_SCALE=2;HLSLPERF_VECTOR_WIDTH=1;HLSLPERF_WAVE_SIZE=64","2.5351;2.3423;2.3681;2.6296;2.3724;2.44;2.7829;2.9029;2.6512;2.3465;2.3479",""
"HLSLPERF_CROWD_BACKEND-2__HLSLPERF_CROWD_TILE_BINS-512__HLSLPERF_CROWD_TILE_REPLICAS-1__HLSLPERF_CROWD_TILE_SIZE-16__HLSLPERF_ELEMENTS_PER_THREAD-2__HLSLPERF_GROUP_SIZE-128__HLSLPERF_SCAN_BACKEND-1__HLSLPERF_SINGLE_PASS_GROUPS-128__HLSLPERF_SINGLE_PASS_ITEMS_SCALE-4__HLSLPERF_VECTOR_WIDTH-1__HLSLPERF_WAVE_SIZE-64",true,true,true,"",,,,,,,,4,2.2656,2.5722,0.0583,5553.9228,0.9134,"HLSLPERF_CROWD_BACKEND=2;HLSLPERF_CROWD_TILE_BINS=512;HLSLPERF_CROWD_TILE_REPLICAS=1;HLSLPERF_CROWD_TILE_SIZE=16;HLSLPERF_ELEMENTS_PER_THREAD=2;HLSLPERF_GROUP_SIZE=128;HLSLPERF_SCAN_BACKEND=1;HLSLPERF_SINGLE_PASS_GROUPS=128;HLSLPERF_SINGLE_PASS_ITEMS_SCALE=4;HLSLPERF_VECTOR_WIDTH=1;HLSLPERF_WAVE_SIZE=64","2.6401;2.3716;2.2585;2.4171;2.2327;2.2477;2.5044;2.2656;2.2065;2.3955;2.2418",""
"HLSLPERF_CROWD_BACKEND-2__HLSLPERF_CROWD_TILE_BINS-512__HLSLPERF_CROWD_TILE_REPLICAS-2__HLSLPERF_CROWD_TILE_SIZE-16__HLSLPERF_ELEMENTS_PER_THREAD-2__HLSLPERF_GROUP_SIZE-128__HLSLPERF_SCAN_BACKEND-1__HLSLPERF_SINGLE_PASS_GROUPS-128__HLSLPERF_SINGLE_PASS_ITEMS_SCALE-4__HLSLPERF_VECTOR_WIDTH-1__HLSLPERF_WAVE_SIZE-64",true,true,false,"",,,,,,,,4,2.3784,2.5701,0.0606,5290.4277,0.8701,"HLSLPERF_CROWD_BACKEND=2;HLSLPERF_CROWD_TILE_BINS=512;HLSLPERF_CROWD_TILE_REPLICAS=2;HLSLPERF_CROWD_TILE_SIZE=16;HLSLPERF_ELEMENTS_PER_THREAD=2;HLSLPERF_GROUP_SIZE=128;HLSLPERF_SCAN_BACKEND=1;HLSLPERF_SINGLE_PASS_GROUPS=128;HLSLPERF_SINGLE_PASS_ITEMS_SCALE=4;HLSLPERF_VECTOR_WIDTH=1;HLSLPERF_WAVE_SIZE=64","2.4523;2.1859;2.2672;2.3959;2.2371;2.3784;2.5126;2.2463;2.2292;2.6276;2.4882",""
"HLSLPERF_CROWD_BACKEND-2__HLSLPERF_CROWD_TILE_BINS-512__HLSLPERF_CROWD_TILE_REPLICAS-1__HLSLPERF_CROWD_TILE_SIZE-16__HLSLPERF_ELEMENTS_PER_THREAD-2__HLSLPERF_GROUP_SIZE-128__HLSLPERF_SCAN_BACKEND-1__HLSLPERF_SINGLE_PASS_GROUPS-256__HLSLPERF_SINGLE_PASS_ITEMS_SCALE-4__HLSLPERF_VECTOR_WIDTH-1__HLSLPERF_WAVE_SIZE-64",true,true,false,"",,,,,,,,4,2.1622,2.4478,0.062,5819.5757,0.9571,"HLSLPERF_CROWD_BACKEND=2;HLSLPERF_CROWD_TILE_BINS=512;HLSLPERF_CROWD_TILE_REPLICAS=1;HLSLPERF_CROWD_TILE_SIZE=16;HLSLPERF_ELEMENTS_PER_THREAD=2;HLSLPERF_GROUP_SIZE=128;HLSLPERF_SCAN_BACKEND=1;HLSLPERF_SINGLE_PASS_GROUPS=256;HLSLPERF_SINGLE_PASS_ITEMS_SCALE=4;HLSLPERF_VECTOR_WIDTH=1;HLSLPERF_WAVE_SIZE=64","2.2604;2.5139;2.1542;2.1221;2.3818;2.0891;2.1622;2.2575;2.1101;2.1301;2.3722",""
"HLSLPERF_CROWD_BACKEND-2__HLSLPERF_CROWD_TILE_BINS-512__HLSLPERF_CROWD_TILE_REPLICAS-2__HLSLPERF_CROWD_TILE_SIZE-16__HLSLPERF_ELEMENTS_PER_THREAD-2__HLSLPERF_GROUP_SIZE-128__HLSLPERF_SCAN_BACKEND-1__HLSLPERF_SINGLE_PASS_GROUPS-256__HLSLPERF_SINGLE_PASS_ITEMS_SCALE-4__HLSLPERF_VECTOR_WIDTH-1__HLSLPERF_WAVE_SIZE-64",true,true,false,"",,,,,,,,4,2.1452,2.5029,0.0715,5865.5578,0.9647,"HLSLPERF_CROWD_BACKEND=2;HLSLPERF_CROWD_TILE_BINS=512;HLSLPERF_CROWD_TILE_REPLICAS=2;HLSLPERF_CROWD_TILE_SIZE=16;HLSLPERF_ELEMENTS_PER_THREAD=2;HLSLPERF_GROUP_SIZE=128;HLSLPERF_SCAN_BACKEND=1;HLSLPERF_SINGLE_PASS_GROUPS=256;HLSLPERF_SINGLE_PASS_ITEMS_SCALE=4;HLSLPERF_VECTOR_WIDTH=1;HLSLPERF_WAVE_SIZE=64","2.543;2.1223;2.1452;2.3177;2.0892;2.1389;2.3621;2.1509;2.1187;2.4628;2.1201",""
"HLSLPERF_CROWD_BACKEND-2__HLSLPERF_CROWD_TILE_BINS-512__HLSLPERF_CROWD_TILE_REPLICAS-1__HLSLPERF_CROWD_TILE_SIZE-16__HLSLPERF_ELEMENTS_PER_THREAD-4__HLSLPERF_GROUP_SIZE-128__HLSLPERF_SCAN_BACKEND-1__HLSLPERF_SINGLE_PASS_GROUPS-128__HLSLPERF_SINGLE_PASS_ITEMS_SCALE-2__HLSLPERF_VECTOR_WIDTH-1__HLSLPERF_WAVE_SIZE-32",true,true,false,"",,,,,,,,4,2.2464,2.5853,0.0683,5601.2927,0.9212,"HLSLPERF_CROWD_BACKEND=2;HLSLPERF_CROWD_TILE_BINS=512;HLSLPERF_CROWD_TILE_REPLICAS=1;HLSLPERF_CROWD_TILE_SIZE=16;HLSLPERF_ELEMENTS_PER_THREAD=4;HLSLPERF_GROUP_SIZE=128;HLSLPERF_SCAN_BACKEND=1;HLSLPERF_SINGLE_PASS_GROUPS=128;HLSLPERF_SINGLE_PASS_ITEMS_SCALE=2;HLSLPERF_VECTOR_WIDTH=1;HLSLPERF_WAVE_SIZE=32","2.239;2.1811;2.6252;2.5051;2.239;2.2117;2.5455;2.4396;2.1909;2.2464;2.3998",""
"HLSLPERF_CROWD_BACKEND-2__HLSLPERF_CROWD_TILE_BINS-512__HLSLPERF_CROWD_TILE_REPLICAS-2__HLSLPERF_CROWD_TILE_SIZE-16__HLSLPERF_ELEMENTS_PER_THREAD-4__HLSLPERF_GROUP_SIZE-128__HLSLPERF_SCAN_BACKEND-1__HLSLPERF_SINGLE_PASS_GROUPS-128__HLSLPERF_SINGLE_PASS_ITEMS_SCALE-2__HLSLPERF_VECTOR_WIDTH-1__HLSLPERF_WAVE_SIZE-32",true,true,false,"",,,,,,,,4,2.2565,2.5836,0.0673,5576.2466,0.9171,"HLSLPERF_CROWD_BACKEND=2;HLSLPERF_CROWD_TILE_BINS=512;HLSLPERF_CROWD_TILE_REPLICAS=2;HLSLPERF_CROWD_TILE_SIZE=16;HLSLPERF_ELEMENTS_PER_THREAD=4;HLSLPERF_GROUP_SIZE=128;HLSLPERF_SCAN_BACKEND=1;HLSLPERF_SINGLE_PASS_GROUPS=128;HLSLPERF_SINGLE_PASS_ITEMS_SCALE=2;HLSLPERF_VECTOR_WIDTH=1;HLSLPERF_WAVE_SIZE=32","2.2608;2.2285;2.4769;2.213;2.2217;2.5442;2.5147;2.2565;2.2346;2.6231;2.233",""
"HLSLPERF_CROWD_BACKEND-2__HLSLPERF_CROWD_TILE_BINS-512__HLSLPERF_CROWD_TILE_REPLICAS-1__HLSLPERF_CROWD_TILE_SIZE-16__HLSLPERF_ELEMENTS_PER_THREAD-4__HLSLPERF_GROUP_SIZE-128__HLSLPERF_SCAN_BACKEND-1__HLSLPERF_SINGLE_PASS_GROUPS-256__HLSLPERF_SINGLE_PASS_ITEMS_SCALE-2__HLSLPERF_VECTOR_WIDTH-1__HLSLPERF_WAVE_SIZE-32",true,true,false,"",,,,,,,,4,2.1707,2.594,0.0869,5796.8139,0.9534,"HLSLPERF_CROWD_BACKEND=2;HLSLPERF_CROWD_TILE_BINS=512;HLSLPERF_CROWD_TILE_REPLICAS=1;HLSLPERF_CROWD_TILE_SIZE=16;HLSLPERF_ELEMENTS_PER_THREAD=4;HLSLPERF_GROUP_SIZE=128;HLSLPERF_SCAN_BACKEND=1;HLSLPERF_SINGLE_PASS_GROUPS=256;HLSLPERF_SINGLE_PASS_ITEMS_SCALE=2;HLSLPERF_VECTOR_WIDTH=1;HLSLPERF_WAVE_SIZE=32","2.1415;2.1199;2.3823;2.4056;2.1707;2.1085;2.6924;2.1483;2.1447;2.4957;2.4742",""
"HLSLPERF_CROWD_BACKEND-2__HLSLPERF_CROWD_TILE_BINS-512__HLSLPERF_CROWD_TILE_REPLICAS-2__HLSLPERF_CROWD_TILE_SIZE-16__HLSLPERF_ELEMENTS_PER_THREAD-4__HLSLPERF_GROUP_SIZE-128__HLSLPERF_SCAN_BACKEND-1__HLSLPERF_SINGLE_PASS_GROUPS-256__HLSLPERF_SINGLE_PASS_ITEMS_SCALE-2__HLSLPERF_VECTOR_WIDTH-1__HLSLPERF_WAVE_SIZE-32",true,true,false,"",,,,,,,,4,2.1876,2.4843,0.0633,5751.9517,0.946,"HLSLPERF_CROWD_BACKEND=2;HLSLPERF_CROWD_TILE_BINS=512;HLSLPERF_CROWD_TILE_REPLICAS=2;HLSLPERF_CROWD_TILE_SIZE=16;HLSLPERF_ELEMENTS_PER_THREAD=4;HLSLPERF_GROUP_SIZE=128;HLSLPERF_SCAN_BACKEND=1;HLSLPERF_SINGLE_PASS_GROUPS=256;HLSLPERF_SINGLE_PASS_ITEMS_SCALE=2;HLSLPERF_VECTOR_WIDTH=1;HLSLPERF_WAVE_SIZE=32","2.2809;2.1511;2.127;2.1876;2.2606;2.1689;2.2453;2.5785;2.3901;2.0755;2.1615",""
"HLSLPERF_CROWD_BACKEND-2__HLSLPERF_CROWD_TILE_BINS-512__HLSLPERF_CROWD_TILE_REPLICAS-1__HLSLPERF_CROWD_TILE_SIZE-16__HLSLPERF_ELEMENTS_PER_THREAD-4__HLSLPERF_GROUP_SIZE-128__HLSLPERF_SCAN_BACKEND-1__HLSLPERF_SINGLE_PASS_GROUPS-128__HLSLPERF_SINGLE_PASS_ITEMS_SCALE-4__HLSLPERF_VECTOR_WIDTH-1__HLSLPERF_WAVE_SIZE-32",true,true,true,"",,,,,,,,2,2.075,2.2349,0.0422,6063.9371,0.9973,"HLSLPERF_CROWD_BACKEND=2;HLSLPERF_CROWD_TILE_BINS=512;HLSLPERF_CROWD_TILE_REPLICAS=1;HLSLPERF_CROWD_TILE_SIZE=16;HLSLPERF_ELEMENTS_PER_THREAD=4;HLSLPERF_GROUP_SIZE=128;HLSLPERF_SCAN_BACKEND=1;HLSLPERF_SINGLE_PASS_GROUPS=128;HLSLPERF_SINGLE_PASS_ITEMS_SCALE=4;HLSLPERF_VECTOR_WIDTH=1;HLSLPERF_WAVE_SIZE=32","2.1304;2.075;2.082;2.11;2.1144;2.3395;2.0452;2.0393;2.0421;2.0263;2.0429",""
"HLSLPERF_CROWD_BACKEND-2__HLSLPERF_CROWD_TILE_BINS-512__HLSLPERF_CROWD_TILE_REPLICAS-2__HLSLPERF_CROWD_TILE_SIZE-16__HLSLPERF_ELEMENTS_PER_THREAD-4__HLSLPERF_GROUP_SIZE-128__HLSLPERF_SCAN_BACKEND-1__HLSLPERF_SINGLE_PASS_GROUPS-128__HLSLPERF_SINGLE_PASS_ITEMS_SCALE-4__HLSLPERF_VECTOR_WIDTH-1__HLSLPERF_WAVE_SIZE-32",true,true,false,"",,,,,,,,4,2.1022,2.4217,0.0694,5985.5068,0.9844,"HLSLPERF_CROWD_BACKEND=2;HLSLPERF_CROWD_TILE_BINS=512;HLSLPERF_CROWD_TILE_REPLICAS=2;HLSLPERF_CROWD_TILE_SIZE=16;HLSLPERF_ELEMENTS_PER_THREAD=4;HLSLPERF_GROUP_SIZE=128;HLSLPERF_SCAN_BACKEND=1;HLSLPERF_SINGLE_PASS_GROUPS=128;HLSLPERF_SINGLE_PASS_ITEMS_SCALE=4;HLSLPERF_VECTOR_WIDTH=1;HLSLPERF_WAVE_SIZE=32","2.0267;2.0646;2.0347;2.1022;2.0734;2.1038;2.3328;2.108;2.0495;2.5106;2.1662",""
"HLSLPERF_CROWD_BACKEND-2__HLSLPERF_CROWD_TILE_BINS-512__HLSLPERF_CROWD_TILE_REPLICAS-1__HLSLPERF_CROWD_TILE_SIZE-16__HLSLPERF_ELEMENTS_PER_THREAD-4__HLSLPERF_GROUP_SIZE-128__HLSLPERF_SCAN_BACKEND-1__HLSLPERF_SINGLE_PASS_GROUPS-256__HLSLPERF_SINGLE_PASS_ITEMS_SCALE-4__HLSLPERF_VECTOR_WIDTH-1__HLSLPERF_WAVE_SIZE-32",true,true,false,"",,,,,,,,4,2.1125,2.4687,0.0699,5956.4644,0.9796,"HLSLPERF_CROWD_BACKEND=2;HLSLPERF_CROWD_TILE_BINS=512;HLSLPERF_CROWD_TILE_REPLICAS=1;HLSLPERF_CROWD_TILE_SIZE=16;HLSLPERF_ELEMENTS_PER_THREAD=4;HLSLPERF_GROUP_SIZE=128;HLSLPERF_SCAN_BACKEND=1;HLSLPERF_SINGLE_PASS_GROUPS=256;HLSLPERF_SINGLE_PASS_ITEMS_SCALE=4;HLSLPERF_VECTOR_WIDTH=1;HLSLPERF_WAVE_SIZE=32","2.1106;2.4362;2.0738;2.116;2.1786;2.5012;2.09;2.1042;2.33;2.0922;2.1125",""
"HLSLPERF_CROWD_BACKEND-2__HLSLPERF_CROWD_TILE_BINS-512__HLSLPERF_CROWD_TILE_REPLICAS-2__HLSLPERF_CROWD_TILE_SIZE-16__HLSLPERF_ELEMENTS_PER_THREAD-4__HLSLPERF_GROUP_SIZE-128__HLSLPERF_SCAN_BACKEND-1__HLSLPERF_SINGLE_PASS_GROUPS-256__HLSLPERF_SINGLE_PASS_ITEMS_SCALE-4__HLSLPERF_VECTOR_WIDTH-1__HLSLPERF_WAVE_SIZE-32",true,true,true,"",,,,,,,,4,2.0478,2.2936,0.0499,6144.6001,1.0105,"HLSLPERF_CROWD_BACKEND=2;HLSLPERF_CROWD_TILE_BINS=512;HLSLPERF_CROWD_TILE_REPLICAS=2;HLSLPERF_CROWD_TILE_SIZE=16;HLSLPERF_ELEMENTS_PER_THREAD=4;HLSLPERF_GROUP_SIZE=128;HLSLPERF_SCAN_BACKEND=1;HLSLPERF_SINGLE_PASS_GROUPS=256;HLSLPERF_SINGLE_PASS_ITEMS_SCALE=4;HLSLPERF_VECTOR_WIDTH=1;HLSLPERF_WAVE_SIZE=32","2.285;2.0478;2.0922;2.3022;2.0424;2.0102;2.0589;2.0389;2.0477;1.9955;2.0624",""
"HLSLPERF_CROWD_BACKEND-2__HLSLPERF_CROWD_TILE_BINS-512__HLSLPERF_CROWD_TILE_REPLICAS-1__HLSLPERF_CROWD_TILE_SIZE-16__HLSLPERF_ELEMENTS_PER_THREAD-4__HLSLPERF_GROUP_SIZE-128__HLSLPERF_SCAN_BACKEND-1__HLSLPERF_SINGLE_PASS_GROUPS-128__HLSLPERF_SINGLE_PASS_ITEMS_SCALE-2__HLSLPERF_VECTOR_WIDTH-1__HLSLPERF_WAVE_SIZE-64",true,true,false,"",,,,,,,,4,2.3065,2.5921,0.0632,5455.5084,0.8972,"HLSLPERF_CROWD_BACKEND=2;HLSLPERF_CROWD_TILE_BINS=512;HLSLPERF_CROWD_TILE_REPLICAS=1;HLSLPERF_CROWD_TILE_SIZE=16;HLSLPERF_ELEMENTS_PER_THREAD=4;HLSLPERF_GROUP_SIZE=128;HLSLPERF_SCAN_BACKEND=1;HLSLPERF_SINGLE_PASS_GROUPS=128;HLSLPERF_SINGLE_PASS_ITEMS_SCALE=2;HLSLPERF_VECTOR_WIDTH=1;HLSLPERF_WAVE_SIZE=64","2.4621;2.217;2.3825;2.4007;2.2183;2.3065;2.6353;2.2618;2.2017;2.549;2.2206",""
"HLSLPERF_CROWD_BACKEND-2__HLSLPERF_CROWD_TILE_BINS-512__HLSLPERF_CROWD_TILE_REPLICAS-2__HLSLPERF_CROWD_TILE_SIZE-16__HLSLPERF_ELEMENTS_PER_THREAD-4__HLSLPERF_GROUP_SIZE-128__HLSLPERF_SCAN_BACKEND-1__HLSLPERF_SINGLE_PASS_GROUPS-128__HLSLPERF_SINGLE_PASS_ITEMS_SCALE-2__HLSLPERF_VECTOR_WIDTH-1__HLSLPERF_WAVE_SIZE-64",true,true,true,"",,,,,,,,4,2.2275,2.4793,0.0532,5648.9196,0.929,"HLSLPERF_CROWD_BACKEND=2;HLSLPERF_CROWD_TILE_BINS=512;HLSLPERF_CROWD_TILE_REPLICAS=2;HLSLPERF_CROWD_TILE_SIZE=16;HLSLPERF_ELEMENTS_PER_THREAD=4;HLSLPERF_GROUP_SIZE=128;HLSLPERF_SCAN_BACKEND=1;HLSLPERF_SINGLE_PASS_GROUPS=128;HLSLPERF_SINGLE_PASS_ITEMS_SCALE=2;HLSLPERF_VECTOR_WIDTH=1;HLSLPERF_WAVE_SIZE=64","2.3684;2.2035;2.2275;2.4659;2.23;2.2371;2.4927;2.1781;2.171;2.1681;2.1675",""
"HLSLPERF_CROWD_BACKEND-2__HLSLPERF_CROWD_TILE_BINS-512__HLSLPERF_CROWD_TILE_REPLICAS-1__HLSLPERF_CROWD_TILE_SIZE-16__HLSLPERF_ELEMENTS_PER_THREAD-4__HLSLPERF_GROUP_SIZE-128__HLSLPERF_SCAN_BACKEND-1__HLSLPERF_SINGLE_PASS_GROUPS-256__HLSLPERF_SINGLE_PASS_ITEMS_SCALE-2__HLSLPERF_VECTOR_WIDTH-1__HLSLPERF_WAVE_SIZE-64",true,true,true,"",,,,,,,,4,2.1591,2.4242,0.0544,5827.8235,0.9585,"HLSLPERF_CROWD_BACKEND=2;HLSLPERF_CROWD_TILE_BINS=512;HLSLPERF_CROWD_TILE_REPLICAS=1;HLSLPERF_CROWD_TILE_SIZE=16;HLSLPERF_ELEMENTS_PER_THREAD=4;HLSLPERF_GROUP_SIZE=128;HLSLPERF_SCAN_BACKEND=1;HLSLPERF_SINGLE_PASS_GROUPS=256;HLSLPERF_SINGLE_PASS_ITEMS_SCALE=2;HLSLPERF_VECTOR_WIDTH=1;HLSLPERF_WAVE_SIZE=64","2.1191;2.1412;2.1318;2.3798;2.1342;2.1827;2.3257;2.1591;2.1377;2.4685;2.1597",""
"HLSLPERF_CROWD_BACKEND-2__HLSLPERF_CROWD_TILE_BINS-512__HLSLPERF_CROWD_TILE_REPLICAS-2__HLSLPERF_CROWD_TILE_SIZE-16__HLSLPERF_ELEMENTS_PER_THREAD-4__HLSLPERF_GROUP_SIZE-128__HLSLPERF_SCAN_BACKEND-1__HLSLPERF_SINGLE_PASS_GROUPS-256__HLSLPERF_SINGLE_PASS_ITEMS_SCALE-2__HLSLPERF_VECTOR_WIDTH-1__HLSLPERF_WAVE_SIZE-64",true,true,false,"",,,,,,,,4,2.2653,2.5136,0.07,5554.7564,0.9135,"HLSLPERF_CROWD_BACKEND=2;HLSLPERF_CROWD_TILE_BINS=512;HLSLPERF_CROWD_TILE_REPLICAS=2;HLSLPERF_CROWD_TILE_SIZE=16;HLSLPERF_ELEMENTS_PER_THREAD=4;HLSLPERF_GROUP_SIZE=128;HLSLPERF_SCAN_BACKEND=1;HLSLPERF_SINGLE_PASS_GROUPS=256;HLSLPERF_SINGLE_PASS_ITEMS_SCALE=2;HLSLPERF_VECTOR_WIDTH=1;HLSLPERF_WAVE_SIZE=64","2.493;2.2653;2.1757;2.3564;2.4926;2.1556;2.1236;2.5341;2.3204;2.1494;2.1153",""
"HLSLPERF_CROWD_BACKEND-2__HLSLPERF_CROWD_TILE_BINS-512__HLSLPERF_CROWD_TILE_REPLICAS-1__HLSLPERF_CROWD_TILE_SIZE-16__HLSLPERF_ELEMENTS_PER_THREAD-4__HLSLPERF_GROUP_SIZE-128__HLSLPERF_SCAN_BACKEND-1__HLSLPERF_SINGLE_PASS_GROUPS-128__HLSLPERF_SINGLE_PASS_ITEMS_SCALE-4__HLSLPERF_VECTOR_WIDTH-1__HLSLPERF_WAVE_SIZE-64",true,true,true,"",,,,,,,,4,2.0437,2.1977,0.0346,6156.8669,1.0126,"HLSLPERF_CROWD_BACKEND=2;HLSLPERF_CROWD_TILE_BINS=512;HLSLPERF_CROWD_TILE_REPLICAS=1;HLSLPERF_CROWD_TILE_SIZE=16;HLSLPERF_ELEMENTS_PER_THREAD=4;HLSLPERF_GROUP_SIZE=128;HLSLPERF_SCAN_BACKEND=1;HLSLPERF_SINGLE_PASS_GROUPS=128;HLSLPERF_SINGLE_PASS_ITEMS_SCALE=4;HLSLPERF_VECTOR_WIDTH=1;HLSLPERF_WAVE_SIZE=64","2.0437;2.0514;2.0293;2.0327;2.0199;2.0415;2.0304;2.1326;2.0786;2.1133;2.2629",""
"HLSLPERF_CROWD_BACKEND-2__HLSLPERF_CROWD_TILE_BINS-512__HLSLPERF_CROWD_TILE_REPLICAS-2__HLSLPERF_CROWD_TILE_SIZE-16__HLSLPERF_ELEMENTS_PER_THREAD-4__HLSLPERF_GROUP_SIZE-128__HLSLPERF_SCAN_BACKEND-1__HLSLPERF_SINGLE_PASS_GROUPS-128__HLSLPERF_SINGLE_PASS_ITEMS_SCALE-4__HLSLPERF_VECTOR_WIDTH-1__HLSLPERF_WAVE_SIZE-64",true,true,true,"",,,,,,,,4,2.0825,2.3036,0.0463,6042.1276,0.9937,"HLSLPERF_CROWD_BACKEND=2;HLSLPERF_CROWD_TILE_BINS=512;HLSLPERF_CROWD_TILE_REPLICAS=2;HLSLPERF_CROWD_TILE_SIZE=16;HLSLPERF_ELEMENTS_PER_THREAD=4;HLSLPERF_GROUP_SIZE=128;HLSLPERF_SCAN_BACKEND=1;HLSLPERF_SINGLE_PASS_GROUPS=128;HLSLPERF_SINGLE_PASS_ITEMS_SCALE=4;HLSLPERF_VECTOR_WIDTH=1;HLSLPERF_WAVE_SIZE=64","2.0825;2.3132;2.1099;2.0765;2.2939;2.0782;2.1169;2.2257;2.0596;2.0324;2.0581",""
"HLSLPERF_CROWD_BACKEND-2__HLSLPERF_CROWD_TILE_BINS-512__HLSLPERF_CROWD_TILE_REPLICAS-1__HLSLPERF_CROWD_TILE_SIZE-16__HLSLPERF_ELEMENTS_PER_THREAD-4__HLSLPERF_GROUP_SIZE-128__HLSLPERF_SCAN_BACKEND-1__HLSLPERF_SINGLE_PASS_GROUPS-256__HLSLPERF_SINGLE_PASS_ITEMS_SCALE-4__HLSLPERF_VECTOR_WIDTH-1__HLSLPERF_WAVE_SIZE-64",true,true,true,"",,,,,,,,4,2.0716,2.2705,0.05,6073.9479,0.9989,"HLSLPERF_CROWD_BACKEND=2;HLSLPERF_CROWD_TILE_BINS=512;HLSLPERF_CROWD_TILE_REPLICAS=1;HLSLPERF_CROWD_TILE_SIZE=16;HLSLPERF_ELEMENTS_PER_THREAD=4;HLSLPERF_GROUP_SIZE=128;HLSLPERF_SCAN_BACKEND=1;HLSLPERF_SINGLE_PASS_GROUPS=256;HLSLPERF_SINGLE_PASS_ITEMS_SCALE=4;HLSLPERF_VECTOR_WIDTH=1;HLSLPERF_WAVE_SIZE=64","2.045;2.0716;2.0458;2.0392;2.0415;2.0361;2.0931;2.098;2.1398;2.4011;2.1092",""
"HLSLPERF_CROWD_BACKEND-2__HLSLPERF_CROWD_TILE_BINS-512__HLSLPERF_CROWD_TILE_REPLICAS-2__HLSLPERF_CROWD_TILE_SIZE-16__HLSLPERF_ELEMENTS_PER_THREAD-4__HLSLPERF_GROUP_SIZE-128__HLSLPERF_SCAN_BACKEND-1__HLSLPERF_SINGLE_PASS_GROUPS-256__HLSLPERF_SINGLE_PASS_ITEMS_SCALE-4__HLSLPERF_VECTOR_WIDTH-1__HLSLPERF_WAVE_SIZE-64",true,true,false,"",,,,,,,,4,2.1487,2.4923,0.0724,5855.9491,0.9631,"HLSLPERF_CROWD_BACKEND=2;HLSLPERF_CROWD_TILE_BINS=512;HLSLPERF_CROWD_TILE_REPLICAS=2;HLSLPERF_CROWD_TILE_SIZE=16;HLSLPERF_ELEMENTS_PER_THREAD=4;HLSLPERF_GROUP_SIZE=128;HLSLPERF_SCAN_BACKEND=1;HLSLPERF_SINGLE_PASS_GROUPS=256;HLSLPERF_SINGLE_PASS_ITEMS_SCALE=4;HLSLPERF_VECTOR_WIDTH=1;HLSLPERF_WAVE_SIZE=64","2.3064;2.4049;2.1082;2.0804;2.5797;2.2369;2.0986;2.1487;2.269;2.107;2.0776",""
"HLSLPERF_CROWD_BACKEND-2__HLSLPERF_CROWD_TILE_BINS-512__HLSLPERF_CROWD_TILE_REPLICAS-1__HLSLPERF_CROWD_TILE_SIZE-16__HLSLPERF_ELEMENTS_PER_THREAD-4__HLSLPERF_GROUP_SIZE-128__HLSLPERF_SCAN_BACKEND-1__HLSLPERF_SINGLE_PASS_GROUPS-128__HLSLPERF_SINGLE_PASS_ITEMS_SCALE-2__HLSLPERF_VECTOR_WIDTH-4__HLSLPERF_WAVE_SIZE-32",true,true,false,"",,,,,,,,4,2.2066,2.7175,0.0952,5702.3207,0.9378,"HLSLPERF_CROWD_BACKEND=2;HLSLPERF_CROWD_TILE_BINS=512;HLSLPERF_CROWD_TILE_REPLICAS=1;HLSLPERF_CROWD_TILE_SIZE=16;HLSLPERF_ELEMENTS_PER_THREAD=4;HLSLPERF_GROUP_SIZE=128;HLSLPERF_SCAN_BACKEND=1;HLSLPERF_SINGLE_PASS_GROUPS=128;HLSLPERF_SINGLE_PASS_ITEMS_SCALE=2;HLSLPERF_VECTOR_WIDTH=4;HLSLPERF_WAVE_SIZE=32","2.2502;2.7419;2.2159;2.2066;2.6931;2.3088;2.1685;2.1543;2.137;2.1589;2.148",""
"HLSLPERF_CROWD_BACKEND-2__HLSLPERF_CROWD_TILE_BINS-512__HLSLPERF_CROWD_TILE_REPLICAS-2__HLSLPERF_CROWD_TILE_SIZE-16__HLSLPERF_ELEMENTS_PER_THREAD-4__HLSLPERF_GROUP_SIZE-128__HLSLPERF_SCAN_BACKEND-1__HLSLPERF_SINGLE_PASS_GROUPS-128__HLSLPERF_SINGLE_PASS_ITEMS_SCALE-2__HLSLPERF_VECTOR_WIDTH-4__HLSLPERF_WAVE_SIZE-32",true,true,false,"",,,,,,,,4,2.2924,2.6651,0.0742,5488.9209,0.9027,"HLSLPERF_CROWD_BACKEND=2;HLSLPERF_CROWD_TILE_BINS=512;HLSLPERF_CROWD_TILE_REPLICAS=2;HLSLPERF_CROWD_TILE_SIZE=16;HLSLPERF_ELEMENTS_PER_THREAD=4;HLSLPERF_GROUP_SIZE=128;HLSLPERF_SCAN_BACKEND=1;HLSLPERF_SINGLE_PASS_GROUPS=128;HLSLPERF_SINGLE_PASS_ITEMS_SCALE=2;HLSLPERF_VECTOR_WIDTH=4;HLSLPERF_WAVE_SIZE=32","2.3283;2.4484;2.197;2.2924;2.3758;2.2235;2.2149;2.6781;2.2505;2.1961;2.652",""
"HLSLPERF_CROWD_BACKEND-2__HLSLPERF_CROWD_TILE_BINS-512__HLSLPERF_CROWD_TILE_REPLICAS-1__HLSLPERF_CROWD_TILE_SIZE-16__HLSLPERF_ELEMENTS_PER_THREAD-4__HLSLPERF_GROUP_SIZE-128__HLSLPERF_SCAN_BACKEND-1__HLSLPERF_SINGLE_PASS_GROUPS-256__HLSLPERF_SINGLE_PASS_ITEMS_SCALE-2__HLSLPERF_VECTOR_WIDTH-4__HLSLPERF_WAVE_SIZE-32",true,true,true,"",,,,,,,,4,2.1931,2.3782,0.0475,5737.5788,0.9436,"HLSLPERF_CROWD_BACKEND=2;HLSLPERF_CROWD_TILE_BINS=512;HLSLPERF_CROWD_TILE_REPLICAS=1;HLSLPERF_CROWD_TILE_SIZE=16;HLSLPERF_ELEMENTS_PER_THREAD=4;HLSLPERF_GROUP_SIZE=128;HLSLPERF_SCAN_BACKEND=1;HLSLPERF_SINGLE_PASS_GROUPS=256;HLSLPERF_SINGLE_PASS_ITEMS_SCALE=2;HLSLPERF_VECTOR_WIDTH=4;HLSLPERF_WAVE_SIZE=32","2.3792;2.1265;2.1617;2.3772;2.132;2.1524;2.1931;2.3439;2.1284;2.197;2.337",""
"HLSLPERF_CROWD_BACKEND-2__HLSLPERF_CROWD_TILE_BINS-512__HLSLPERF_CROWD_TILE_REPLICAS-2__HLSLPERF_CROWD_TILE_SIZE-16__HLSLPERF_ELEMENTS_PER_THREAD-4__HLSLPERF_GROUP_SIZE-128__HLSLPERF_SCAN_BACKEND-1__HLSLPERF_SINGLE_PASS_GROUPS-256__HLSLPERF_SINGLE_PASS_ITEMS_SCALE-2__HLSLPERF_VECTOR_WIDTH-4__HLSLPERF_WAVE_SIZE-32",true,true,true,"",,,,,,,,4,2.1746,2.345,0.0432,5786.4441,0.9516,"HLSLPERF_CROWD_BACKEND=2;HLSLPERF_CROWD_TILE_BINS=512;HLSLPERF_CROWD_TILE_REPLICAS=2;HLSLPERF_CROWD_TILE_SIZE=16;HLSLPERF_ELEMENTS_PER_THREAD=4;HLSLPERF_GROUP_SIZE=128;HLSLPERF_SCAN_BACKEND=1;HLSLPERF_SINGLE_PASS_GROUPS=256;HLSLPERF_SINGLE_PASS_ITEMS_SCALE=2;HLSLPERF_VECTOR_WIDTH=4;HLSLPERF_WAVE_SIZE=32","2.3045;2.1828;2.355;2.1402;2.1307;2.3328;2.156;2.1422;2.3349;2.1072;2.1746",""
"HLSLPERF_CROWD_BACKEND-2__HLSLPERF_CROWD_TILE_BINS-512__HLSLPERF_CROWD_TILE_REPLICAS-1__HLSLPERF_CROWD_TILE_SIZE-16__HLSLPERF_ELEMENTS_PER_THREAD-4__HLSLPERF_GROUP_SIZE-128__HLSLPERF_SCAN_BACKEND-1__HLSLPERF_SINGLE_PASS_GROUPS-128__HLSLPERF_SINGLE_PASS_ITEMS_SCALE-4__HLSLPERF_VECTOR_WIDTH-4__HLSLPERF_WAVE_SIZE-32",true,true,false,"",,,,,,,,4,2.0372,2.3973,0.0779,6176.5414,1.0158,"HLSLPERF_CROWD_BACKEND=2;HLSLPERF_CROWD_TILE_BINS=512;HLSLPERF_CROWD_TILE_REPLICAS=1;HLSLPERF_CROWD_TILE_SIZE=16;HLSLPERF_ELEMENTS_PER_THREAD=4;HLSLPERF_GROUP_SIZE=128;HLSLPERF_SCAN_BACKEND=1;HLSLPERF_SINGLE_PASS_GROUPS=128;HLSLPERF_SINGLE_PASS_ITEMS_SCALE=4;HLSLPERF_VECTOR_WIDTH=4;HLSLPERF_WAVE_SIZE=32","2.5556;2.239;2.0525;2.0338;2.0462;2.0304;2.0389;2.0372;2.0192;2.0323;2.0122",""
"HLSLPERF_CROWD_BACKEND-2__HLSLPERF_CROWD_TILE_BINS-512__HLSLPERF_CROWD_TILE_REPLICAS-2__HLSLPERF_CROWD_TILE_SIZE-16__HLSLPERF_ELEMENTS_PER_THREAD-4__HLSLPERF_GROUP_SIZE-128__HLSLPERF_SCAN_BACKEND-1__HLSLPERF_SINGLE_PASS_GROUPS-128__HLSLPERF_SINGLE_PASS_ITEMS_SCALE-4__HLSLPERF_VECTOR_WIDTH-4__HLSLPERF_WAVE_SIZE-32",true,true,false,"",,,,,,,,2,2.1047,2.4183,0.0629,5978.5393,0.9832,"HLSLPERF_CROWD_BACKEND=2;HLSLPERF_CROWD_TILE_BINS=512;HLSLPERF_CROWD_TILE_REPLICAS=2;HLSLPERF_CROWD_TILE_SIZE=16;HLSLPERF_ELEMENTS_PER_THREAD=4;HLSLPERF_GROUP_SIZE=128;HLSLPERF_SCAN_BACKEND=1;HLSLPERF_SINGLE_PASS_GROUPS=128;HLSLPERF_SINGLE_PASS_ITEMS_SCALE=4;HLSLPERF_VECTOR_WIDTH=4;HLSLPERF_WAVE_SIZE=32","2.469;2.2586;2.1047;2.0553;2.1029;2.0874;2.2643;2.3676;2.0817;2.101;2.1126",""
"HLSLPERF_CROWD_BACKEND-2__HLSLPERF_CROWD_TILE_BINS-512__HLSLPERF_CROWD_TILE_REPLICAS-1__HLSLPERF_CROWD_TILE_SIZE-16__HLSLPERF_ELEMENTS_PER_THREAD-4__HLSLPERF_GROUP_SIZE-128__HLSLPERF_SCAN_BACKEND-1__HLSLPERF_SINGLE_PASS_GROUPS-256__HLSLPERF_SINGLE_PASS_ITEMS_SCALE-4__HLSLPERF_VECTOR_WIDTH-4__HLSLPERF_WAVE_SIZE-32",true,true,true,"",,,,,,,,4,2.0599,2.0958,0.0109,6108.5952,1.0046,"HLSLPERF_CROWD_BACKEND=2;HLSLPERF_CROWD_TILE_BINS=512;HLSLPERF_CROWD_TILE_REPLICAS=1;HLSLPERF_CROWD_TILE_SIZE=16;HLSLPERF_ELEMENTS_PER_THREAD=4;HLSLPERF_GROUP_SIZE=128;HLSLPERF_SCAN_BACKEND=1;HLSLPERF_SINGLE_PASS_GROUPS=256;HLSLPERF_SINGLE_PASS_ITEMS_SCALE=4;HLSLPERF_VECTOR_WIDTH=4;HLSLPERF_WAVE_SIZE=32","2.0553;2.0483;2.0643;2.0396;2.0624;2.0445;2.0659;2.0599;2.0671;2.0515;2.1244",""
"HLSLPERF_CROWD_BACKEND-2__HLSLPERF_CROWD_TILE_BINS-512__HLSLPERF_CROWD_TILE_REPLICAS-2__HLSLPERF_CROWD_TILE_SIZE-16__HLSLPERF_ELEMENTS_PER_THREAD-4__HLSLPERF_GROUP_SIZE-128__HLSLPERF_SCAN_BACKEND-1__HLSLPERF_SINGLE_PASS_GROUPS-256__HLSLPERF_SINGLE_PASS_ITEMS_SCALE-4__HLSLPERF_VECTOR_WIDTH-4__HLSLPERF_WAVE_SIZE-32",true,true,false,"",,,,,,,,2,2.1138,2.5018,0.0814,5952.8575,0.979,"HLSLPERF_CROWD_BACKEND=2;HLSLPERF_CROWD_TILE_BINS=512;HLSLPERF_CROWD_TILE_REPLICAS=2;HLSLPERF_CROWD_TILE_SIZE=16;HLSLPERF_ELEMENTS_PER_THREAD=4;HLSLPERF_GROUP_SIZE=128;HLSLPERF_SCAN_BACKEND=1;HLSLPERF_SINGLE_PASS_GROUPS=256;HLSLPERF_SINGLE_PASS_ITEMS_SCALE=4;HLSLPERF_VECTOR_WIDTH=4;HLSLPERF_WAVE_SIZE=32","2.4934;2.0941;2.1195;2.1294;2.0632;2.0874;2.4283;2.5103;2.0722;2.1065;2.1138",""
"HLSLPERF_CROWD_BACKEND-2__HLSLPERF_CROWD_TILE_BINS-512__HLSLPERF_CROWD_TILE_REPLICAS-1__HLSLPERF_CROWD_TILE_SIZE-16__HLSLPERF_ELEMENTS_PER_THREAD-4__HLSLPERF_GROUP_SIZE-128__HLSLPERF_SCAN_BACKEND-1__HLSLPERF_SINGLE_PASS_GROUPS-128__HLSLPERF_SINGLE_PASS_ITEMS_SCALE-2__HLSLPERF_VECTOR_WIDTH-4__HLSLPERF_WAVE_SIZE-64",true,true,false,"",,,,,,,,4,2.4045,2.6791,0.0648,5233.1333,0.8606,"HLSLPERF_CROWD_BACKEND=2;HLSLPERF_CROWD_TILE_BINS=512;HLSLPERF_CROWD_TILE_REPLICAS=1;HLSLPERF_CROWD_TILE_SIZE=16;HLSLPERF_ELEMENTS_PER_THREAD=4;HLSLPERF_GROUP_SIZE=128;HLSLPERF_SCAN_BACKEND=1;HLSLPERF_SINGLE_PASS_GROUPS=128;HLSLPERF_SINGLE_PASS_ITEMS_SCALE=2;HLSLPERF_VECTOR_WIDTH=4;HLSLPERF_WAVE_SIZE=64","2.6511;2.5109;2.2468;2.2816;2.4045;2.2469;2.3675;2.4664;2.291;2.4462;2.7071",""
"HLSLPERF_CROWD_BACKEND-2__HLSLPERF_CROWD_TILE_BINS-512__HLSLPERF_CROWD_TILE_REPLICAS-2__HLSLPERF_CROWD_TILE_SIZE-16__HLSLPERF_ELEMENTS_PER_THREAD-4__HLSLPERF_GROUP_SIZE-128__HLSLPERF_SCAN_BACKEND-1__HLSLPERF_SINGLE_PASS_GROUPS-128__HLSLPERF_SINGLE_PASS_ITEMS_SCALE-2__HLSLPERF_VECTOR_WIDTH-4__HLSLPERF_WAVE_SIZE-64",true,true,false,"",,,,,,,,4,2.2816,2.6563,0.0756,5515.0718,0.907,"HLSLPERF_CROWD_BACKEND=2;HLSLPERF_CROWD_TILE_BINS=512;HLSLPERF_CROWD_TILE_REPLICAS=2;HLSLPERF_CROWD_TILE_SIZE=16;HLSLPERF_ELEMENTS_PER_THREAD=4;HLSLPERF_GROUP_SIZE=128;HLSLPERF_SCAN_BACKEND=1;HLSLPERF_SINGLE_PASS_GROUPS=128;HLSLPERF_SINGLE_PASS_ITEMS_SCALE=2;HLSLPERF_VECTOR_WIDTH=4;HLSLPERF_WAVE_SIZE=64","2.478;2.6401;2.2816;2.2185;2.4936;2.2669;2.2211;2.56;2.6725;2.234;2.2246",""
"HLSLPERF_CROWD_BACKEND-2__HLSLPERF_CROWD_TILE_BINS-512__HLSLPERF_CROWD_TILE_REPLICAS-1__HLSLPERF_CROWD_TILE_SIZE-16__HLSLPERF_ELEMENTS_PER_THREAD-4__HLSLPERF_GROUP_SIZE-128__HLSLPERF_SCAN_BACKEND-1__HLSLPERF_SINGLE_PASS_GROUPS-256__HLSLPERF_SINGLE_PASS_ITEMS_SCALE-2__HLSLPERF_VECTOR_WIDTH-4__HLSLPERF_WAVE_SIZE-64",true,true,true,"",,,,,,,,4,2.1543,2.3307,0.0397,5840.7813,0.9606,"HLSLPERF_CROWD_BACKEND=2;HLSLPERF_CROWD_TILE_BINS=512;HLSLPERF_CROWD_TILE_REPLICAS=1;HLSLPERF_CROWD_TILE_SIZE=16;HLSLPERF_ELEMENTS_PER_THREAD=4;HLSLPERF_GROUP_SIZE=128;HLSLPERF_SCAN_BACKEND=1;HLSLPERF_SINGLE_PASS_GROUPS=256;HLSLPERF_SINGLE_PASS_ITEMS_SCALE=2;HLSLPERF_VECTOR_WIDTH=4;HLSLPERF_WAVE_SIZE=64","2.1467;2.1543;2.333;2.1248;2.1616;2.3284;2.1831;2.1182;2.3141;2.1454;2.1161",""
"HLSLPERF_CROWD_BACKEND-2__HLSLPERF_CROWD_TILE_BINS-512__HLSLPERF_CROWD_TILE_REPLICAS-2__HLSLPERF_CROWD_TILE_SIZE-16__HLSLPERF_ELEMENTS_PER_THREAD-4__HLSLPERF_GROUP_SIZE-128__HLSLPERF_SCAN_BACKEND-1__HLSLPERF_SINGLE_PASS_GROUPS-256__HLSLPERF_SINGLE_PASS_ITEMS_SCALE-2__HLSLPERF_VECTOR_WIDTH-4__HLSLPERF_WAVE_SIZE-64",true,true,false,"",,,,,,,,4,2.1666,2.4748,0.0674,5807.7033,0.9551,"HLSLPERF_CROWD_BACKEND=2;HLSLPERF_CROWD_TILE_BINS=512;HLSLPERF_CROWD_TILE_REPLICAS=2;HLSLPERF_CROWD_TILE_SIZE=16;HLSLPERF_ELEMENTS_PER_THREAD=4;HLSLPERF_GROUP_SIZE=128;HLSLPERF_SCAN_BACKEND=1;HLSLPERF_SINGLE_PASS_GROUPS=256;HLSLPERF_SINGLE_PASS_ITEMS_SCALE=2;HLSLPERF_VECTOR_WIDTH=4;HLSLPERF_WAVE_SIZE=64","2.4068;2.1356;2.1016;2.5363;2.341;2.1666;2.1083;2.4133;2.1327;2.1455;2.2971",""
"HLSLPERF_CROWD_BACKEND-2__HLSLPERF_CROWD_TILE_BINS-512__HLSLPERF_CROWD_TILE_REPLICAS-1__HLSLPERF_CROWD_TILE_SIZE-16__HLSLPERF_ELEMENTS_PER_THREAD-4__HLSLPERF_GROUP_SIZE-128__HLSLPERF_SCAN_BACKEND-1__HLSLPERF_SINGLE_PASS_GROUPS-128__HLSLPERF_SINGLE_PASS_ITEMS_SCALE-4__HLSLPERF_VECTOR_WIDTH-4__HLSLPERF_WAVE_SIZE-64",true,true,true,"",,,,,,,,4,2.1009,2.3243,0.0499,5989.296,0.985,"HLSLPERF_CROWD_BACKEND=2;HLSLPERF_CROWD_TILE_BINS=512;HLSLPERF_CROWD_TILE_REPLICAS=1;HLSLPERF_CROWD_TILE_SIZE=16;HLSLPERF_ELEMENTS_PER_THREAD=4;HLSLPERF_GROUP_SIZE=128;HLSLPERF_SCAN_BACKEND=1;HLSLPERF_SINGLE_PASS_GROUPS=128;HLSLPERF_SINGLE_PASS_ITEMS_SCALE=4;HLSLPERF_VECTOR_WIDTH=4;HLSLPERF_WAVE_SIZE=64","2.0809;2.1009;2.3346;2.2866;2.0688;2.065;2.314;2.056;2.0989;2.2157;2.1251",""
"HLSLPERF_CROWD_BACKEND-2__HLSLPERF_CROWD_TILE_BINS-512__HLSLPERF_CROWD_TILE_REPLICAS-2__HLSLPERF_CROWD_TILE_SIZE-16__HLSLPERF_ELEMENTS_PER_THREAD-4__HLSLPERF_GROUP_SIZE-128__HLSLPERF_SCAN_BACKEND-1__HLSLPERF_SINGLE_PASS_GROUPS-128__HLSLPERF_SINGLE_PASS_ITEMS_SCALE-4__HLSLPERF_VECTOR_WIDTH-4__HLSLPERF_WAVE_SIZE-64",true,true,false,"",,,,,,,,4,2.1132,2.4668,0.0711,5954.4068,0.9793,"HLSLPERF_CROWD_BACKEND=2;HLSLPERF_CROWD_TILE_BINS=512;HLSLPERF_CROWD_TILE_REPLICAS=2;HLSLPERF_CROWD_TILE_SIZE=16;HLSLPERF_ELEMENTS_PER_THREAD=4;HLSLPERF_GROUP_SIZE=128;HLSLPERF_SCAN_BACKEND=1;HLSLPERF_SINGLE_PASS_GROUPS=128;HLSLPERF_SINGLE_PASS_ITEMS_SCALE=4;HLSLPERF_VECTOR_WIDTH=4;HLSLPERF_WAVE_SIZE=64","2.4052;2.0877;2.0777;2.2169;2.0757;2.0961;2.3245;2.1132;2.07;2.5284;2.1858",""
"HLSLPERF_CROWD_BACKEND-2__HLSLPERF_CROWD_TILE_BINS-512__HLSLPERF_CROWD_TILE_REPLICAS-1__HLSLPERF_CROWD_TILE_SIZE-16__HLSLPERF_ELEMENTS_PER_THREAD-4__HLSLPERF_GROUP_SIZE-128__HLSLPERF_SCAN_BACKEND-1__HLSLPERF_SINGLE_PASS_GROUPS-256__HLSLPERF_SINGLE_PASS_ITEMS_SCALE-4__HLSLPERF_VECTOR_WIDTH-4__HLSLPERF_WAVE_SIZE-64",true,true,false,"",,,,,,,,4,2.0927,2.4462,0.0704,6012.7069,0.9889,"HLSLPERF_CROWD_BACKEND=2;HLSLPERF_CROWD_TILE_BINS=512;HLSLPERF_CROWD_TILE_REPLICAS=1;HLSLPERF_CROWD_TILE_SIZE=16;HLSLPERF_ELEMENTS_PER_THREAD=4;HLSLPERF_GROUP_SIZE=128;HLSLPERF_SCAN_BACKEND=1;HLSLPERF_SINGLE_PASS_GROUPS=256;HLSLPERF_SINGLE_PASS_ITEMS_SCALE=4;HLSLPERF_VECTOR_WIDTH=4;HLSLPERF_WAVE_SIZE=64","2.2033;2.0731;2.04;2.442;2.267;2.0927;2.0666;2.4504;2.2481;2.051;2.0651",""
"HLSLPERF_CROWD_BACKEND-2__HLSLPERF_CROWD_TILE_BINS-512__HLSLPERF_CROWD_TILE_REPLICAS-2__HLSLPERF_CROWD_TILE_SIZE-16__HLSLPERF_ELEMENTS_PER_THREAD-4__HLSLPERF_GROUP_SIZE-128__HLSLPERF_SCAN_BACKEND-1__HLSLPERF_SINGLE_PASS_GROUPS-256__HLSLPERF_SINGLE_PASS_ITEMS_SCALE-4__HLSLPERF_VECTOR_WIDTH-4__HLSLPERF_WAVE_SIZE-64",true,true,true,"",,,,,,,,4,2.0642,2.3083,0.0492,6095.87,1.0025,"HLSLPERF_CROWD_BACKEND=2;HLSLPERF_CROWD_TILE_BINS=512;HLSLPERF_CROWD_TILE_REPLICAS=2;HLSLPERF_CROWD_TILE_SIZE=16;HLSLPERF_ELEMENTS_PER_THREAD=4;HLSLPERF_GROUP_SIZE=128;HLSLPERF_SCAN_BACKEND=1;HLSLPERF_SINGLE_PASS_GROUPS=256;HLSLPERF_SINGLE_PASS_ITEMS_SCALE=4;HLSLPERF_VECTOR_WIDTH=4;HLSLPERF_WAVE_SIZE=64","2.0625;2.0642;2.2896;2.0085;2.0707;2.327;2.0456;2.0442;2.1357;2.0575;2.0961",""
"HLSLPERF_CROWD_BACKEND-2__HLSLPERF_CROWD_TILE_BINS-512__HLSLPERF_CROWD_TILE_REPLICAS-1__HLSLPERF_CROWD_TILE_SIZE-16__HLSLPERF_ELEMENTS_PER_THREAD-2__HLSLPERF_GROUP_SIZE-256__HLSLPERF_SCAN_BACKEND-1__HLSLPERF_SINGLE_PASS_GROUPS-128__HLSLPERF_SINGLE_PASS_ITEMS_SCALE-2__HLSLPERF_VECTOR_WIDTH-1__HLSLPERF_WAVE_SIZE-32",true,true,false,"",,,,,,,,4,2.2633,2.5615,0.0632,5559.4931,0.9143,"HLSLPERF_CROWD_BACKEND=2;HLSLPERF_CROWD_TILE_BINS=512;HLSLPERF_CROWD_TILE_REPLICAS=1;HLSLPERF_CROWD_TILE_SIZE=16;HLSLPERF_ELEMENTS_PER_THREAD=2;HLSLPERF_GROUP_SIZE=256;HLSLPERF_SCAN_BACKEND=1;HLSLPERF_SINGLE_PASS_GROUPS=128;HLSLPERF_SINGLE_PASS_ITEMS_SCALE=2;HLSLPERF_VECTOR_WIDTH=1;HLSLPERF_WAVE_SIZE=32","2.601;2.2633;2.2189;2.5032;2.2152;2.2141;2.5221;2.2331;2.273;2.4523;2.2372",""
"HLSLPERF_CROWD_BACKEND-2__HLSLPERF_CROWD_TILE_BINS-512__HLSLPERF_CROWD_TILE_REPLICAS-2__HLSLPERF_CROWD_TILE_SIZE-16__HLSLPERF_ELEMENTS_PER_THREAD-2__HLSLPERF_GROUP_SIZE-256__HLSLPERF_SCAN_BACKEND-1__HLSLPERF_SINGLE_PASS_GROUPS-128__HLSLPERF_SINGLE_PASS_ITEMS_SCALE-2__HLSLPERF_VECTOR_WIDTH-1__HLSLPERF_WAVE_SIZE-32",true,true,true,"",,,,,,,,4,2.3511,2.5179,0.0546,5352.0165,0.8802,"HLSLPERF_CROWD_BACKEND=2;HLSLPERF_CROWD_TILE_BINS=512;HLSLPERF_CROWD_TILE_REPLICAS=2;HLSLPERF_CROWD_TILE_SIZE=16;HLSLPERF_ELEMENTS_PER_THREAD=2;HLSLPERF_GROUP_SIZE=256;HLSLPERF_SCAN_BACKEND=1;HLSLPERF_SINGLE_PASS_GROUPS=128;HLSLPERF_SINGLE_PASS_ITEMS_SCALE=2;HLSLPERF_VECTOR_WIDTH=1;HLSLPERF_WAVE_SIZE=32","2.3875;2.4343;2.2069;2.3511;2.5252;2.2225;2.2452;2.5083;2.2804;2.2016;2.5107",""
"HLSLPERF_CROWD_BACKEND-2__HLSLPERF_CROWD_TILE_BINS-512__HLSLPERF_CROWD_TILE_REPLICAS-1__HLSLPERF_CROWD_TILE_SIZE-16__HLSLPERF_ELEMENTS_PER_THREAD-2__HLSLPERF_GROUP_SIZE-256__HLSLPERF_SCAN_BACKEND-1__HLSLPERF_SINGLE_PASS_GROUPS-256__HLSLPERF_SINGLE_PASS_ITEMS_SCALE-2__HLSLPERF_VECTOR_WIDTH-1__HLSLPERF_WAVE_SIZE-32",true,true,true,"",,,,,,,,4,1.8976,1.9331,0.0129,6631.1359,1.0906,"HLSLPERF_CROWD_BACKEND=2;HLSLPERF_CROWD_TILE_BINS=512;HLSLPERF_CROWD_TILE_REPLICAS=1;HLSLPERF_CROWD_TILE_SIZE=16;HLSLPERF_ELEMENTS_PER_THREAD=2;HLSLPERF_GROUP_SIZE=256;HLSLPERF_SCAN_BACKEND=1;HLSLPERF_SINGLE_PASS_GROUPS=256;HLSLPERF_SINGLE_PASS_ITEMS_SCALE=2;HLSLPERF_VECTOR_WIDTH=1;HLSLPERF_WAVE_SIZE=32","1.9194;1.9389;1.9147;1.9206;1.8917;1.8976;1.8803;1.8848;1.8607;1.877;1.9274",""
"HLSLPERF_CROWD_BACKEND-2__HLSLPERF_CROWD_TILE_BINS-512__HLSLPERF_CROWD_TILE_REPLICAS-2__HLSLPERF_CROWD_TILE_SIZE-16__HLSLPERF_ELEMENTS_PER_THREAD-2__HLSLPERF_GROUP_SIZE-256__HLSLPERF_SCAN_BACKEND-1__HLSLPERF_SINGLE_PASS_GROUPS-256__HLSLPERF_SINGLE_PASS_ITEMS_SCALE-2__HLSLPERF_VECTOR_WIDTH-1__HLSLPERF_WAVE_SIZE-32",true,true,true,"",,,,,,,,4,1.8903,2.0051,0.0303,6656.7449,1.0948,"HLSLPERF_CROWD_BACKEND=2;HLSLPERF_CROWD_TILE_BINS=512;HLSLPERF_CROWD_TILE_REPLICAS=2;HLSLPERF_CROWD_TILE_SIZE=16;HLSLPERF_ELEMENTS_PER_THREAD=2;HLSLPERF_GROUP_SIZE=256;HLSLPERF_SCAN_BACKEND=1;HLSLPERF_SINGLE_PASS_GROUPS=256;HLSLPERF_SINGLE_PASS_ITEMS_SCALE=2;HLSLPERF_VECTOR_WIDTH=1;HLSLPERF_WAVE_SIZE=32","1.9066;1.9107;1.9043;1.8903;1.8781;1.89;1.8635;1.9373;1.8702;1.8866;2.0729",""
"HLSLPERF_CROWD_BACKEND-2__HLSLPERF_CROWD_TILE_BINS-512__HLSLPERF_CROWD_TILE_REPLICAS-1__HLSLPERF_CROWD_TILE_SIZE-16__HLSLPERF_ELEMENTS_PER_THREAD-2__HLSLPERF_GROUP_SIZE-256__HLSLPERF_SCAN_BACKEND-1__HLSLPERF_SINGLE_PASS_GROUPS-128__HLSLPERF_SINGLE_PASS_ITEMS_SCALE-4__HLSLPERF_VECTOR_WIDTH-1__HLSLPERF_WAVE_SIZE-32",true,true,true,"",,,,,,,,4,2.0585,2.2127,0.0385,6112.7498,1.0053,"HLSLPERF_CROWD_BACKEND=2;HLSLPERF_CROWD_TILE_BINS=512;HLSLPERF_CROWD_TILE_REPLICAS=1;HLSLPERF_CROWD_TILE_SIZE=16;HLSLPERF_ELEMENTS_PER_THREAD=2;HLSLPERF_GROUP_SIZE=256;HLSLPERF_SCAN_BACKEND=1;HLSLPERF_SINGLE_PASS_GROUPS=128;HLSLPERF_SINGLE_PASS_ITEMS_SCALE=4;HLSLPERF_VECTOR_WIDTH=1;HLSLPERF_WAVE_SIZE=32","2.0321;2.0582;2.0496;2.0585;2.0282;2.064;2.0037;2.1213;2.0788;2.1268;2.2987",""
"HLSLPERF_CROWD_BACKEND-2__HLSLPERF_CROWD_TILE_BINS-512__HLSLPERF_CROWD_TILE_REPLICAS-2__HLSLPERF_CROWD_TILE_SIZE-16__HLSLPERF_ELEMENTS_PER_THREAD-2__HLSLPERF_GROUP_SIZE-256__HLSLPERF_SCAN_BACKEND-1__HLSLPERF_SINGLE_PASS_GROUPS-128__HLSLPERF_SINGLE_PASS_ITEMS_SCALE-4__HLSLPERF_VECTOR_WIDTH-1__HLSLPERF_WAVE_SIZE-32",true,true,true,"",,,,,,,,4,2.1129,2.3414,0.0498,5955.4214,0.9794,"HLSLPERF_CROWD_BACKEND=2;HLSLPERF_CROWD_TILE_BINS=512;HLSLPERF_CROWD_TILE_REPLICAS=2;HLSLPERF_CROWD_TILE_SIZE=16;HLSLPERF_ELEMENTS_PER_THREAD=2;HLSLPERF_GROUP_SIZE=256;HLSLPERF_SCAN_BACKEND=1;HLSLPERF_SINGLE_PASS_GROUPS=128;HLSLPERF_SINGLE_PASS_ITEMS_SCALE=4;HLSLPERF_VECTOR_WIDTH=1;HLSLPERF_WAVE_SIZE=32","2.0916;2.0804;2.0496;2.0628;2.0765;2.1436;2.1215;2.2799;2.1362;2.1129;2.4029",""
"HLSLPERF_CROWD_BACKEND-2__HLSLPERF_CROWD_TILE_BINS-512__HLSLPERF_CROWD_TILE_REPLICAS-1__HLSLPERF_CROWD_TILE_SIZE-16__HLSLPERF_ELEMENTS_PER_THREAD-2__HLSLPERF_GROUP_SIZE-256__HLSLPERF_SCAN_BACKEND-1__HLSLPERF_SINGLE_PASS_GROUPS-256__HLSLPERF_SINGLE_PASS_ITEMS_SCALE-4__HLSLPERF_VECTOR_WIDTH-1__HLSLPERF_WAVE_SIZE-32",true,true,true,"",,,,,,,,4,1.8135,1.8758,0.0162,6938.3916,1.1411,"HLSLPERF_CROWD_BACKEND=2;HLSLPERF_CROWD_TILE_BINS=512;HLSLPERF_CROWD_TILE_REPLICAS=1;HLSLPERF_CROWD_TILE_SIZE=16;HLSLPERF_ELEMENTS_PER_THREAD=2;HLSLPERF_GROUP_SIZE=256;HLSLPERF_SCAN_BACKEND=1;HLSLPERF_SINGLE_PASS_GROUPS=256;HLSLPERF_SINGLE_PASS_ITEMS_SCALE=4;HLSLPERF_VECTOR_WIDTH=1;HLSLPERF_WAVE_SIZE=32","1.8038;1.8135;1.7962;1.8209;1.7961;1.8194;1.7953;1.8142;1.8715;1.8026;1.8802",""
"HLSLPERF_CROWD_BACKEND-2__HLSLPERF_CROWD_TILE_BINS-512__HLSLPERF_CROWD_TILE_REPLICAS-2__HLSLPERF_CROWD_TILE_SIZE-16__HLSLPERF_ELEMENTS_PER_THREAD-2__HLSLPERF_GROUP_SIZE-256__HLSLPERF_SCAN_BACKEND-1__HLSLPERF_SINGLE_PASS_GROUPS-256__HLSLPERF_SINGLE_PASS_ITEMS_SCALE-4__HLSLPERF_VECTOR_WIDTH-1__HLSLPERF_WAVE_SIZE-32",true,true,true,"",,,,,,,,4,1.8121,1.9206,0.0317,6943.7521,1.142,"HLSLPERF_CROWD_BACKEND=2;HLSLPERF_CROWD_TILE_BINS=512;HLSLPERF_CROWD_TILE_REPLICAS=2;HLSLPERF_CROWD_TILE_SIZE=16;HLSLPERF_ELEMENTS_PER_THREAD=2;HLSLPERF_GROUP_SIZE=256;HLSLPERF_SCAN_BACKEND=1;HLSLPERF_SINGLE_PASS_GROUPS=256;HLSLPERF_SINGLE_PASS_ITEMS_SCALE=4;HLSLPERF_VECTOR_WIDTH=1;HLSLPERF_WAVE_SIZE=32","2.0016;1.8396;1.8024;1.8325;1.8027;1.8222;1.8051;1.8238;1.8018;1.8121;1.8026",""
"HLSLPERF_CROWD_BACKEND-2__HLSLPERF_CROWD_TILE_BINS-512__HLSLPERF_CROWD_TILE_REPLICAS-1__HLSLPERF_CROWD_TILE_SIZE-16__HLSLPERF_ELEMENTS_PER_THREAD-2__HLSLPERF_GROUP_SIZE-256__HLSLPERF_SCAN_BACKEND-1__HLSLPERF_SINGLE_PASS_GROUPS-128__HLSLPERF_SINGLE_PASS_ITEMS_SCALE-2__HLSLPERF_VECTOR_WIDTH-1__HLSLPERF_WAVE_SIZE-64",true,true,true,"",,,,,,,,4,2.2306,2.5512,0.0596,5640.9931,0.9277,"HLSLPERF_CROWD_BACKEND=2;HLSLPERF_CROWD_TILE_BINS=512;HLSLPERF_CROWD_TILE_REPLICAS=1;HLSLPERF_CROWD_TILE_SIZE=16;HLSLPERF_ELEMENTS_PER_THREAD=2;HLSLPERF_GROUP_SIZE=256;HLSLPERF_SCAN_BACKEND=1;HLSLPERF_SINGLE_PASS_GROUPS=128;HLSLPERF_SINGLE_PASS_ITEMS_SCALE=2;HLSLPERF_VECTOR_WIDTH=1;HLSLPERF_WAVE_SIZE=64","2.2003;2.2074;2.2041;2.2306;2.211;2.1833;2.2927;2.2618;2.5248;2.5775;2.231",""
"HLSLPERF_CROWD_BACKEND-2__HLSLPERF_CROWD_TILE_BINS-512__HLSLPERF_CROWD_TILE_REPLICAS-2__HLSLPERF_CROWD_TILE_SIZE-16__HLSLPERF_ELEMENTS_PER_THREAD-2__HLSLPERF_GROUP_SIZE-256__HLSLPERF_SCAN_BACKEND-1__HLSLPERF_SINGLE_PASS_GROUPS-128__HLSLPERF_SINGLE_PASS_ITEMS_SCALE-2__HLSLPERF_VECTOR_WIDTH-1__HLSLPERF_WAVE_SIZE-64",true,true,false,"",,,,,,,,4,2.3119,2.6273,0.0641,5442.6714,0.8951,"HLSLPERF_CROWD_BACKEND=2;HLSLPERF_CROWD_TILE_BINS=512;HLSLPERF_CROWD_TILE_REPLICAS=2;HLSLPERF_CROWD_TILE_SIZE=16;HLSLPERF_ELEMENTS_PER_THREAD=2;HLSLPERF_GROUP_SIZE=256;HLSLPERF_SCAN_BACKEND=1;HLSLPERF_SINGLE_PASS_GROUPS=128;HLSLPERF_SINGLE_PASS_ITEMS_SCALE=2;HLSLPERF_VECTOR_WIDTH=1;HLSLPERF_WAVE_SIZE=64","2.5111;2.5828;2.2431;2.3022;2.5554;2.2347;2.3119;2.6717;2.2919;2.2933;2.4293",""
"HLSLPERF_CROWD_BACKEND-2__HLSLPERF_CROWD_TILE_BINS-512__HLSLPERF_CROWD_TILE_REPLICAS-1__HLSLPERF_CROWD_TILE_SIZE-16__HLSLPERF_ELEMENTS_PER_THREAD-2__HLSLPERF_GROUP_SIZE-256__HLSLPERF_SCAN_BACKEND-1__HLSLPERF_SINGLE_PASS_GROUPS-256__HLSLPERF_SINGLE_PASS_ITEMS_SCALE-2__HLSLPERF_VECTOR_WIDTH-1__HLSLPERF_WAVE_SIZE-64",true,true,false,"",,,,,,,,4,2.1256,2.5059,0.0844,5919.7546,0.9736,"HLSLPERF_CROWD_BACKEND=2;HLSLPERF_CROWD_TILE_BINS=512;HLSLPERF_CROWD_TILE_REPLICAS=1;HLSLPERF_CROWD_TILE_SIZE=16;HLSLPERF_ELEMENTS_PER_THREAD=2;HLSLPERF_GROUP_SIZE=256;HLSLPERF_SCAN_BACKEND=1;HLSLPERF_SINGLE_PASS_GROUPS=256;HLSLPERF_SINGLE_PASS_ITEMS_SCALE=2;HLSLPERF_VECTOR_WIDTH=1;HLSLPERF_WAVE_SIZE=64","2.2835;2.1853;2.1382;2.7181;2.2937;2.098;2.1086;2.0836;2.1256;2.0894;2.1138",""
"HLSLPERF_CROWD_BACKEND-2__HLSLPERF_CROWD_TILE_BINS-512__HLSLPERF_CROWD_TILE_REPLICAS-2__HLSLPERF_CROWD_TILE_SIZE-16__HLSLPERF_ELEMENTS_PER_THREAD-2__HLSLPERF_GROUP_SIZE-256__HLSLPERF_SCAN_BACKEND-1__HLSLPERF_SINGLE_PASS_GROUPS-256__HLSLPERF_SINGLE_PASS_ITEMS_SCALE-2__HLSLPERF_VECTOR_WIDTH-1__HLSLPERF_WAVE_SIZE-64",true,true,false,"",,,,,,,,4,2.1358,2.5733,0.0855,5891.428,0.9689,"HLSLPERF_CROWD_BACKEND=2;HLSLPERF_CROWD_TILE_BINS=512;HLSLPERF_CROWD_TILE_REPLICAS=2;HLSLPERF_CROWD_TILE_SIZE=16;HLSLPERF_ELEMENTS_PER_THREAD=2;HLSLPERF_GROUP_SIZE=256;HLSLPERF_SCAN_BACKEND=1;HLSLPERF_SINGLE_PASS_GROUPS=256;HLSLPERF_SINGLE_PASS_ITEMS_SCALE=2;HLSLPERF_VECTOR_WIDTH=1;HLSLPERF_WAVE_SIZE=64","2.1358;2.6223;2.1516;2.1595;2.3703;2.5243;2.1172;2.0944;2.1167;2.0897;2.0942",""
"HLSLPERF_CROWD_BACKEND-2__HLSLPERF_CROWD_TILE_BINS-512__HLSLPERF_CROWD_TILE_REPLICAS-1__HLSLPERF_CROWD_TILE_SIZE-16__HLSLPERF_ELEMENTS_PER_THREAD-2__HLSLPERF_GROUP_SIZE-256__HLSLPERF_SCAN_BACKEND-1__HLSLPERF_SINGLE_PASS_GROUPS-128__HLSLPERF_SINGLE_PASS_ITEMS_SCALE-4__HLSLPERF_VECTOR_WIDTH-1__HLSLPERF_WAVE_SIZE-64",true,true,true,"",,,,,,,,4,2.133,2.3803,0.0543,5899.1341,0.9702,"HLSLPERF_CROWD_BACKEND=2;HLSLPERF_CROWD_TILE_BINS=512;HLSLPERF_CROWD_TILE_REPLICAS=1;HLSLPERF_CROWD_TILE_SIZE=16;HLSLPERF_ELEMENTS_PER_THREAD=2;HLSLPERF_GROUP_SIZE=256;HLSLPERF_SCAN_BACKEND=1;HLSLPERF_SINGLE_PASS_GROUPS=128;HLSLPERF_SINGLE_PASS_ITEMS_SCALE=4;HLSLPERF_VECTOR_WIDTH=1;HLSLPERF_WAVE_SIZE=64","2.1318;2.1011;2.28;2.0809;2.133;2.2746;2.1376;2.1269;2.4807;2.1517;2.1067",""
"HLSLPERF_CROWD_BACKEND-2__HLSLPERF_CROWD_TILE_BINS-512__HLSLPERF_CROWD_TILE_REPLICAS-2__HLSLPERF_CROWD_TILE_SIZE-16__HLSLPERF_ELEMENTS_PER_THREAD-2__HLSLPERF_GROUP_SIZE-256__HLSLPERF_SCAN_BACKEND-1__HLSLPERF_SINGLE_PASS_GROUPS-128__HLSLPERF_SINGLE_PASS_ITEMS_SCALE-4__HLSLPERF_VECTOR_WIDTH-1__HLSLPERF_WAVE_SIZE-64",true,true,false,"",,,,,,,,4,2.11,2.4361,0.0662,5963.5219,0.9808,"HLSLPERF_CROWD_BACKEND=2;HLSLPERF_CROWD_TILE_BINS=512;HLSLPERF_CROWD_TILE_REPLICAS=2;HLSLPERF_CROWD_TILE_SIZE=16;HLSLPERF_ELEMENTS_PER_THREAD=2;HLSLPERF_GROUP_SIZE=256;HLSLPERF_SCAN_BACKEND=1;HLSLPERF_SINGLE_PASS_GROUPS=128;HLSLPERF_SINGLE_PASS_ITEMS_SCALE=4;HLSLPERF_VECTOR_WIDTH=1;HLSLPERF_WAVE_SIZE=64","2.0872;2.2213;2.0978;2.1547;2.3237;2.101;2.0985;2.3095;2.11;2.1073;2.5485",""
"HLSLPERF_CROWD_BACKEND-2__HLSLPERF_CROWD_TILE_BINS-512__HLSLPERF_CROWD_TILE_REPLICAS-1__HLSLPERF_CROWD_TILE_SIZE-16__HLSLPERF_ELEMENTS_PER_THREAD-2__HLSLPERF_GROUP_SIZE-256__HLSLPERF_SCAN_BACKEND-1__HLSLPERF_SINGLE_PASS_GROUPS-256__HLSLPERF_SINGLE_PASS_ITEMS_SCALE-4__HLSLPERF_VECTOR_WIDTH-1__HLSLPERF_WAVE_SIZE-64",true,true,true,"",,,,,,,,4,2.0611,2.0956,0.0137,6104.8609,1.004,"HLSLPERF_CROWD_BACKEND=2;HLSLPERF_CROWD_TILE_BINS=512;HLSLPERF_CROWD_TILE_REPLICAS=1;HLSLPERF_CROWD_TILE_SIZE=16;HLSLPERF_ELEMENTS_PER_THREAD=2;HLSLPERF_GROUP_SIZE=256;HLSLPERF_SCAN_BACKEND=1;HLSLPERF_SINGLE_PASS_GROUPS=256;HLSLPERF_SINGLE_PASS_ITEMS_SCALE=4;HLSLPERF_VECTOR_WIDTH=1;HLSLPERF_WAVE_SIZE=64","2.0537;2.0319;2.0611;2.0274;2.0625;2.027;2.067;2.0689;2.0711;2.0236;2.1201",""
"HLSLPERF_CROWD_BACKEND-2__HLSLPERF_CROWD_TILE_BINS-512__HLSLPERF_CROWD_TILE_REPLICAS-2__HLSLPERF_CROWD_TILE_SIZE-16__HLSLPERF_ELEMENTS_PER_THREAD-2__HLSLPERF_GROUP_SIZE-256__HLSLPERF_SCAN_BACKEND-1__HLSLPERF_SINGLE_PASS_GROUPS-256__HLSLPERF_SINGLE_PASS_ITEMS_SCALE-4__HLSLPERF_VECTOR_WIDTH-1__HLSLPERF_WAVE_SIZE-64",true,true,true,"",,,,,,,,4,2.0433,2.1476,0.0278,6158.1626,1.0128,"HLSLPERF_CROWD_BACKEND=2;HLSLPERF_CROWD_TILE_BINS=512;HLSLPERF_CROWD_TILE_REPLICAS=2;HLSLPERF_CROWD_TILE_SIZE=16;HLSLPERF_ELEMENTS_PER_THREAD=2;HLSLPERF_GROUP_SIZE=256;HLSLPERF_SCAN_BACKEND=1;HLSLPERF_SINGLE_PASS_GROUPS=256;HLSLPERF_SINGLE_PASS_ITEMS_SCALE=4;HLSLPERF_VECTOR_WIDTH=1;HLSLPERF_WAVE_SIZE=64","2.2248;2.0269;2.0596;2.0375;2.0434;2.0211;2.0704;2.0391;2.0433;2.022;2.0618",""
"HLSLPERF_CROWD_BACKEND-2__HLSLPERF_CROWD_TILE_BINS-512__HLSLPERF_CROWD_TILE_REPLICAS-1__HLSLPERF_CROWD_TILE_SIZE-16__HLSLPERF_ELEMENTS_PER_THREAD-4__HLSLPERF_GROUP_SIZE-256__HLSLPERF_SCAN_BACKEND-1__HLSLPERF_SINGLE_PASS_GROUPS-128__HLSLPERF_SINGLE_PASS_ITEMS_SCALE-2__HLSLPERF_VECTOR_WIDTH-1__HLSLPERF_WAVE_SIZE-32",true,true,true,"",,,,,,,,4,2.0733,2.324,0.0497,6068.9969,0.9981,"HLSLPERF_CROWD_BACKEND=2;HLSLPERF_CROWD_TILE_BINS=512;HLSLPERF_CROWD_TILE_REPLICAS=1;HLSLPERF_CROWD_TILE_SIZE=16;HLSLPERF_ELEMENTS_PER_THREAD=4;HLSLPERF_GROUP_SIZE=256;HLSLPERF_SCAN_BACKEND=1;HLSLPERF_SINGLE_PASS_GROUPS=128;HLSLPERF_SINGLE_PASS_ITEMS_SCALE=2;HLSLPERF_VECTOR_WIDTH=1;HLSLPERF_WAVE_SIZE=32","2.309;2.1296;2.1224;2.3391;2.0848;2.0355;2.0721;2.0334;2.0703;2.0539;2.0733",""
"HLSLPERF_CROWD_BACKEND-2__HLSLPERF_CROWD_TILE_BINS-512__HLSLPERF_CROWD_TILE_REPLICAS-2__HLSLPERF_CROWD_TILE_SIZE-16__HLSLPERF_ELEMENTS_PER_THREAD-4__HLSLPERF_GROUP_SIZE-256__HLSLPERF_SCAN_BACKEND-1__HLSLPERF_SINGLE_PASS_GROUPS-128__HLSLPERF_SINGLE_PASS_ITEMS_SCALE-2__HLSLPERF_VECTOR_WIDTH-1__HLSLPERF_WAVE_SIZE-32",true,true,true,"",,,,,,,,4,2.134,2.3258,0.048,5896.425,0.9697,"HLSLPERF_CROWD_BACKEND=2;HLSLPERF_CROWD_TILE_BINS=512;HLSLPERF_CROWD_TILE_REPLICAS=2;HLSLPERF_CROWD_TILE_SIZE=16;HLSLPERF_ELEMENTS_PER_THREAD=4;HLSLPERF_GROUP_SIZE=256;HLSLPERF_SCAN_BACKEND=1;HLSLPERF_SINGLE_PASS_GROUPS=128;HLSLPERF_SINGLE_PASS_ITEMS_SCALE=2;HLSLPERF_VECTOR_WIDTH=1;HLSLPERF_WAVE_SIZE=32","2.3513;2.0962;2.134;2.2886;2.1522;2.1144;2.2776;2.1238;2.1169;2.3002;2.0284",""
"HLSLPERF_CROWD_BACKEND-2__HLSLPERF_CROWD_TILE_BINS-512__HLSLPERF_CROWD_TILE_REPLICAS-1__HLSLPERF_CROWD_TILE_SIZE-16__HLSLPERF_ELEMENTS_PER_THREAD-4__HLSLPERF_GROUP_SIZE-256__HLSLPERF_SCAN_BACKEND-1__HLSLPERF_SINGLE_PASS_GROUPS-256__HLSLPERF_SINGLE_PASS_ITEMS_SCALE-2__HLSLPERF_VECTOR_WIDTH-1__HLSLPERF_WAVE_SIZE-32",true,true,true,"",,,,,,,,4,1.835,1.9592,0.0317,6857.1354,1.1277,"HLSLPERF_CROWD_BACKEND=2;HLSLPERF_CROWD_TILE_BINS=512;HLSLPERF_CROWD_TILE_REPLICAS=1;HLSLPERF_CROWD_TILE_SIZE=16;HLSLPERF_ELEMENTS_PER_THREAD=4;HLSLPERF_GROUP_SIZE=256;HLSLPERF_SCAN_BACKEND=1;HLSLPERF_SINGLE_PASS_GROUPS=256;HLSLPERF_SINGLE_PASS_ITEMS_SCALE=2;HLSLPERF_VECTOR_WIDTH=1;HLSLPERF_WAVE_SIZE=32","1.8984;1.8296;1.8514;2.0201;1.845;1.8225;1.835;1.8248;1.8398;1.824;1.8199",""
"HLSLPERF_CROWD_BACKEND-2__HLSLPERF_CROWD_TILE_BINS-512__HLSLPERF_CROWD_TILE_REPLICAS-2__HLSLPERF_CROWD_TILE_SIZE-16__HLSLPERF_ELEMENTS_PER_THREAD-4__HLSLPERF_GROUP_SIZE-256__HLSLPERF_SCAN_BACKEND-1__HLSLPERF_SINGLE_PASS_GROUPS-256__HLSLPERF_SINGLE_PASS_ITEMS_SCALE-2__HLSLPERF_VECTOR_WIDTH-1__HLSLPERF_WAVE_SIZE-32",true,true,true,"",,,,,,,,4,1.8266,1.8467,0.0056,6888.7823,1.1329,"HLSLPERF_CROWD_BACKEND=2;HLSLPERF_CROWD_TILE_BINS=512;HLSLPERF_CROWD_TILE_REPLICAS=2;HLSLPERF_CROWD_TILE_SIZE=16;HLSLPERF_ELEMENTS_PER_THREAD=4;HLSLPERF_GROUP_SIZE=256;HLSLPERF_SCAN_BACKEND=1;HLSLPERF_SINGLE_PASS_GROUPS=256;HLSLPERF_SINGLE_PASS_ITEMS_SCALE=2;HLSLPERF_VECTOR_WIDTH=1;HLSLPERF_WAVE_SIZE=32","1.8448;1.8251;1.848;1.8234;1.8433;1.826;1.8236;1.8377;1.8266;1.8454;1.8251",""
"HLSLPERF_CROWD_BACKEND-2__HLSLPERF_CROWD_TILE_BINS-512__HLSLPERF_CROWD_TILE_REPLICAS-1__HLSLPERF_CROWD_TILE_SIZE-16__HLSLPERF_ELEMENTS_PER_THREAD-4__HLSLPERF_GROUP_SIZE-256__HLSLPERF_SCAN_BACKEND-1__HLSLPERF_SINGLE_PASS_GROUPS-128__HLSLPERF_SINGLE_PASS_ITEMS_SCALE-4__HLSLPERF_VECTOR_WIDTH-1__HLSLPERF_WAVE_SIZE-32",true,true,true,"",,,,,,,,4,2.137,2.2513,0.0293,5888.1749,0.9684,"HLSLPERF_CROWD_BACKEND=2;HLSLPERF_CROWD_TILE_BINS=512;HLSLPERF_CROWD_TILE_REPLICAS=1;HLSLPERF_CROWD_TILE_SIZE=16;HLSLPERF_ELEMENTS_PER_THREAD=4;HLSLPERF_GROUP_SIZE=256;HLSLPERF_SCAN_BACKEND=1;HLSLPERF_SINGLE_PASS_GROUPS=128;HLSLPERF_SINGLE_PASS_ITEMS_SCALE=4;HLSLPERF_VECTOR_WIDTH=1;HLSLPERF_WAVE_SIZE=32","2.1643;2.257;2.2306;2.0929;2.2455;2.1166;2.1362;2.137;2.1272;2.2405;2.0953",""
"HLSLPERF_CROWD_BACKEND-2__HLSLPERF_CROWD_TILE_BINS-512__HLSLPERF_CROWD_TILE_REPLICAS-2__HLSLPERF_CROWD_TILE_SIZE-16__HLSLPERF_ELEMENTS_PER_THREAD-4__HLSLPERF_GROUP_SIZE-256__HLSLPERF_SCAN_BACKEND-1__HLSLPERF_SINGLE_PASS_GROUPS-128__HLSLPERF_SINGLE_PASS_ITEMS_SCALE-4__HLSLPERF_VECTOR_WIDTH-1__HLSLPERF_WAVE_SIZE-32",true,true,true,"",,,,,,,,4,2.1329,2.296,0.0381,5899.383,0.9702,"HLSLPERF_CROWD_BACKEND=2;HLSLPERF_CROWD_TILE_BINS=512;HLSLPERF_CROWD_TILE_REPLICAS=2;HLSLPERF_CROWD_TILE_SIZE=16;HLSLPERF_ELEMENTS_PER_THREAD=4;HLSLPERF_GROUP_SIZE=256;HLSLPERF_SCAN_BACKEND=1;HLSLPERF_SINGLE_PASS_GROUPS=128;HLSLPERF_SINGLE_PASS_ITEMS_SCALE=4;HLSLPERF_VECTOR_WIDTH=1;HLSLPERF_WAVE_SIZE=32","2.3017;2.1312;2.1006;2.2271;2.1329;2.1102;2.2472;2.0758;2.1331;2.2902;2.0937",""
"HLSLPERF_CROWD_BACKEND-2__HLSLPERF_CROWD_TILE_BINS-512__HLSLPERF_CROWD_TILE_REPLICAS-1__HLSLPERF_CROWD_TILE_SIZE-16__HLSLPERF_ELEMENTS_PER_THREAD-4__HLSLPERF_GROUP_SIZE-256__HLSLPERF_SCAN_BACKEND-1__HLSLPERF_SINGLE_PASS_GROUPS-256__HLSLPERF_SINGLE_PASS_ITEMS_SCALE-4__HLSLPERF_VECTOR_WIDTH-1__HLSLPERF_WAVE_SIZE-32",true,true,true,"",,,,,,,,4,1.8475,1.9683,0.0301,6810.7041,1.1201,"HLSLPERF_CROWD_BACKEND=2;HLSLPERF_CROWD_TILE_BINS=512;HLSLPERF_CROWD_TILE_REPLICAS=1;HLSLPERF_CROWD_TILE_SIZE=16;HLSLPERF_ELEMENTS_PER_THREAD=4;HLSLPERF_GROUP_SIZE=256;HLSLPERF_SCAN_BACKEND=1;HLSLPERF_SINGLE_PASS_GROUPS=256;HLSLPERF_SINGLE_PASS_ITEMS_SCALE=4;HLSLPERF_VECTOR_WIDTH=1;HLSLPERF_WAVE_SIZE=32","1.9072;1.8445;1.8873;2.0295;1.8549;1.8447;1.8433;1.8444;1.8478;1.8475;1.8415",""
"HLSLPERF_CROWD_BACKEND-2__HLSLPERF_CROWD_TILE_BINS-512__HLSLPERF_CROWD_TILE_REPLICAS-2__HLSLPERF_CROWD_TILE_SIZE-16__HLSLPERF_ELEMENTS_PER_THREAD-4__HLSLPERF_GROUP_SIZE-256__HLSLPERF_SCAN_BACKEND-1__HLSLPERF_SINGLE_PASS_GROUPS-256__HLSLPERF_SINGLE_PASS_ITEMS_SCALE-4__HLSLPERF_VECTOR_WIDTH-1__HLSLPERF_WAVE_SIZE-32",true,true,true,"",,,,,,,,4,1.8537,1.9394,0.0264,6787.9614,1.1164,"HLSLPERF_CROWD_BACKEND=2;HLSLPERF_CROWD_TILE_BINS=512;HLSLPERF_CROWD_TILE_REPLICAS=2;HLSLPERF_CROWD_TILE_SIZE=16;HLSLPERF_ELEMENTS_PER_THREAD=4;HLSLPERF_GROUP_SIZE=256;HLSLPERF_SCAN_BACKEND=1;HLSLPERF_SINGLE_PASS_GROUPS=256;HLSLPERF_SINGLE_PASS_ITEMS_SCALE=4;HLSLPERF_VECTOR_WIDTH=1;HLSLPERF_WAVE_SIZE=32","2.0159;1.8439;1.8591;1.8489;1.8568;1.8506;1.8516;1.8539;1.8537;1.8629;1.8525",""
"HLSLPERF_CROWD_BACKEND-2__HLSLPERF_CROWD_TILE_BINS-512__HLSLPERF_CROWD_TILE_REPLICAS-1__HLSLPERF_CROWD_TILE_SIZE-16__HLSLPERF_ELEMENTS_PER_THREAD-4__HLSLPERF_GROUP_SIZE-256__HLSLPERF_SCAN_BACKEND-1__HLSLPERF_SINGLE_PASS_GROUPS-128__HLSLPERF_SINGLE_PASS_ITEMS_SCALE-2__HLSLPERF_VECTOR_WIDTH-1__HLSLPERF_WAVE_SIZE-64",true,true,true,"",,,,,,,,4,2.1424,2.3544,0.0488,5873.1963,0.9659,"HLSLPERF_CROWD_BACKEND=2;HLSLPERF_CROWD_TILE_BINS=512;HLSLPERF_CROWD_TILE_REPLICAS=1;HLSLPERF_CROWD_TILE_SIZE=16;HLSLPERF_ELEMENTS_PER_THREAD=4;HLSLPERF_GROUP_SIZE=256;HLSLPERF_SCAN_BACKEND=1;HLSLPERF_SINGLE_PASS_GROUPS=128;HLSLPERF_SINGLE_PASS_ITEMS_SCALE=2;HLSLPERF_VECTOR_WIDTH=1;HLSLPERF_WAVE_SIZE=64","2.1244;2.3178;2.1424;2.1096;2.2398;2.0849;2.1487;2.3409;2.0954;2.1127;2.3679",""
"HLSLPERF_CROWD_BACKEND-2__HLSLPERF_CROWD_TILE_BINS-512__HLSLPERF_CROWD_TILE_REPLICAS-2__HLSLPERF_CROWD_TILE_SIZE-16__HLSLPERF_ELEMENTS_PER_THREAD-4__HLSLPERF_GROUP_SIZE-256__HLSLPERF_SCAN_BACKEND-1__HLSLPERF_SINGLE_PASS_GROUPS-128__HLSLPERF_SINGLE_PASS_ITEMS_SCALE-2__HLSLPERF_VECTOR_WIDTH-1__HLSLPERF_WAVE_SIZE-64",true,true,true,"",,,,,,,,4,2.0447,2.3403,0.0577,6153.8257,1.0121,"HLSLPERF_CROWD_BACKEND=2;HLSLPERF_CROWD_TILE_BINS=512;HLSLPERF_CROWD_TILE_REPLICAS=2;HLSLPERF_CROWD_TILE_SIZE=16;HLSLPERF_ELEMENTS_PER_THREAD=4;HLSLPERF_GROUP_SIZE=256;HLSLPERF_SCAN_BACKEND=1;HLSLPERF_SINGLE_PASS_GROUPS=128;HLSLPERF_SINGLE_PASS_ITEMS_SCALE=2;HLSLPERF_VECTOR_WIDTH=1;HLSLPERF_WAVE_SIZE=64","2.3195;2.3611;2.0363;2.0632;2.0447;2.0406;2.0265;2.0553;2.0341;2.0522;2.0363",""
"HLSLPERF_CROWD_BACKEND-2__HLSLPERF_CROWD_TILE_BINS-512__HLSLPERF_CROWD_TILE_REPLICAS-1__HLSLPERF_CROWD_TILE_SIZE-16__HLSLPERF_ELEMENTS_PER_THREAD-4__HLSLPERF_GROUP_SIZE-256__HLSLPERF_SCAN_BACKEND-1__HLSLPERF_SINGLE_PASS_GROUPS-256__HLSLPERF_SINGLE_PASS_ITEMS_SCALE-2__HLSLPERF_VECTOR_WIDTH-1__HLSLPERF_WAVE_SIZE-64",true,true,true,"",,,,,,,,4,2.1097,2.3082,0.0458,5964.2286,0.9809,"HLSLPERF_CROWD_BACKEND=2;HLSLPERF_CROWD_TILE_BINS=512;HLSLPERF_CROWD_TILE_REPLICAS=1;HLSLPERF_CROWD_TILE_SIZE=16;HLSLPERF_ELEMENTS_PER_THREAD=4;HLSLPERF_GROUP_SIZE=256;HLSLPERF_SCAN_BACKEND=1;HLSLPERF_SINGLE_PASS_GROUPS=256;HLSLPERF_SINGLE_PASS_ITEMS_SCALE=2;HLSLPERF_VECTOR_WIDTH=1;HLSLPERF_WAVE_SIZE=64","2.1237;2.1059;2.1992;2.1097;2.1068;2.2428;2.0793;2.115;2.3735;2.0509;2.0311",""
"HLSLPERF_CROWD_BACKEND-2__HLSLPERF_CROWD_TILE_BINS-512__HLSLPERF_CROWD_TILE_REPLICAS-2__HLSLPERF_CROWD_TILE_SIZE-16__HLSLPERF_ELEMENTS_PER_THREAD-4__HLSLPERF_GROUP_SIZE-256__HLSLPERF_SCAN_BACKEND-1__HLSLPERF_SINGLE_PASS_GROUPS-256__HLSLPERF_SINGLE_PASS_ITEMS_SCALE-2__HLSLPERF_VECTOR_WIDTH-1__HLSLPERF_WAVE_SIZE-64",true,true,true,"",,,,,,,,4,2.1086,2.3286,0.0483,5967.5663,0.9814,"HLSLPERF_CROWD_BACKEND=2;HLSLPERF_CROWD_TILE_BINS=512;HLSLPERF_CROWD_TILE_REPLICAS=2;HLSLPERF_CROWD_TILE_SIZE=16;HLSLPERF_ELEMENTS_PER_THREAD=4;HLSLPERF_GROUP_SIZE=256;HLSLPERF_SCAN_BACKEND=1;HLSLPERF_SINGLE_PASS_GROUPS=256;HLSLPERF_SINGLE_PASS_ITEMS_SCALE=2;HLSLPERF_VECTOR_WIDTH=1;HLSLPERF_WAVE_SIZE=64","2.0561;2.0537;2.1109;2.0812;2.1386;2.3044;2.122;2.1086;2.3527;2.0691;2.0438",""
"HLSLPERF_CROWD_BACKEND-2__HLSLPERF_CROWD_TILE_BINS-512__HLSLPERF_CROWD_TILE_REPLICAS-1__HLSLPERF_CROWD_TILE_SIZE-16__HLSLPERF_ELEMENTS_PER_THREAD-4__HLSLPERF_GROUP_SIZE-256__HLSLPERF_SCAN_BACKEND-1__HLSLPERF_SINGLE_PASS_GROUPS-128__HLSLPERF_SINGLE_PASS_ITEMS_SCALE-4__HLSLPERF_VECTOR_WIDTH-1__HLSLPERF_WAVE_SIZE-64",true,true,true,"",,,,,,,,4,2.0948,2.2541,0.0423,6006.8514,0.9879,"HLSLPERF_CROWD_BACKEND=2;HLSLPERF_CROWD_TILE_BINS=512;HLSLPERF_CROWD_TILE_REPLICAS=1;HLSLPERF_CROWD_TILE_SIZE=16;HLSLPERF_ELEMENTS_PER_THREAD=4;HLSLPERF_GROUP_SIZE=256;HLSLPERF_SCAN_BACKEND=1;HLSLPERF_SINGLE_PASS_GROUPS=128;HLSLPERF_SINGLE_PASS_ITEMS_SCALE=4;HLSLPERF_VECTOR_WIDTH=1;HLSLPERF_WAVE_SIZE=64","2.0435;2.0068;2.0983;2.0806;2.115;2.2686;2.0948;2.0434;2.2259;2.2396;2.0449",""
"HLSLPERF_CROWD_BACKEND-2__HLSLPERF_CROWD_TILE_BINS-512__HLSLPERF_CROWD_TILE_REPLICAS-2__HLSLPERF_CROWD_TILE_SIZE-16__HLSLPERF_ELEMENTS_PER_THREAD-4__HLSLPERF_GROUP_SIZE-256__HLSLPERF_SCAN_BACKEND-1__HLSLPERF_SINGLE_PASS_GROUPS-128__HLSLPERF_SINGLE_PASS_ITEMS_SCALE-4__HLSLPERF_VECTOR_WIDTH-1__HLSLPERF_WAVE_SIZE-64",true,true,true,"",,,,,,,,4,2.0075,2.1646,0.0325,6267.9824,1.0308,"HLSLPERF_CROWD_BACKEND=2;HLSLPERF_CROWD_TILE_BINS=512;HLSLPERF_CROWD_TILE_REPLICAS=2;HLSLPERF_CROWD_TILE_SIZE=16;HLSLPERF_ELEMENTS_PER_THREAD=4;HLSLPERF_GROUP_SIZE=256;HLSLPERF_SCAN_BACKEND=1;HLSLPERF_SINGLE_PASS_GROUPS=128;HLSLPERF_SINGLE_PASS_ITEMS_SCALE=4;HLSLPERF_VECTOR_WIDTH=1;HLSLPERF_WAVE_SIZE=64","1.9644;2.0075;2.0299;2.0074;2.0019;2.0429;2.1416;2.1877;2.0051;2.0042;2.0381",""
"HLSLPERF_CROWD_BACKEND-2__HLSLPERF_CROWD_TILE_BINS-512__HLSLPERF_CROWD_TILE_REPLICAS-1__HLSLPERF_CROWD_TILE_SIZE-16__HLSLPERF_ELEMENTS_PER_THREAD-4__HLSLPERF_GROUP_SIZE-256__HLSLPERF_SCAN_BACKEND-1__HLSLPERF_SINGLE_PASS_GROUPS-256__HLSLPERF_SINGLE_PASS_ITEMS_SCALE-4__HLSLPERF_VECTOR_WIDTH-1__HLSLPERF_WAVE_SIZE-64",true,true,true,"",,,,,,,,4,1.8312,1.9452,0.0314,6871.5525,1.1301,"HLSLPERF_CROWD_BACKEND=2;HLSLPERF_CROWD_TILE_BINS=512;HLSLPERF_CROWD_TILE_REPLICAS=1;HLSLPERF_CROWD_TILE_SIZE=16;HLSLPERF_ELEMENTS_PER_THREAD=4;HLSLPERF_GROUP_SIZE=256;HLSLPERF_SCAN_BACKEND=1;HLSLPERF_SINGLE_PASS_GROUPS=256;HLSLPERF_SINGLE_PASS_ITEMS_SCALE=4;HLSLPERF_VECTOR_WIDTH=1;HLSLPERF_WAVE_SIZE=64","1.8719;2.0186;1.8215;1.8344;1.8219;1.8312;1.8208;1.8397;1.8207;1.841;1.8211",""
"HLSLPERF_CROWD_BACKEND-2__HLSLPERF_CROWD_TILE_BINS-512__HLSLPERF_CROWD_TILE_REPLICAS-2__HLSLPERF_CROWD_TILE_SIZE-16__HLSLPERF_ELEMENTS_PER_THREAD-4__HLSLPERF_GROUP_SIZE-256__HLSLPERF_SCAN_BACKEND-1__HLSLPERF_SINGLE_PASS_GROUPS-256__HLSLPERF_SINGLE_PASS_ITEMS_SCALE-4__HLSLPERF_VECTOR_WIDTH-1__HLSLPERF_WAVE_SIZE-64",true,true,true,"",,,,,,,,4,1.8312,1.9206,0.0247,6871.2898,1.1301,"HLSLPERF_CROWD_BACKEND=2;HLSLPERF_CROWD_TILE_BINS=512;HLSLPERF_CROWD_TILE_REPLICAS=2;HLSLPERF_CROWD_TILE_SIZE=16;HLSLPERF_ELEMENTS_PER_THREAD=4;HLSLPERF_GROUP_SIZE=256;HLSLPERF_SCAN_BACKEND=1;HLSLPERF_SINGLE_PASS_GROUPS=256;HLSLPERF_SINGLE_PASS_ITEMS_SCALE=4;HLSLPERF_VECTOR_WIDTH=1;HLSLPERF_WAVE_SIZE=64","1.8166;1.8312;1.8144;1.8166;1.8315;1.8173;1.8335;1.8172;1.8349;1.8724;1.9687",""
"HLSLPERF_CROWD_BACKEND-2__HLSLPERF_CROWD_TILE_BINS-512__HLSLPERF_CROWD_TILE_REPLICAS-1__HLSLPERF_CROWD_TILE_SIZE-16__HLSLPERF_ELEMENTS_PER_THREAD-4__HLSLPERF_GROUP_SIZE-256__HLSLPERF_SCAN_BACKEND-1__HLSLPERF_SINGLE_PASS_GROUPS-128__HLSLPERF_SINGLE_PASS_ITEMS_SCALE-2__HLSLPERF_VECTOR_WIDTH-4__HLSLPERF_WAVE_SIZE-32",true,true,true,"",,,,,,,,4,2.1345,2.2661,0.0339,5895.0438,0.9695,"HLSLPERF_CROWD_BACKEND=2;HLSLPERF_CROWD_TILE_BINS=512;HLSLPERF_CROWD_TILE_REPLICAS=1;HLSLPERF_CROWD_TILE_SIZE=16;HLSLPERF_ELEMENTS_PER_THREAD=4;HLSLPERF_GROUP_SIZE=256;HLSLPERF_SCAN_BACKEND=1;HLSLPERF_SINGLE_PASS_GROUPS=128;HLSLPERF_SINGLE_PASS_ITEMS_SCALE=2;HLSLPERF_VECTOR_WIDTH=4;HLSLPERF_WAVE_SIZE=32","2.2878;2.1345;2.1181;2.2367;2.0758;2.1223;2.2444;2.1403;2.0742;2.1634;2.0844",""
"HLSLPERF_CROWD_BACKEND-2__HLSLPERF_CROWD_TILE_BINS-512__HLSLPERF_CROWD_TILE_REPLICAS-2__HLSLPERF_CROWD_TILE_SIZE-16__HLSLPERF_ELEMENTS_PER_THREAD-4__HLSLPERF_GROUP_SIZE-256__HLSLPERF_SCAN_BACKEND-1__HLSLPERF_SINGLE_PASS_GROUPS-128__HLSLPERF_SINGLE_PASS_ITEMS_SCALE-2__HLSLPERF_VECTOR_WIDTH-4__HLSLPERF_WAVE_SIZE-32",true,true,false,"",,,,,,,,4,2.1292,2.4282,0.0622,5909.6068,0.9719,"HLSLPERF_CROWD_BACKEND=2;HLSLPERF_CROWD_TILE_BINS=512;HLSLPERF_CROWD_TILE_REPLICAS=2;HLSLPERF_CROWD_TILE_SIZE=16;HLSLPERF_ELEMENTS_PER_THREAD=4;HLSLPERF_GROUP_SIZE=256;HLSLPERF_SCAN_BACKEND=1;HLSLPERF_SINGLE_PASS_GROUPS=128;HLSLPERF_SINGLE_PASS_ITEMS_SCALE=2;HLSLPERF_VECTOR_WIDTH=4;HLSLPERF_WAVE_SIZE=32","2.4393;2.3293;2.1292;2.0771;2.3116;2.1085;2.1077;2.2758;2.1006;2.109;2.4171",""
"HLSLPERF_CROWD_BACKEND-2__HLSLPERF_CROWD_TILE_BINS-512__HLSLPERF_CROWD_TILE_REPLICAS-1__HLSLPERF_CROWD_TILE_SIZE-16__HLSLPERF_ELEMENTS_PER_THREAD-4__HLSLPERF_GROUP_SIZE-256__HLSLPERF_SCAN_BACKEND-1__HLSLPERF_SINGLE_PASS_GROUPS-256__HLSLPERF_SINGLE_PASS_ITEMS_SCALE-2__HLSLPERF_VECTOR_WIDTH-4__HLSLPERF_WAVE_SIZE-32",true,true,true,"",,,,,,,,4,1.8249,1.8712,0.0111,6895.1997,1.134,"HLSLPERF_CROWD_BACKEND=2;HLSLPERF_CROWD_TILE_BINS=512;HLSLPERF_CROWD_TILE_REPLICAS=1;HLSLPERF_CROWD_TILE_SIZE=16;HLSLPERF_ELEMENTS_PER_THREAD=4;HLSLPERF_GROUP_SIZE=256;HLSLPERF_SCAN_BACKEND=1;HLSLPERF_SINGLE_PASS_GROUPS=256;HLSLPERF_SINGLE_PASS_ITEMS_SCALE=2;HLSLPERF_VECTOR_WIDTH=4;HLSLPERF_WAVE_SIZE=32","1.8249;1.8426;1.8235;1.8223;1.8192;1.8236;1.8329;1.8246;1.8878;1.834;1.8547",""
"HLSLPERF_CROWD_BACKEND-2__HLSLPERF_CROWD_TILE_BINS-512__HLSLPERF_CROWD_TILE_REPLICAS-2__HLSLPERF_CROWD_TILE_SIZE-16__HLSLPERF_ELEMENTS_PER_THREAD-4__HLSLPERF_GROUP_SIZE-256__HLSLPERF_SCAN_BACKEND-1__HLSLPERF_SINGLE_PASS_GROUPS-256__HLSLPERF_SINGLE_PASS_ITEMS_SCALE-2__HLSLPERF_VECTOR_WIDTH-4__HLSLPERF_WAVE_SIZE-32",true,true,true,"",,,,,,,,4,1.8315,1.8607,0.0077,6870.1268,1.1299,"HLSLPERF_CROWD_BACKEND=2;HLSLPERF_CROWD_TILE_BINS=512;HLSLPERF_CROWD_TILE_REPLICAS=2;HLSLPERF_CROWD_TILE_SIZE=16;HLSLPERF_ELEMENTS_PER_THREAD=4;HLSLPERF_GROUP_SIZE=256;HLSLPERF_SCAN_BACKEND=1;HLSLPERF_SINGLE_PASS_GROUPS=256;HLSLPERF_SINGLE_PASS_ITEMS_SCALE=2;HLSLPERF_VECTOR_WIDTH=4;HLSLPERF_WAVE_SIZE=32","1.8227;1.8303;1.8546;1.8306;1.8612;1.8315;1.8434;1.8276;1.8603;1.8311;1.8517",""
"HLSLPERF_CROWD_BACKEND-2__HLSLPERF_CROWD_TILE_BINS-512__HLSLPERF_CROWD_TILE_REPLICAS-1__HLSLPERF_CROWD_TILE_SIZE-16__HLSLPERF_ELEMENTS_PER_THREAD-4__HLSLPERF_GROUP_SIZE-256__HLSLPERF_SCAN_BACKEND-1__HLSLPERF_SINGLE_PASS_GROUPS-128__HLSLPERF_SINGLE_PASS_ITEMS_SCALE-4__HLSLPERF_VECTOR_WIDTH-4__HLSLPERF_WAVE_SIZE-32",true,true,true,"",,,,,,,,4,2.1314,2.2919,0.036,5903.7286,0.9709,"HLSLPERF_CROWD_BACKEND=2;HLSLPERF_CROWD_TILE_BINS=512;HLSLPERF_CROWD_TILE_REPLICAS=1;HLSLPERF_CROWD_TILE_SIZE=16;HLSLPERF_ELEMENTS_PER_THREAD=4;HLSLPERF_GROUP_SIZE=256;HLSLPERF_SCAN_BACKEND=1;HLSLPERF_SINGLE_PASS_GROUPS=128;HLSLPERF_SINGLE_PASS_ITEMS_SCALE=4;HLSLPERF_VECTOR_WIDTH=4;HLSLPERF_WAVE_SIZE=32","2.2884;2.1068;2.1625;2.2467;2.1024;2.1283;2.2954;2.1288;2.1314;2.259;2.0995",""
"HLSLPERF_CROWD_BACKEND-2__HLSLPERF_CROWD_TILE_BINS-512__HLSLPERF_CROWD_TILE_REPLICAS-2__HLSLPERF_CROWD_TILE_SIZE-16__HLSLPERF_ELEMENTS_PER_THREAD-4__HLSLPERF_GROUP_SIZE-256__HLSLPERF_SCAN_BACKEND-1__HLSLPERF_SINGLE_PASS_GROUPS-128__HLSLPERF_SINGLE_PASS_ITEMS_SCALE-4__HLSLPERF_VECTOR_WIDTH-4__HLSLPERF_WAVE_SIZE-32",true,true,false,"",,,,,,,,4,2.1517,2.4376,0.0637,5847.8118,0.9617,"HLSLPERF_CROWD_BACKEND=2;HLSLPERF_CROWD_TILE_BINS=512;HLSLPERF_CROWD_TILE_REPLICAS=2;HLSLPERF_CROWD_TILE_SIZE=16;HLSLPERF_ELEMENTS_PER_THREAD=4;HLSLPERF_GROUP_SIZE=256;HLSLPERF_SCAN_BACKEND=1;HLSLPERF_SINGLE_PASS_GROUPS=128;HLSLPERF_SINGLE_PASS_ITEMS_SCALE=4;HLSLPERF_VECTOR_WIDTH=4;HLSLPERF_WAVE_SIZE=32","2.2924;2.1517;2.0974;2.2899;2.1079;2.1038;2.3488;2.3613;2.1387;2.0917;2.5138",""
"HLSLPERF_CROWD_BACKEND-2__HLSLPERF_CROWD_TILE_BINS-512__HLSLPERF_CROWD_TILE_REPLICAS-1__HLSLPERF_CROWD_TILE_SIZE-16__HLSLPERF_ELEMENTS_PER_THREAD-4__HLSLPERF_GROUP_SIZE-256__HLSLPERF_SCAN_BACKEND-1__HLSLPERF_SINGLE_PASS_GROUPS-256__HLSLPERF_SINGLE_PASS_ITEMS_SCALE-4__HLSLPERF_VECTOR_WIDTH-4__HLSLPERF_WAVE_SIZE-32",true,true,true,"",,,,,,,,4,1.8453,1.9336,0.0211,6818.7869,1.1214,"HLSLPERF_CROWD_BACKEND=2;HLSLPERF_CROWD_TILE_BINS=512;HLSLPERF_CROWD_TILE_REPLICAS=1;HLSLPERF_CROWD_TILE_SIZE=16;HLSLPERF_ELEMENTS_PER_THREAD=4;HLSLPERF_GROUP_SIZE=256;HLSLPERF_SCAN_BACKEND=1;HLSLPERF_SINGLE_PASS_GROUPS=256;HLSLPERF_SINGLE_PASS_ITEMS_SCALE=4;HLSLPERF_VECTOR_WIDTH=4;HLSLPERF_WAVE_SIZE=32","1.8573;1.8386;1.865;1.8404;1.899;1.8453;1.8426;1.9682;1.8854;1.8414;1.8416",""
"HLSLPERF_CROWD_BACKEND-2__HLSLPERF_CROWD_TILE_BINS-512__HLSLPERF_CROWD_TILE_REPLICAS-2__HLSLPERF_CROWD_TILE_SIZE-16__HLSLPERF_ELEMENTS_PER_THREAD-4__HLSLPERF_GROUP_SIZE-256__HLSLPERF_SCAN_BACKEND-1__HLSLPERF_SINGLE_PASS_GROUPS-256__HLSLPERF_SINGLE_PASS_ITEMS_SCALE-4__HLSLPERF_VECTOR_WIDTH-4__HLSLPERF_WAVE_SIZE-32",true,true,true,"",,,,,,,,4,1.8619,1.9502,0.0265,6758.0304,1.1114,"HLSLPERF_CROWD_BACKEND=2;HLSLPERF_CROWD_TILE_BINS=512;HLSLPERF_CROWD_TILE_REPLICAS=2;HLSLPERF_CROWD_TILE_SIZE=16;HLSLPERF_ELEMENTS_PER_THREAD=4;HLSLPERF_GROUP_SIZE=256;HLSLPERF_SCAN_BACKEND=1;HLSLPERF_SINGLE_PASS_GROUPS=256;HLSLPERF_SINGLE_PASS_ITEMS_SCALE=4;HLSLPERF_VECTOR_WIDTH=4;HLSLPERF_WAVE_SIZE=32","1.8743;2.0262;1.8582;1.854;1.8619;1.8725;1.8613;1.8633;1.8602;1.8725;1.8529",""
"HLSLPERF_CROWD_BACKEND-2__HLSLPERF_CROWD_TILE_BINS-512__HLSLPERF_CROWD_TILE_REPLICAS-1__HLSLPERF_CROWD_TILE_SIZE-16__HLSLPERF_ELEMENTS_PER_THREAD-4__HLSLPERF_GROUP_SIZE-256__HLSLPERF_SCAN_BACKEND-1__HLSLPERF_SINGLE_PASS_GROUPS-128__HLSLPERF_SINGLE_PASS_ITEMS_SCALE-2__HLSLPERF_VECTOR_WIDTH-4__HLSLPERF_WAVE_SIZE-64",true,true,false,"",,,,,,,,4,2.1016,2.4116,0.0636,5987.3011,0.9847,"HLSLPERF_CROWD_BACKEND=2;HLSLPERF_CROWD_TILE_BINS=512;HLSLPERF_CROWD_TILE_REPLICAS=1;HLSLPERF_CROWD_TILE_SIZE=16;HLSLPERF_ELEMENTS_PER_THREAD=4;HLSLPERF_GROUP_SIZE=256;HLSLPERF_SCAN_BACKEND=1;HLSLPERF_SINGLE_PASS_GROUPS=128;HLSLPERF_SINGLE_PASS_ITEMS_SCALE=2;HLSLPERF_VECTOR_WIDTH=4;HLSLPERF_WAVE_SIZE=64","2.2766;2.1099;2.0946;2.2882;2.0994;2.1008;2.3184;2.1016;2.0932;2.0798;2.5049",""
"HLSLPERF_CROWD_BACKEND-2__HLSLPERF_CROWD_TILE_BINS-512__HLSLPERF_CROWD_TILE_REPLICAS-2__HLSLPERF_CROWD_TILE_SIZE-16__HLSLPERF_ELEMENTS_PER_THREAD-4__HLSLPERF_GROUP_SIZE-256__HLSLPERF_SCAN_BACKEND-1__HLSLPERF_SINGLE_PASS_GROUPS-128__HLSLPERF_SINGLE_PASS_ITEMS_SCALE-2__HLSLPERF_VECTOR_WIDTH-4__HLSLPERF_WAVE_SIZE-64",true,true,false,"",,,,,,,,4,2.1363,2.5751,0.0863,5889.994,0.9687,"HLSLPERF_CROWD_BACKEND=2;HLSLPERF_CROWD_TILE_BINS=512;HLSLPERF_CROWD_TILE_REPLICAS=2;HLSLPERF_CROWD_TILE_SIZE=16;HLSLPERF_ELEMENTS_PER_THREAD=4;HLSLPERF_GROUP_SIZE=256;HLSLPERF_SCAN_BACKEND=1;HLSLPERF_SINGLE_PASS_GROUPS=128;HLSLPERF_SINGLE_PASS_ITEMS_SCALE=2;HLSLPERF_VECTOR_WIDTH=4;HLSLPERF_WAVE_SIZE=64","2.6867;2.2827;2.0969;2.1363;2.3264;2.0862;2.093;2.4635;2.0817;2.1327;2.2163",""
"HLSLPERF_CROWD_BACKEND-2__HLSLPERF_CROWD_TILE_BINS-512__HLSLPERF_CROWD_TILE_REPLICAS-1__HLSLPERF_CROWD_TILE_SIZE-16__HLSLPERF_ELEMENTS_PER_THREAD-4__HLSLPERF_GROUP_SIZE-256__HLSLPERF_SCAN_BACKEND-1__HLSLPERF_SINGLE_PASS_GROUPS-256__HLSLPERF_SINGLE_PASS_ITEMS_SCALE-2__HLSLPERF_VECTOR_WIDTH-4__HLSLPERF_WAVE_SIZE-64",true,true,true,"",,,,,,,,4,2.1223,2.301,0.0453,5928.8477,0.9751,"HLSLPERF_CROWD_BACKEND=2;HLSLPERF_CROWD_TILE_BINS=512;HLSLPERF_CROWD_TILE_REPLICAS=1;HLSLPERF_CROWD_TILE_SIZE=16;HLSLPERF_ELEMENTS_PER_THREAD=4;HLSLPERF_GROUP_SIZE=256;HLSLPERF_SCAN_BACKEND=1;HLSLPERF_SINGLE_PASS_GROUPS=256;HLSLPERF_SINGLE_PASS_ITEMS_SCALE=2;HLSLPERF_VECTOR_WIDTH=4;HLSLPERF_WAVE_SIZE=64","2.0279;2.0587;2.0467;2.0704;2.0439;2.1223;2.1227;2.3183;2.2837;2.1492;2.14",""
"HLSLPERF_CROWD_BACKEND-2__HLSLPERF_CROWD_TILE_BINS-512__HLSLPERF_CROWD_TILE_REPLICAS-2__HLSLPERF_CROWD_TILE_SIZE-16__HLSLPERF_ELEMENTS_PER_THREAD-4__HLSLPERF_GROUP_SIZE-256__HLSLPERF_SCAN_BACKEND-1__HLSLPERF_SINGLE_PASS_GROUPS-256__HLSLPERF_SINGLE_PASS_ITEMS_SCALE-2__HLSLPERF_VECTOR_WIDTH-4__HLSLPERF_WAVE_SIZE-64",true,true,true,"",,,,,,,,4,2.1429,2.2451,0.0289,5871.9904,0.9657,"HLSLPERF_CROWD_BACKEND=2;HLSLPERF_CROWD_TILE_BINS=512;HLSLPERF_CROWD_TILE_REPLICAS=2;HLSLPERF_CROWD_TILE_SIZE=16;HLSLPERF_ELEMENTS_PER_THREAD=4;HLSLPERF_GROUP_SIZE=256;HLSLPERF_SCAN_BACKEND=1;HLSLPERF_SINGLE_PASS_GROUPS=256;HLSLPERF_SINGLE_PASS_ITEMS_SCALE=2;HLSLPERF_VECTOR_WIDTH=4;HLSLPERF_WAVE_SIZE=64","2.2514;2.106;2.1527;2.225;2.075;2.1323;2.2389;2.1429;2.1124;2.2384;2.1294",""
"HLSLPERF_CROWD_BACKEND-2__HLSLPERF_CROWD_TILE_BINS-512__HLSLPERF_CROWD_TILE_REPLICAS-1__HLSLPERF_CROWD_TILE_SIZE-16__HLSLPERF_ELEMENTS_PER_THREAD-4__HLSLPERF_GROUP_SIZE-256__HLSLPERF_SCAN_BACKEND-1__HLSLPERF_SINGLE_PASS_GROUPS-128__HLSLPERF_SINGLE_PASS_ITEMS_SCALE-4__HLSLPERF_VECTOR_WIDTH-4__HLSLPERF_WAVE_SIZE-64",true,true,true,"",,,,,,,,4,2.0742,2.1496,0.0341,6066.3928,0.9977,"HLSLPERF_CROWD_BACKEND=2;HLSLPERF_CROWD_TILE_BINS=512;HLSLPERF_CROWD_TILE_REPLICAS=1;HLSLPERF_CROWD_TILE_SIZE=16;HLSLPERF_ELEMENTS_PER_THREAD=4;HLSLPERF_GROUP_SIZE=256;HLSLPERF_SCAN_BACKEND=1;HLSLPERF_SINGLE_PASS_GROUPS=128;HLSLPERF_SINGLE_PASS_ITEMS_SCALE=4;HLSLPERF_VECTOR_WIDTH=4;HLSLPERF_WAVE_SIZE=64","2.1524;2.0754;1.9902;2.1468;1.9857;2.032;2.0742;2.0079;1.9447;2.1255;2.0957",""
"HLSLPERF_CROWD_BACKEND-2__HLSLPERF_CROWD_TILE_BINS-512__HLSLPERF_CROWD_TILE_REPLICAS-2__HLSLPERF_CROWD_TILE_SIZE-16__HLSLPERF_ELEMENTS_PER_THREAD-4__HLSLPERF_GROUP_SIZE-256__HLSLPERF_SCAN_BACKEND-1__HLSLPERF_SINGLE_PASS_GROUPS-128__HLSLPERF_SINGLE_PASS_ITEMS_SCALE-4__HLSLPERF_VECTOR_WIDTH-4__HLSLPERF_WAVE_SIZE-64",true,true,true,"",,,,,,,,4,1.9671,2.0024,0.017,6396.6814,1.052,"HLSLPERF_CROWD_BACKEND=2;HLSLPERF_CROWD_TILE_BINS=512;HLSLPERF_CROWD_TILE_REPLICAS=2;HLSLPERF_CROWD_TILE_SIZE=16;HLSLPERF_ELEMENTS_PER_THREAD=4;HLSLPERF_GROUP_SIZE=256;HLSLPERF_SCAN_BACKEND=1;HLSLPERF_SINGLE_PASS_GROUPS=128;HLSLPERF_SINGLE_PASS_ITEMS_SCALE=4;HLSLPERF_VECTOR_WIDTH=4;HLSLPERF_WAVE_SIZE=64","2.0009;1.9762;1.9448;1.9783;1.9671;1.9665;1.9438;1.8867;1.9875;1.9407;2.004",""
"HLSLPERF_CROWD_BACKEND-2__HLSLPERF_CROWD_TILE_BINS-512__HLSLPERF_CROWD_TILE_REPLICAS-1__HLSLPERF_CROWD_TILE_SIZE-16__HLSLPERF_ELEMENTS_PER_THREAD-4__HLSLPERF_GROUP_SIZE-256__HLSLPERF_SCAN_BACKEND-1__HLSLPERF_SINGLE_PASS_GROUPS-256__HLSLPERF_SINGLE_PASS_ITEMS_SCALE-4__HLSLPERF_VECTOR_WIDTH-4__HLSLPERF_WAVE_SIZE-64",true,true,true,"",,,,,,,,4,1.8466,1.9043,0.015,6814.2449,1.1207,"HLSLPERF_CROWD_BACKEND=2;HLSLPERF_CROWD_TILE_BINS=512;HLSLPERF_CROWD_TILE_REPLICAS=1;HLSLPERF_CROWD_TILE_SIZE=16;HLSLPERF_ELEMENTS_PER_THREAD=4;HLSLPERF_GROUP_SIZE=256;HLSLPERF_SCAN_BACKEND=1;HLSLPERF_SINGLE_PASS_GROUPS=256;HLSLPERF_SINGLE_PASS_ITEMS_SCALE=4;HLSLPERF_VECTOR_WIDTH=4;HLSLPERF_WAVE_SIZE=64","1.8519;1.8348;1.8648;1.8351;1.8665;1.8347;1.8362;1.8824;1.8466;1.8445;1.9263",""
"HLSLPERF_CROWD_BACKEND-2__HLSLPERF_CROWD_TILE_BINS-512__HLSLPERF_CROWD_TILE_REPLICAS-2__HLSLPERF_CROWD_TILE_SIZE-16__HLSLPERF_ELEMENTS_PER_THREAD-4__HLSLPERF_GROUP_SIZE-256__HLSLPERF_SCAN_BACKEND-1__HLSLPERF_SINGLE_PASS_GROUPS-256__HLSLPERF_SINGLE_PASS_ITEMS_SCALE-4__HLSLPERF_VECTOR_WIDTH-4__HLSLPERF_WAVE_SIZE-64",true,true,true,"",,,,,,,,4,1.8455,2.0356,0.0416,6818.2327,1.1213,"HLSLPERF_CROWD_BACKEND=2;HLSLPERF_CROWD_TILE_BINS=512;HLSLPERF_CROWD_TILE_REPLICAS=2;HLSLPERF_CROWD_TILE_SIZE=16;HLSLPERF_ELEMENTS_PER_THREAD=4;HLSLPERF_GROUP_SIZE=256;HLSLPERF_SCAN_BACKEND=1;HLSLPERF_SINGLE_PASS_GROUPS=256;HLSLPERF_SINGLE_PASS_ITEMS_SCALE=4;HLSLPERF_VECTOR_WIDTH=4;HLSLPERF_WAVE_SIZE=64","1.8684;1.9003;2.0694;1.8397;2.0019;1.8371;1.8369;1.8455;1.835;1.8625;1.8379",""
"HLSLPERF_CROWD_BACKEND-2__HLSLPERF_CROWD_TILE_BINS-512__HLSLPERF_CROWD_TILE_REPLICAS-1__HLSLPERF_CROWD_TILE_SIZE-16__HLSLPERF_ELEMENTS_PER_THREAD-2__HLSLPERF_GROUP_SIZE-512__HLSLPERF_SCAN_BACKEND-1__HLSLPERF_SINGLE_PASS_GROUPS-128__HLSLPERF_SINGLE_PASS_ITEMS_SCALE-2__HLSLPERF_VECTOR_WIDTH-1__HLSLPERF_WAVE_SIZE-32",true,true,true,"",,,,,,,,4,1.8395,1.9802,0.0308,6840.3236,1.125,"HLSLPERF_CROWD_BACKEND=2;HLSLPERF_CROWD_TILE_BINS=512;HLSLPERF_CROWD_TILE_REPLICAS=1;HLSLPERF_CROWD_TILE_SIZE=16;HLSLPERF_ELEMENTS_PER_THREAD=2;HLSLPERF_GROUP_SIZE=512;HLSLPERF_SCAN_BACKEND=1;HLSLPERF_SINGLE_PASS_GROUPS=128;HLSLPERF_SINGLE_PASS_ITEMS_SCALE=2;HLSLPERF_VECTOR_WIDTH=1;HLSLPERF_WAVE_SIZE=32","1.8734;1.9854;1.9751;1.8335;1.8322;1.8395;1.8352;1.8448;1.8328;1.8462;1.8337",""
"HLSLPERF_CROWD_BACKEND-2__HLSLPERF_CROWD_TILE_BINS-512__HLSLPERF_CROWD_TILE_REPLICAS-2__HLSLPERF_CROWD_TILE_SIZE-16__HLSLPERF_ELEMENTS_PER_THREAD-2__HLSLPERF_GROUP_SIZE-512__HLSLPERF_SCAN_BACKEND-1__HLSLPERF_SINGLE_PASS_GROUPS-128__HLSLPERF_SINGLE_PASS_ITEMS_SCALE-2__HLSLPERF_VECTOR_WIDTH-1__HLSLPERF_WAVE_SIZE-32",true,true,true,"",,,,,,,,4,1.8439,1.8705,0.0104,6824.1861,1.1223,"HLSLPERF_CROWD_BACKEND=2;HLSLPERF_CROWD_TILE_BINS=512;HLSLPERF_CROWD_TILE_REPLICAS=2;HLSLPERF_CROWD_TILE_SIZE=16;HLSLPERF_ELEMENTS_PER_THREAD=2;HLSLPERF_GROUP_SIZE=512;HLSLPERF_SCAN_BACKEND=1;HLSLPERF_SINGLE_PASS_GROUPS=128;HLSLPERF_SINGLE_PASS_ITEMS_SCALE=2;HLSLPERF_VECTOR_WIDTH=1;HLSLPERF_WAVE_SIZE=32","1.8276;1.8523;1.8247;1.8469;1.827;1.8519;1.8256;1.8489;1.8271;1.8439;1.8887",""
"HLSLPERF_CROWD_BACKEND-2__HLSLPERF_CROWD_TILE_BINS-512__HLSLPERF_CROWD_TILE_REPLICAS-1__HLSLPERF_CROWD_TILE_SIZE-16__HLSLPERF_ELEMENTS_PER_THREAD-2__HLSLPERF_GROUP_SIZE-512__HLSLPERF_SCAN_BACKEND-1__HLSLPERF_SINGLE_PASS_GROUPS-256__HLSLPERF_SINGLE_PASS_ITEMS_SCALE-2__HLSLPERF_VECTOR_WIDTH-1__HLSLPERF_WAVE_SIZE-32",true,true,true,"",,,,,,,,4,2.0535,2.1003,0.013,6127.4845,1.0077,"HLSLPERF_CROWD_BACKEND=2;HLSLPERF_CROWD_TILE_BINS=512;HLSLPERF_CROWD_TILE_REPLICAS=1;HLSLPERF_CROWD_TILE_SIZE=16;HLSLPERF_ELEMENTS_PER_THREAD=2;HLSLPERF_GROUP_SIZE=512;HLSLPERF_SCAN_BACKEND=1;HLSLPERF_SINGLE_PASS_GROUPS=256;HLSLPERF_SINGLE_PASS_ITEMS_SCALE=2;HLSLPERF_VECTOR_WIDTH=1;HLSLPERF_WAVE_SIZE=32","2.0417;2.0777;2.0404;2.0691;2.0428;2.067;2.0636;2.0196;2.0535;2.049;2.1229",""
"HLSLPERF_CROWD_BACKEND-2__HLSLPERF_CROWD_TILE_BINS-512__HLSLPERF_CROWD_TILE_REPLICAS-2__HLSLPERF_CROWD_TILE_SIZE-16__HLSLPERF_ELEMENTS_PER_THREAD-2__HLSLPERF_GROUP_SIZE-512__HLSLPERF_SCAN_BACKEND-1__HLSLPERF_SINGLE_PASS_GROUPS-256__HLSLPERF_SINGLE_PASS_ITEMS_SCALE-2__HLSLPERF_VECTOR_WIDTH-1__HLSLPERF_WAVE_SIZE-32",true,true,false,"",,,,,,,,4,2.1391,2.4476,0.0651,5882.4768,0.9674,"HLSLPERF_CROWD_BACKEND=2;HLSLPERF_CROWD_TILE_BINS=512;HLSLPERF_CROWD_TILE_REPLICAS=2;HLSLPERF_CROWD_TILE_SIZE=16;HLSLPERF_ELEMENTS_PER_THREAD=2;HLSLPERF_GROUP_SIZE=512;HLSLPERF_SCAN_BACKEND=1;HLSLPERF_SINGLE_PASS_GROUPS=256;HLSLPERF_SINGLE_PASS_ITEMS_SCALE=2;HLSLPERF_VECTOR_WIDTH=1;HLSLPERF_WAVE_SIZE=32","2.3621;2.1391;2.1082;2.5331;2.122;2.0771;2.3022;2.0738;2.1415;2.2065;2.1326",""
"HLSLPERF_CROWD_BACKEND-2__HLSLPERF_CROWD_TILE_BINS-512__HLSLPERF_CROWD_TILE_REPLICAS-1__HLSLPERF_CROWD_TILE_SIZE-16__HLSLPERF_ELEMENTS_PER_THREAD-2__HLSLPERF_GROUP_SIZE-512__HLSLPERF_SCAN_BACKEND-1__HLSLPERF_SINGLE_PASS_GROUPS-128__HLSLPERF_SINGLE_PASS_ITEMS_SCALE-4__HLSLPERF_VECTOR_WIDTH-1__HLSLPERF_WAVE_SIZE-32",true,true,true,"",,,,,,,,4,1.8164,1.883,0.0198,6927.5049,1.1393,"HLSLPERF_CROWD_BACKEND=2;HLSLPERF_CROWD_TILE_BINS=512;HLSLPERF_CROWD_TILE_REPLICAS=1;HLSLPERF_CROWD_TILE_SIZE=16;HLSLPERF_ELEMENTS_PER_THREAD=2;HLSLPERF_GROUP_SIZE=512;HLSLPERF_SCAN_BACKEND=1;HLSLPERF_SINGLE_PASS_GROUPS=128;HLSLPERF_SINGLE_PASS_ITEMS_SCALE=4;HLSLPERF_VECTOR_WIDTH=1;HLSLPERF_WAVE_SIZE=32","1.8296;1.7937;1.8252;1.7918;1.8186;1.7935;1.7857;1.8642;1.7916;1.8164;1.9018",""
"HLSLPERF_CROWD_BACKEND-2__HLSLPERF_CROWD_TILE_BINS-512__HLSLPERF_CROWD_TILE_REPLICAS-2__HLSLPERF_CROWD_TILE_SIZE-16__HLSLPERF_ELEMENTS_PER_THREAD-2__HLSLPERF_GROUP_SIZE-512__HLSLPERF_SCAN_BACKEND-1__HLSLPERF_SINGLE_PASS_GROUPS-128__HLSLPERF_SINGLE_PASS_ITEMS_SCALE-4__HLSLPERF_VECTOR_WIDTH-1__HLSLPERF_WAVE_SIZE-32",true,true,true,"",,,,,,,,4,1.7963,1.9093,0.0299,7004.9836,1.152,"HLSLPERF_CROWD_BACKEND=2;HLSLPERF_CROWD_TILE_BINS=512;HLSLPERF_CROWD_TILE_REPLICAS=2;HLSLPERF_CROWD_TILE_SIZE=16;HLSLPERF_ELEMENTS_PER_THREAD=2;HLSLPERF_GROUP_SIZE=512;HLSLPERF_SCAN_BACKEND=1;HLSLPERF_SINGLE_PASS_GROUPS=128;HLSLPERF_SINGLE_PASS_ITEMS_SCALE=4;HLSLPERF_VECTOR_WIDTH=1;HLSLPERF_WAVE_SIZE=32","1.7931;1.7963;1.8423;1.8212;1.7944;1.9764;1.7892;1.8056;1.7897;1.796;1.8159",""
"HLSLPERF_CROWD_BACKEND-2__HLSLPERF_CROWD_TILE_BINS-512__HLSLPERF_CROWD_TILE_REPLICAS-1__HLSLPERF_CROWD_TILE_SIZE-16__HLSLPERF_ELEMENTS_PER_THREAD-2__HLSLPERF_GROUP_SIZE-512__HLSLPERF_SCAN_BACKEND-1__HLSLPERF_SINGLE_PASS_GROUPS-256__HLSLPERF_SINGLE_PASS_ITEMS_SCALE-4__HLSLPERF_VECTOR_WIDTH-1__HLSLPERF_WAVE_SIZE-32",true,true,true,"",,,,,,,,4,2.0186,2.1869,0.0445,6233.5464,1.0252,"HLSLPERF_CROWD_BACKEND=2;HLSLPERF_CROWD_TILE_BINS=512;HLSLPERF_CROWD_TILE_REPLICAS=1;HLSLPERF_CROWD_TILE_SIZE=16;HLSLPERF_ELEMENTS_PER_THREAD=2;HLSLPERF_GROUP_SIZE=512;HLSLPERF_SCAN_BACKEND=1;HLSLPERF_SINGLE_PASS_GROUPS=256;HLSLPERF_SINGLE_PASS_ITEMS_SCALE=4;HLSLPERF_VECTOR_WIDTH=1;HLSLPERF_WAVE_SIZE=32","1.9479;2.0847;2.0246;2.1598;2.1011;2.0174;2.0186;2.2139;1.9168;2.0078;1.9602",""
"HLSLPERF_CROWD_BACKEND-2__HLSLPERF_CROWD_TILE_BINS-512__HLSLPERF_CROWD_TILE_REPLICAS-2__HLSLPERF_CROWD_TILE_SIZE-16__HLSLPERF_ELEMENTS_PER_THREAD-2__HLSLPERF_GROUP_SIZE-512__HLSLPERF_SCAN_BACKEND-1__HLSLPERF_SINGLE_PASS_GROUPS-256__HLSLPERF_SINGLE_PASS_ITEMS_SCALE-4__HLSLPERF_VECTOR_WIDTH-1__HLSLPERF_WAVE_SIZE-32",true,true,true,"",,,,,,,,4,1.9873,2.1388,0.0355,6331.8214,1.0413,"HLSLPERF_CROWD_BACKEND=2;HLSLPERF_CROWD_TILE_BINS=512;HLSLPERF_CROWD_TILE_REPLICAS=2;HLSLPERF_CROWD_TILE_SIZE=16;HLSLPERF_ELEMENTS_PER_THREAD=2;HLSLPERF_GROUP_SIZE=512;HLSLPERF_SCAN_BACKEND=1;HLSLPERF_SINGLE_PASS_GROUPS=256;HLSLPERF_SINGLE_PASS_ITEMS_SCALE=4;HLSLPERF_VECTOR_WIDTH=1;HLSLPERF_WAVE_SIZE=32","1.9984;1.9531;2.1603;1.9727;1.9995;2.0904;2.1172;1.9461;1.9873;1.9777;1.9827",""
"HLSLPERF_CROWD_BACKEND-2__HLSLPERF_CROWD_TILE_BINS-512__HLSLPERF_CROWD_TILE_REPLICAS-1__HLSLPERF_CROWD_TILE_SIZE-16__HLSLPERF_ELEMENTS_PER_THREAD-2__HLSLPERF_GROUP_SIZE-512__HLSLPERF_SCAN_BACKEND-1__HLSLPERF_SINGLE_PASS_GROUPS-128__HLSLPERF_SINGLE_PASS_ITEMS_SCALE-2__HLSLPERF_VECTOR_WIDTH-1__HLSLPERF_WAVE_SIZE-64",true,true,true,"",,,,,,,,4,2.0661,2.3016,0.0473,6090.2936,1.0016,"HLSLPERF_CROWD_BACKEND=2;HLSLPERF_CROWD_TILE_BINS=512;HLSLPERF_CROWD_TILE_REPLICAS=1;HLSLPERF_CROWD_TILE_SIZE=16;HLSLPERF_ELEMENTS_PER_THREAD=2;HLSLPERF_GROUP_SIZE=512;HLSLPERF_SCAN_BACKEND=1;HLSLPERF_SINGLE_PASS_GROUPS=128;HLSLPERF_SINGLE_PASS_ITEMS_SCALE=2;HLSLPERF_VECTOR_WIDTH=1;HLSLPERF_WAVE_SIZE=64","2.0411;2.1455;2.0814;2.3361;2.2671;2.067;2.0485;2.0661;2.0577;2.0524;2.0516",""
"HLSLPERF_CROWD_BACKEND-2__HLSLPERF_CROWD_TILE_BINS-512__HLSLPERF_CROWD_TILE_REPLICAS-2__HLSLPERF_CROWD_TILE_SIZE-16__HLSLPERF_ELEMENTS_PER_THREAD-2__HLSLPERF_GROUP_SIZE-512__HLSLPERF_SCAN_BACKEND-1__HLSLPERF_SINGLE_PASS_GROUPS-128__HLSLPERF_SINGLE_PASS_ITEMS_SCALE-2__HLSLPERF_VECTOR_WIDTH-1__HLSLPERF_WAVE_SIZE-64",true,true,true,"",,,,,,,,4,2.1312,2.2985,0.0429,5904.1441,0.971,"HLSLPERF_CROWD_BACKEND=2;HLSLPERF_CROWD_TILE_BINS=512;HLSLPERF_CROWD_TILE_REPLICAS=2;HLSLPERF_CROWD_TILE_SIZE=16;HLSLPERF_ELEMENTS_PER_THREAD=2;HLSLPERF_GROUP_SIZE=512;HLSLPERF_SCAN_BACKEND=1;HLSLPERF_SINGLE_PASS_GROUPS=128;HLSLPERF_SINGLE_PASS_ITEMS_SCALE=2;HLSLPERF_VECTOR_WIDTH=1;HLSLPERF_WAVE_SIZE=64","2.0985;2.2397;2.079;2.198;2.3108;2.1312;2.0625;2.2862;2.1156;2.0886;2.2783",""
"HLSLPERF_CROWD_BACKEND-2__HLSLPERF_CROWD_TILE_BINS-512__HLSLPERF_CROWD_TILE_REPLICAS-1__HLSLPERF_CROWD_TILE_SIZE-16__HLSLPERF_ELEMENTS_PER_THREAD-2__HLSLPERF_GROUP_SIZE-512__HLSLPERF_SCAN_BACKEND-1__HLSLPERF_SINGLE_PASS_GROUPS-256__HLSLPERF_SINGLE_PASS_ITEMS_SCALE-2__HLSLPERF_VECTOR_WIDTH-1__HLSLPERF_WAVE_SIZE-64",true,true,true,"",,,,,,,,4,1.8343,1.9687,0.037,6859.9018,1.1282,"HLSLPERF_CROWD_BACKEND=2;HLSLPERF_CROWD_TILE_BINS=512;HLSLPERF_CROWD_TILE_REPLICAS=1;HLSLPERF_CROWD_TILE_SIZE=16;HLSLPERF_ELEMENTS_PER_THREAD=2;HLSLPERF_GROUP_SIZE=512;HLSLPERF_SCAN_BACKEND=1;HLSLPERF_SINGLE_PASS_GROUPS=256;HLSLPERF_SINGLE_PASS_ITEMS_SCALE=2;HLSLPERF_VECTOR_WIDTH=1;HLSLPERF_WAVE_SIZE=64","1.8343;1.8404;1.8263;1.8351;1.8841;1.8509;1.8323;2.0533;1.8095;1.8287;1.8124",""
"HLSLPERF_CROWD_BACKEND-2__HLSLPERF_CROWD_TILE_BINS-512__HLSLPERF_CROWD_TILE_REPLICAS-2__HLSLPERF_CROWD_TILE_SIZE-16__HLSLPERF_ELEMENTS_PER_THREAD-2__HLSLPERF_GROUP_SIZE-512__HLSLPERF_SCAN_BACKEND-1__HLSLPERF_SINGLE_PASS_GROUPS-256__HLSLPERF_SINGLE_PASS_ITEMS_SCALE-2__HLSLPERF_VECTOR_WIDTH-1__HLSLPERF_WAVE_SIZE-64",true,true,true,"",,,,,,,,4,1.8478,1.9367,0.0277,6809.8195,1.12,"HLSLPERF_CROWD_BACKEND=2;HLSLPERF_CROWD_TILE_BINS=512;HLSLPERF_CROWD_TILE_REPLICAS=2;HLSLPERF_CROWD_TILE_SIZE=16;HLSLPERF_ELEMENTS_PER_THREAD=2;HLSLPERF_GROUP_SIZE=512;HLSLPERF_SCAN_BACKEND=1;HLSLPERF_SINGLE_PASS_GROUPS=256;HLSLPERF_SINGLE_PASS_ITEMS_SCALE=2;HLSLPERF_VECTOR_WIDTH=1;HLSLPERF_WAVE_SIZE=64","1.8102;1.9338;1.9091;1.8478;1.813;1.9396;1.8068;1.818;1.9059;1.8853;1.8393",""
"HLSLPERF_CROWD_BACKEND-2__HLSLPERF_CROWD_TILE_BINS-512__HLSLPERF_CROWD_TILE_REPLICAS-1__HLSLPERF_CROWD_TILE_SIZE-16__HLSLPERF_ELEMENTS_PER_THREAD-2__HLSLPERF_GROUP_SIZE-512__HLSLPERF_SCAN_BACKEND-1__HLSLPERF_SINGLE_PASS_GROUPS-128__HLSLPERF_SINGLE_PASS_ITEMS_SCALE-4__HLSLPERF_VECTOR_WIDTH-1__HLSLPERF_WAVE_SIZE-64",true,true,true,"",,,,,,,,4,2.0547,2.1594,0.0345,6123.9953,1.0072,"HLSLPERF_CROWD_BACKEND=2;HLSLPERF_CROWD_TILE_BINS=512;HLSLPERF_CROWD_TILE_REPLICAS=1;HLSLPERF_CROWD_TILE_SIZE=16;HLSLPERF_ELEMENTS_PER_THREAD=2;HLSLPERF_GROUP_SIZE=512;HLSLPERF_SCAN_BACKEND=1;HLSLPERF_SINGLE_PASS_GROUPS=128;HLSLPERF_SINGLE_PASS_ITEMS_SCALE=4;HLSLPERF_VECTOR_WIDTH=1;HLSLPERF_WAVE_SIZE=64","2.1897;1.9537;1.9773;2.0468;2.0568;2.0547;2.129;1.9738;2.0519;2.1011;2.0954",""
"HLSLPERF_CROWD_BACKEND-2__HLSLPERF_CROWD_TILE_BINS-512__HLSLPERF_CROWD_TILE_REPLICAS-2__HLSLPERF_CROWD_TILE_SIZE-16__HLSLPERF_ELEMENTS_PER_THREAD-2__HLSLPERF_GROUP_SIZE-512__HLSLPERF_SCAN_BACKEND-1__HLSLPERF_SINGLE_PASS_GROUPS-128__HLSLPERF_SINGLE_PASS_ITEMS_SCALE-4__HLSLPERF_VECTOR_WIDTH-1__HLSLPERF_WAVE_SIZE-64",true,true,true,"",,,,,,,,4,1.99,2.0548,0.0194,6323.1349,1.0399,"HLSLPERF_CROWD_BACKEND=2;HLSLPERF_CROWD_TILE_BINS=512;HLSLPERF_CROWD_TILE_REPLICAS=2;HLSLPERF_CROWD_TILE_SIZE=16;HLSLPERF_ELEMENTS_PER_THREAD=2;HLSLPERF_GROUP_SIZE=512;HLSLPERF_SCAN_BACKEND=1;HLSLPERF_SINGLE_PASS_GROUPS=128;HLSLPERF_SINGLE_PASS_ITEMS_SCALE=4;HLSLPERF_VECTOR_WIDTH=1;HLSLPERF_WAVE_SIZE=64","2.0576;1.978;2.0519;1.9907;1.9474;1.9717;2.0346;1.9735;2.0356;1.9591;1.99",""
"HLSLPERF_CROWD_BACKEND-2__HLSLPERF_CROWD_TILE_BINS-512__HLSLPERF_CROWD_TILE_REPLICAS-1__HLSLPERF_CROWD_TILE_SIZE-16__HLSLPERF_ELEMENTS_PER_THREAD-2__HLSLPERF_GROUP_SIZE-512__HLSLPERF_SCAN_BACKEND-1__HLSLPERF_SINGLE_PASS_GROUPS-256__HLSLPERF_SINGLE_PASS_ITEMS_SCALE-4__HLSLPERF_VECTOR_WIDTH-1__HLSLPERF_WAVE_SIZE-64",true,true,true,"",,,,,,,,4,1.8458,1.9569,0.0308,6817.0137,1.1211,"HLSLPERF_CROWD_BACKEND=2;HLSLPERF_CROWD_TILE_BINS=512;HLSLPERF_CROWD_TILE_REPLICAS=1;HLSLPERF_CROWD_TILE_SIZE=16;HLSLPERF_ELEMENTS_PER_THREAD=2;HLSLPERF_GROUP_SIZE=512;HLSLPERF_SCAN_BACKEND=1;HLSLPERF_SINGLE_PASS_GROUPS=256;HLSLPERF_SINGLE_PASS_ITEMS_SCALE=4;HLSLPERF_VECTOR_WIDTH=1;HLSLPERF_WAVE_SIZE=64","1.8479;1.8312;1.8527;1.8343;1.8522;1.8359;1.8318;1.8839;1.8441;1.8458;2.0299",""
"HLSLPERF_CROWD_BACKEND-2__HLSLPERF_CROWD_TILE_BINS-512__HLSLPERF_CROWD_TILE_REPLICAS-2__HLSLPERF_CROWD_TILE_SIZE-16__HLSLPERF_ELEMENTS_PER_THREAD-2__HLSLPERF_GROUP_SIZE-512__HLSLPERF_SCAN_BACKEND-1__HLSLPERF_SINGLE_PASS_GROUPS-256__HLSLPERF_SINGLE_PASS_ITEMS_SCALE-4__HLSLPERF_VECTOR_WIDTH-1__HLSLPERF_WAVE_SIZE-64",true,true,true,"",,,,,,,,4,1.8441,1.9742,0.034,6823.298,1.1222,"HLSLPERF_CROWD_BACKEND=2;HLSLPERF_CROWD_TILE_BINS=512;HLSLPERF_CROWD_TILE_REPLICAS=2;HLSLPERF_CROWD_TILE_SIZE=16;HLSLPERF_ELEMENTS_PER_THREAD=2;HLSLPERF_GROUP_SIZE=512;HLSLPERF_SCAN_BACKEND=1;HLSLPERF_SINGLE_PASS_GROUPS=256;HLSLPERF_SINGLE_PASS_ITEMS_SCALE=4;HLSLPERF_VECTOR_WIDTH=1;HLSLPERF_WAVE_SIZE=64","1.8441;1.9034;1.8477;1.8373;2.0451;1.8337;1.8291;1.8496;1.8339;1.8493;1.8331",""
"HLSLPERF_CROWD_BACKEND-2__HLSLPERF_CROWD_TILE_BINS-512__HLSLPERF_CROWD_TILE_REPLICAS-1__HLSLPERF_CROWD_TILE_SIZE-16__HLSLPERF_ELEMENTS_PER_THREAD-4__HLSLPERF_GROUP_SIZE-512__HLSLPERF_SCAN_BACKEND-1__HLSLPERF_SINGLE_PASS_GROUPS-128__HLSLPERF_SINGLE_PASS_ITEMS_SCALE-2__HLSLPERF_VECTOR_WIDTH-1__HLSLPERF_WAVE_SIZE-32",true,true,true,"",,,,,,,,4,1.8417,1.8573,0.0042,6832.4122,1.1237,"HLSLPERF_CROWD_BACKEND=2;HLSLPERF_CROWD_TILE_BINS=512;HLSLPERF_CROWD_TILE_REPLICAS=1;HLSLPERF_CROWD_TILE_SIZE=16;HLSLPERF_ELEMENTS_PER_THREAD=4;HLSLPERF_GROUP_SIZE=512;HLSLPERF_SCAN_BACKEND=1;HLSLPERF_SINGLE_PASS_GROUPS=128;HLSLPERF_SINGLE_PASS_ITEMS_SCALE=2;HLSLPERF_VECTOR_WIDTH=1;HLSLPERF_WAVE_SIZE=32","1.8417;1.8383;1.8358;1.8592;1.8426;1.8476;1.8372;1.8554;1.8382;1.8429;1.8366",""
"HLSLPERF_CROWD_BACKEND-2__HLSLPERF_CROWD_TILE_BINS-512__HLSLPERF_CROWD_TILE_REPLICAS-2__HLSLPERF_CROWD_TILE_SIZE-16__HLSLPERF_ELEMENTS_PER_THREAD-4__HLSLPERF_GROUP_SIZE-512__HLSLPERF_SCAN_BACKEND-1__HLSLPERF_SINGLE_PASS_GROUPS-128__HLSLPERF_SINGLE_PASS_ITEMS_SCALE-2__HLSLPERF_VECTOR_WIDTH-1__HLSLPERF_WAVE_SIZE-32",true,true,true,"",,,,,,,,4,1.8605,1.9741,0.0291,6763.1884,1.1123,"HLSLPERF_CROWD_BACKEND=2;HLSLPERF_CROWD_TILE_BINS=512;HLSLPERF_CROWD_TILE_REPLICAS=2;HLSLPERF_CROWD_TILE_SIZE=16;HLSLPERF_ELEMENTS_PER_THREAD=4;HLSLPERF_GROUP_SIZE=512;HLSLPERF_SCAN_BACKEND=1;HLSLPERF_SINGLE_PASS_GROUPS=128;HLSLPERF_SINGLE_PASS_ITEMS_SCALE=2;HLSLPERF_VECTOR_WIDTH=1;HLSLPERF_WAVE_SIZE=32","1.861;1.8421;1.8541;1.8634;1.8334;1.8605;1.8391;1.9295;1.8421;1.87;2.0187",""
"HLSLPERF_CROWD_BACKEND-2__HLSLPERF_CROWD_TILE_BINS-512__HLSLPERF_CROWD_TILE_REPLICAS-1__HLSLPERF_CROWD_TILE_SIZE-16__HLSLPERF_ELEMENTS_PER_THREAD-4__HLSLPERF_GROUP_SIZE-512__HLSLPERF_SCAN_BACKEND-1__HLSLPERF_SINGLE_PASS_GROUPS-256__HLSLPERF_SINGLE_PASS_ITEMS_SCALE-2__HLSLPERF_VECTOR_WIDTH-1__HLSLPERF_WAVE_SIZE-32",true,true,true,"",,,,,,,,4,2.0063,2.1549,0.0395,6271.6064,1.0314,"HLSLPERF_CROWD_BACKEND=2;HLSLPERF_CROWD_TILE_BINS=512;HLSLPERF_CROWD_TILE_REPLICAS=1;HLSLPERF_CROWD_TILE_SIZE=16;HLSLPERF_ELEMENTS_PER_THREAD=4;HLSLPERF_GROUP_SIZE=512;HLSLPERF_SCAN_BACKEND=1;HLSLPERF_SINGLE_PASS_GROUPS=256;HLSLPERF_SINGLE_PASS_ITEMS_SCALE=2;HLSLPERF_VECTOR_WIDTH=1;HLSLPERF_WAVE_SIZE=32","1.9939;2.0137;1.9973;1.9734;1.9872;2.0371;2.0063;2.0468;2.263;1.9923;2.0431",""
"HLSLPERF_CROWD_BACKEND-2__HLSLPERF_CROWD_TILE_BINS-512__HLSLPERF_CROWD_TILE_REPLICAS-2__HLSLPERF_CROWD_TILE_SIZE-16__HLSLPERF_ELEMENTS_PER_THREAD-4__HLSLPERF_GROUP_SIZE-512__HLSLPERF_SCAN_BACKEND-1__HLSLPERF_SINGLE_PASS_GROUPS-256__HLSLPERF_SINGLE_PASS_ITEMS_SCALE-2__HLSLPERF_VECTOR_WIDTH-1__HLSLPERF_WAVE_SIZE-32",true,true,true,"",,,,,,,,4,2.0455,2.2368,0.0409,6151.6595,1.0117,"HLSLPERF_CROWD_BACKEND=2;HLSLPERF_CROWD_TILE_BINS=512;HLSLPERF_CROWD_TILE_REPLICAS=2;HLSLPERF_CROWD_TILE_SIZE=16;HLSLPERF_ELEMENTS_PER_THREAD=4;HLSLPERF_GROUP_SIZE=512;HLSLPERF_SCAN_BACKEND=1;HLSLPERF_SINGLE_PASS_GROUPS=256;HLSLPERF_SINGLE_PASS_ITEMS_SCALE=2;HLSLPERF_VECTOR_WIDTH=1;HLSLPERF_WAVE_SIZE=32","2.2382;2.0216;2.0375;2.0812;2.2354;2.0455;2.0425;2.2076;2.0428;2.0438;2.1437",""
"HLSLPERF_CROWD_BACKEND-2__HLSLPERF_CROWD_TILE_BINS-512__HLSLPERF_CROWD_TILE_REPLICAS-1__HLSLPERF_CROWD_TILE_SIZE-16__HLSLPERF_ELEMENTS_PER_THREAD-4__HLSLPERF_GROUP_SIZE-512__HLSLPERF_SCAN_BACKEND-1__HLSLPERF_SINGLE_PASS_GROUPS-128__HLSLPERF_SINGLE_PASS_ITEMS_SCALE-4__HLSLPERF_VECTOR_WIDTH-1__HLSLPERF_WAVE_SIZE-32",true,true,true,"",,,,,,,,4,1.8614,1.897,0.0087,6760.0273,1.1118,"HLSLPERF_CROWD_BACKEND=2;HLSLPERF_CROWD_TILE_BINS=512;HLSLPERF_CROWD_TILE_REPLICAS=1;HLSLPERF_CROWD_TILE_SIZE=16;HLSLPERF_ELEMENTS_PER_THREAD=4;HLSLPERF_GROUP_SIZE=512;HLSLPERF_SCAN_BACKEND=1;HLSLPERF_SINGLE_PASS_GROUPS=128;HLSLPERF_SINGLE_PASS_ITEMS_SCALE=4;HLSLPERF_VECTOR_WIDTH=1;HLSLPERF_WAVE_SIZE=32","1.8536;1.8606;1.8614;1.8678;1.8605;1.8817;1.8612;1.8764;1.8607;1.8726;1.9124",""
"HLSLPERF_CROWD_BACKEND-2__HLSLPERF_CROWD_TILE_BINS-512__HLSLPERF_CROWD_TILE_REPLICAS-2__HLSLPERF_CROWD_TILE_SIZE-16__HLSLPERF_ELEMENTS_PER_THREAD-4__HLSLPERF_GROUP_SIZE-512__HLSLPERF_SCAN_BACKEND-1__HLSLPERF_SINGLE_PASS_GROUPS-128__HLSLPERF_SINGLE_PASS_ITEMS_SCALE-4__HLSLPERF_VECTOR_WIDTH-1__HLSLPERF_WAVE_SIZE-32",true,true,true,"",,,,,,,,4,1.8645,1.9617,0.0235,6748.8238,1.1099,"HLSLPERF_CROWD_BACKEND=2;HLSLPERF_CROWD_TILE_BINS=512;HLSLPERF_CROWD_TILE_REPLICAS=2;HLSLPERF_CROWD_TILE_SIZE=16;HLSLPERF_ELEMENTS_PER_THREAD=4;HLSLPERF_GROUP_SIZE=512;HLSLPERF_SCAN_BACKEND=1;HLSLPERF_SINGLE_PASS_GROUPS=128;HLSLPERF_SINGLE_PASS_ITEMS_SCALE=4;HLSLPERF_VECTOR_WIDTH=1;HLSLPERF_WAVE_SIZE=32","1.8557;1.87;1.8505;1.8729;1.8519;1.8645;1.8516;1.929;1.8583;1.8875;1.9944",""
"HLSLPERF_CROWD_BACKEND-2__HLSLPERF_CROWD_TILE_BINS-512__HLSLPERF_CROWD_TILE_REPLICAS-1__HLSLPERF_CROWD_TILE_SIZE-16__HLSLPERF_ELEMENTS_PER_THREAD-4__HLSLPERF_GROUP_SIZE-512__HLSLPERF_SCAN_BACKEND-1__HLSLPERF_SINGLE_PASS_GROUPS-256__HLSLPERF_SINGLE_PASS_ITEMS_SCALE-4__HLSLPERF_VECTOR_WIDTH-1__HLSLPERF_WAVE_SIZE-32",true,true,true,"",,,,,,,,4,1.8527,1.9546,0.0231,6791.5519,1.1169,"HLSLPERF_CROWD_BACKEND=2;HLSLPERF_CROWD_TILE_BINS=512;HLSLPERF_CROWD_TILE_REPLICAS=1;HLSLPERF_CROWD_TILE_SIZE=16;HLSLPERF_ELEMENTS_PER_THREAD=4;HLSLPERF_GROUP_SIZE=512;HLSLPERF_SCAN_BACKEND=1;HLSLPERF_SINGLE_PASS_GROUPS=256;HLSLPERF_SINGLE_PASS_ITEMS_SCALE=4;HLSLPERF_VECTOR_WIDTH=1;HLSLPERF_WAVE_SIZE=32","1.846;1.9321;1.8526;1.875;1.977;1.8527;1.842;1.859;1.8466;1.8588;1.8457",""
"HLSLPERF_CROWD_BACKEND-2__HLSLPERF_CROWD_TILE_BINS-512__HLSLPERF_CROWD_TILE_REPLICAS-2__HLSLPERF_CROWD_TILE_SIZE-16__HLSLPERF_ELEMENTS_PER_THREAD-4__HLSLPERF_GROUP_SIZE-512__HLSLPERF_SCAN_BACKEND-1__HLSLPERF_SINGLE_PASS_GROUPS-256__HLSLPERF_SINGLE_PASS_ITEMS_SCALE-4__HLSLPERF_VECTOR_WIDTH-1__HLSLPERF_WAVE_SIZE-32",true,true,true,"",,,,,,,,4,1.853,1.9679,0.033,6790.5257,1.1168,"HLSLPERF_CROWD_BACKEND=2;HLSLPERF_CROWD_TILE_BINS=512;HLSLPERF_CROWD_TILE_REPLICAS=2;HLSLPERF_CROWD_TILE_SIZE=16;HLSLPERF_ELEMENTS_PER_THREAD=4;HLSLPERF_GROUP_SIZE=512;HLSLPERF_SCAN_BACKEND=1;HLSLPERF_SINGLE_PASS_GROUPS=256;HLSLPERF_SINGLE_PASS_ITEMS_SCALE=4;HLSLPERF_VECTOR_WIDTH=1;HLSLPERF_WAVE_SIZE=32","1.8515;2.0621;1.8467;1.8737;1.853;1.8723;1.8529;1.8712;1.8527;1.8659;1.853",""
"HLSLPERF_CROWD_BACKEND-2__HLSLPERF_CROWD_TILE_BINS-512__HLSLPERF_CROWD_TILE_REPLICAS-1__HLSLPERF_CROWD_TILE_SIZE-16__HLSLPERF_ELEMENTS_PER_THREAD-4__HLSLPERF_GROUP_SIZE-512__HLSLPERF_SCAN_BACKEND-1__HLSLPERF_SINGLE_PASS_GROUPS-128__HLSLPERF_SINGLE_PASS_ITEMS_SCALE-2__HLSLPERF_VECTOR_WIDTH-1__HLSLPERF_WAVE_SIZE-64",true,true,true,"",,,,,,,,4,2.0989,2.2541,0.0391,5995.0602,0.986,"HLSLPERF_CROWD_BACKEND=2;HLSLPERF_CROWD_TILE_BINS=512;HLSLPERF_CROWD_TILE_REPLICAS=1;HLSLPERF_CROWD_TILE_SIZE=16;HLSLPERF_ELEMENTS_PER_THREAD=4;HLSLPERF_GROUP_SIZE=512;HLSLPERF_SCAN_BACKEND=1;HLSLPERF_SINGLE_PASS_GROUPS=128;HLSLPERF_SINGLE_PASS_ITEMS_SCALE=2;HLSLPERF_VECTOR_WIDTH=1;HLSLPERF_WAVE_SIZE=64","2.077;2.0621;2.1879;2.0989;2.0598;2.1805;2.2579;2.1527;2.0502;2.2503;2.0193",""
"HLSLPERF_CROWD_BACKEND-2__HLSLPERF_CROWD_TILE_BINS-512__HLSLPERF_CROWD_TILE_REPLICAS-2__HLSLPERF_CROWD_TILE_SIZE-16__HLSLPERF_ELEMENTS_PER_THREAD-4__HLSLPERF_GROUP_SIZE-512__HLSLPERF_SCAN_BACKEND-1__HLSLPERF_SINGLE_PASS_GROUPS-128__HLSLPERF_SINGLE_PASS_ITEMS_SCALE-2__HLSLPERF_VECTOR_WIDTH-1__HLSLPERF_WAVE_SIZE-64",true,true,true,"",,,,,,,,4,2.0518,2.1674,0.0338,6132.6809,1.0086,"HLSLPERF_CROWD_BACKEND=2;HLSLPERF_CROWD_TILE_BINS=512;HLSLPERF_CROWD_TILE_REPLICAS=2;HLSLPERF_CROWD_TILE_SIZE=16;HLSLPERF_ELEMENTS_PER_THREAD=4;HLSLPERF_GROUP_SIZE=512;HLSLPERF_SCAN_BACKEND=1;HLSLPERF_SINGLE_PASS_GROUPS=128;HLSLPERF_SINGLE_PASS_ITEMS_SCALE=2;HLSLPERF_VECTOR_WIDTH=1;HLSLPERF_WAVE_SIZE=64","2.0005;2.2152;1.9843;2.0541;2.1195;2.0725;2.0246;2.063;1.989;2.0518;1.987",""
"HLSLPERF_CROWD_BACKEND-2__HLSLPERF_CROWD_TILE_BINS-512__HLSLPERF_CROWD_TILE_REPLICAS-1__HLSLPERF_CROWD_TILE_SIZE-16__HLSLPERF_ELEMENTS_PER_THREAD-4__HLSLPERF_GROUP_SIZE-512__HLSLPERF_SCAN_BACKEND-1__HLSLPERF_SINGLE_PASS_GROUPS-256__HLSLPERF_SINGLE_PASS_ITEMS_SCALE-2__HLSLPERF_VECTOR_WIDTH-1__HLSLPERF_WAVE_SIZE-64",true,true,true,"",,,,,,,,4,1.8542,1.8774,0.0065,6786.0578,1.116,"HLSLPERF_CROWD_BACKEND=2;HLSLPERF_CROWD_TILE_BINS=512;HLSLPERF_CROWD_TILE_REPLICAS=1;HLSLPERF_CROWD_TILE_SIZE=16;HLSLPERF_ELEMENTS_PER_THREAD=4;HLSLPERF_GROUP_SIZE=512;HLSLPERF_SCAN_BACKEND=1;HLSLPERF_SINGLE_PASS_GROUPS=256;HLSLPERF_SINGLE_PASS_ITEMS_SCALE=2;HLSLPERF_VECTOR_WIDTH=1;HLSLPERF_WAVE_SIZE=64","1.8488;1.8706;1.8542;1.8728;1.8516;1.8727;1.853;1.8769;1.8517;1.8779;1.8489",""
"HLSLPERF_CROWD_BACKEND-2__HLSLPERF_CROWD_TILE_BINS-512__HLSLPERF_CROWD_TILE_REPLICAS-2__HLSLPERF_CROWD_TILE_SIZE-16__HLSLPERF_ELEMENTS_PER_THREAD-4__HLSLPERF_GROUP_SIZE-512__HLSLPERF_SCAN_BACKEND-1__HLSLPERF_SINGLE_PASS_GROUPS-256__HLSLPERF_SINGLE_PASS_ITEMS_SCALE-2__HLSLPERF_VECTOR_WIDTH-1__HLSLPERF_WAVE_SIZE-64",true,true,true,"",,,,,,,,4,1.8583,1.8761,0.005,6771.2316,1.1136,"HLSLPERF_CROWD_BACKEND=2;HLSLPERF_CROWD_TILE_BINS=512;HLSLPERF_CROWD_TILE_REPLICAS=2;HLSLPERF_CROWD_TILE_SIZE=16;HLSLPERF_ELEMENTS_PER_THREAD=4;HLSLPERF_GROUP_SIZE=512;HLSLPERF_SCAN_BACKEND=1;HLSLPERF_SINGLE_PASS_GROUPS=256;HLSLPERF_SINGLE_PASS_ITEMS_SCALE=2;HLSLPERF_VECTOR_WIDTH=1;HLSLPERF_WAVE_SIZE=64","1.8609;1.8615;1.857;1.8678;1.8535;1.8533;1.8518;1.8839;1.8583;1.8683;1.8579",""
"HLSLPERF_CROWD_BACKEND-2__HLSLPERF_CROWD_TILE_BINS-512__HLSLPERF_CROWD_TILE_REPLICAS-1__HLSLPERF_CROWD_TILE_SIZE-16__HLSLPERF_ELEMENTS_PER_THREAD-4__HLSLPERF_GROUP_SIZE-512__HLSLPERF_SCAN_BACKEND-1__HLSLPERF_SINGLE_PASS_GROUPS-128__HLSLPERF_SINGLE_PASS_ITEMS_SCALE-4__HLSLPERF_VECTOR_WIDTH-1__HLSLPERF_WAVE_SIZE-64",true,true,true,"",,,,,,,,4,1.8762,1.981,0.0277,6706.7372,1.103,"HLSLPERF_CROWD_BACKEND=2;HLSLPERF_CROWD_TILE_BINS=512;HLSLPERF_CROWD_TILE_REPLICAS=1;HLSLPERF_CROWD_TILE_SIZE=16;HLSLPERF_ELEMENTS_PER_THREAD=4;HLSLPERF_GROUP_SIZE=512;HLSLPERF_SCAN_BACKEND=1;HLSLPERF_SINGLE_PASS_GROUPS=128;HLSLPERF_SINGLE_PASS_ITEMS_SCALE=4;HLSLPERF_VECTOR_WIDTH=1;HLSLPERF_WAVE_SIZE=64","1.8564;1.8762;1.8556;1.878;1.8573;1.9397;1.8624;1.9355;2.0223;1.8826;1.8568",""
"HLSLPERF_CROWD_BACKEND-2__HLSLPERF_CROWD_TILE_BINS-512__HLSLPERF_CROWD_TILE_REPLICAS-2__HLSLPERF_CROWD_TILE_SIZE-16__HLSLPERF_ELEMENTS_PER_THREAD-4__HLSLPERF_GROUP_SIZE-512__HLSLPERF_SCAN_BACKEND-1__HLSLPERF_SINGLE_PASS_GROUPS-128__HLSLPERF_SINGLE_PASS_ITEMS_SCALE-4__HLSLPERF_VECTOR_WIDTH-1__HLSLPERF_WAVE_SIZE-64",true,true,true,"",,,,,,,,4,1.8601,1.9621,0.0273,6764.7882,1.1125,"HLSLPERF_CROWD_BACKEND=2;HLSLPERF_CROWD_TILE_BINS=512;HLSLPERF_CROWD_TILE_REPLICAS=2;HLSLPERF_CROWD_TILE_SIZE=16;HLSLPERF_ELEMENTS_PER_THREAD=4;HLSLPERF_GROUP_SIZE=512;HLSLPERF_SCAN_BACKEND=1;HLSLPERF_SINGLE_PASS_GROUPS=128;HLSLPERF_SINGLE_PASS_ITEMS_SCALE=4;HLSLPERF_VECTOR_WIDTH=1;HLSLPERF_WAVE_SIZE=64","1.8572;1.9067;1.9073;1.8953;1.849;2.0169;1.8448;1.8665;1.8442;1.8601;1.843",""
"HLSLPERF_CROWD_BACKEND-2__HLSLPERF_CROWD_TILE_BINS-512__HLSLPERF_CROWD_TILE_REPLICAS-1__HLSLPERF_CROWD_TILE_SIZE-16__HLSLPERF_ELEMENTS_PER_THREAD-4__HLSLPERF_GROUP_SIZE-512__HLSLPERF_SCAN_BACKEND-1__HLSLPERF_SINGLE_PASS_GROUPS-256__HLSLPERF_SINGLE_PASS_ITEMS_SCALE-4__HLSLPERF_VECTOR_WIDTH-1__HLSLPERF_WAVE_SIZE-64",true,true,true,"",,,,,,,,4,1.874,1.9987,0.0317,6714.5391,1.1043,"HLSLPERF_CROWD_BACKEND=2;HLSLPERF_CROWD_TILE_BINS=512;HLSLPERF_CROWD_TILE_REPLICAS=1;HLSLPERF_CROWD_TILE_SIZE=16;HLSLPERF_ELEMENTS_PER_THREAD=4;HLSLPERF_GROUP_SIZE=512;HLSLPERF_SCAN_BACKEND=1;HLSLPERF_SINGLE_PASS_GROUPS=256;HLSLPERF_SINGLE_PASS_ITEMS_SCALE=4;HLSLPERF_VECTOR_WIDTH=1;HLSLPERF_WAVE_SIZE=64","1.857;1.8863;1.8445;1.8845;1.9512;1.8791;1.8683;2.0461;1.8455;1.874;1.8482",""
"HLSLPERF_CROWD_BACKEND-2__HLSLPERF_CROWD_TILE_BINS-512__HLSLPERF_CROWD_TILE_REPLICAS-2__HLSLPERF_CROWD_TILE_SIZE-16__HLSLPERF_ELEMENTS_PER_THREAD-4__HLSLPERF_GROUP_SIZE-512__HLSLPERF_SCAN_BACKEND-1__HLSLPERF_SINGLE_PASS_GROUPS-256__HLSLPERF_SINGLE_PASS_ITEMS_SCALE-4__HLSLPERF_VECTOR_WIDTH-1__HLSLPERF_WAVE_SIZE-64",true,true,true,"",,,,,,,,4,1.884,2.0359,0.0361,6678.9344,1.0984,"HLSLPERF_CROWD_BACKEND=2;HLSLPERF_CROWD_TILE_BINS=512;HLSLPERF_CROWD_TILE_REPLICAS=2;HLSLPERF_CROWD_TILE_SIZE=16;HLSLPERF_ELEMENTS_PER_THREAD=4;HLSLPERF_GROUP_SIZE=512;HLSLPERF_SCAN_BACKEND=1;HLSLPERF_SINGLE_PASS_GROUPS=256;HLSLPERF_SINGLE_PASS_ITEMS_SCALE=4;HLSLPERF_VECTOR_WIDTH=1;HLSLPERF_WAVE_SIZE=64","1.8672;1.9053;2.0071;1.9;1.8613;2.0648;1.8555;1.884;1.8557;1.886;1.8564",""
"HLSLPERF_CROWD_BACKEND-2__HLSLPERF_CROWD_TILE_BINS-512__HLSLPERF_CROWD_TILE_REPLICAS-1__HLSLPERF_CROWD_TILE_SIZE-16__HLSLPERF_ELEMENTS_PER_THREAD-4__HLSLPERF_GROUP_SIZE-512__HLSLPERF_SCAN_BACKEND-1__HLSLPERF_SINGLE_PASS_GROUPS-128__HLSLPERF_SINGLE_PASS_ITEMS_SCALE-2__HLSLPERF_VECTOR_WIDTH-4__HLSLPERF_WAVE_SIZE-32",true,true,true,"",,,,,,,,4,1.8485,1.9866,0.033,6806.946,1.1195,"HLSLPERF_CROWD_BACKEND=2;HLSLPERF_CROWD_TILE_BINS=512;HLSLPERF_CROWD_TILE_REPLICAS=1;HLSLPERF_CROWD_TILE_SIZE=16;HLSLPERF_ELEMENTS_PER_THREAD=4;HLSLPERF_GROUP_SIZE=512;HLSLPERF_SCAN_BACKEND=1;HLSLPERF_SINGLE_PASS_GROUPS=128;HLSLPERF_SINGLE_PASS_ITEMS_SCALE=2;HLSLPERF_VECTOR_WIDTH=4;HLSLPERF_WAVE_SIZE=32","1.9345;1.8485;1.8501;2.0387;1.8383;1.8565;1.8356;1.8569;1.8377;1.8455;1.8475",""
"HLSLPERF_CROWD_BACKEND-2__HLSLPERF_CROWD_TILE_BINS-512__HLSLPERF_CROWD_TILE_REPLICAS-2__HLSLPERF_CROWD_TILE_SIZE-16__HLSLPERF_ELEMENTS_PER_THREAD-4__HLSLPERF_GROUP_SIZE-512__HLSLPERF_SCAN_BACKEND-1__HLSLPERF_SINGLE_PASS_GROUPS-128__HLSLPERF_SINGLE_PASS_ITEMS_SCALE-2__HLSLPERF_VECTOR_WIDTH-4__HLSLPERF_WAVE_SIZE-32",true,true,true,"",,,,,,,,4,1.8448,2.0266,0.0395,6820.7829,1.1218,"HLSLPERF_CROWD_BACKEND=2;HLSLPERF_CROWD_TILE_BINS=512;HLSLPERF_CROWD_TILE_REPLICAS=2;HLSLPERF_CROWD_TILE_SIZE=16;HLSLPERF_ELEMENTS_PER_THREAD=4;HLSLPERF_GROUP_SIZE=512;HLSLPERF_SCAN_BACKEND=1;HLSLPERF_SINGLE_PASS_GROUPS=128;HLSLPERF_SINGLE_PASS_ITEMS_SCALE=2;HLSLPERF_VECTOR_WIDTH=4;HLSLPERF_WAVE_SIZE=32","1.8337;2.0344;1.8448;1.8597;1.8421;1.8527;2.0188;1.8494;1.8347;1.8447;1.8389",""
"HLSLPERF_CROWD_BACKEND-2__HLSLPERF_CROWD_TILE_BINS-512__HLSLPERF_CROWD_TILE_REPLICAS-1__HLSLPERF_CROWD_TILE_SIZE-16__HLSLPERF_ELEMENTS_PER_THREAD-4__HLSLPERF_GROUP_SIZE-512__HLSLPERF_SCAN_BACKEND-1__HLSLPERF_SINGLE_PASS_GROUPS-256__HLSLPERF_SINGLE_PASS_ITEMS_SCALE-2__HLSLPERF_VECTOR_WIDTH-4__HLSLPERF_WAVE_SIZE-32",true,true,true,"",,,,,,,,4,2.0309,2.2118,0.0389,6195.7014,1.019,"HLSLPERF_CROWD_BACKEND=2;HLSLPERF_CROWD_TILE_BINS=512;HLSLPERF_CROWD_TILE_REPLICAS=1;HLSLPERF_CROWD_TILE_SIZE=16;HLSLPERF_ELEMENTS_PER_THREAD=4;HLSLPERF_GROUP_SIZE=512;HLSLPERF_SCAN_BACKEND=1;HLSLPERF_SINGLE_PASS_GROUPS=256;HLSLPERF_SINGLE_PASS_ITEMS_SCALE=2;HLSLPERF_VECTOR_WIDTH=4;HLSLPERF_WAVE_SIZE=32","2.0199;1.9977;2.027;2.0649;2.0922;2.2372;2.0309;2.0225;2.1865;1.9808;2.0321",""
"HLSLPERF_CROWD_BACKEND-2__HLSLPERF_CROWD_TILE_BINS-512__HLSLPERF_CROWD_TILE_REPLICAS-2__HLSLPERF_CROWD_TILE_SIZE-16__HLSLPERF_ELEMENTS_PER_THREAD-4__HLSLPERF_GROUP_SIZE-512__HLSLPERF_SCAN_BACKEND-1__HLSLPERF_SINGLE_PASS_GROUPS-256__HLSLPERF_SINGLE_PASS_ITEMS_SCALE-2__HLSLPERF_VECTOR_WIDTH-4__HLSLPERF_WAVE_SIZE-32",true,true,true,"",,,,,,,,4,2.0032,2.2378,0.0529,6281.3117,1.033,"HLSLPERF_CROWD_BACKEND=2;HLSLPERF_CROWD_TILE_BINS=512;HLSLPERF_CROWD_TILE_REPLICAS=2;HLSLPERF_CROWD_TILE_SIZE=16;HLSLPERF_ELEMENTS_PER_THREAD=4;HLSLPERF_GROUP_SIZE=512;HLSLPERF_SCAN_BACKEND=1;HLSLPERF_SINGLE_PASS_GROUPS=256;HLSLPERF_SINGLE_PASS_ITEMS_SCALE=2;HLSLPERF_VECTOR_WIDTH=4;HLSLPERF_WAVE_SIZE=32","2.2297;2.218;1.9978;2.0851;2.2458;2.0032;2.0015;2.0041;1.9929;1.9782;1.9799",""
"HLSLPERF_CROWD_BACKEND-2__HLSLPERF_CROWD_TILE_BINS-512__HLSLPERF_CROWD_TILE_REPLICAS-1__HLSLPERF_CROWD_TILE_SIZE-16__HLSLPERF_ELEMENTS_PER_THREAD-4__HLSLPERF_GROUP_SIZE-512__HLSLPERF_SCAN_BACKEND-1__HLSLPERF_SINGLE_PASS_GROUPS-128__HLSLPERF_SINGLE_PASS_ITEMS_SCALE-4__HLSLPERF_VECTOR_WIDTH-4__HLSLPERF_WAVE_SIZE-32",true,true,true,"",,,,,,,,4,1.865,1.9191,0.0143,6746.9782,1.1096,"HLSLPERF_CROWD_BACKEND=2;HLSLPERF_CROWD_TILE_BINS=512;HLSLPERF_CROWD_TILE_REPLICAS=1;HLSLPERF_CROWD_TILE_SIZE=16;HLSLPERF_ELEMENTS_PER_THREAD=4;HLSLPERF_GROUP_SIZE=512;HLSLPERF_SCAN_BACKEND=1;HLSLPERF_SINGLE_PASS_GROUPS=128;HLSLPERF_SINGLE_PASS_ITEMS_SCALE=4;HLSLPERF_VECTOR_WIDTH=4;HLSLPERF_WAVE_SIZE=32","1.8666;1.8876;1.9505;1.8622;1.8605;1.8645;1.878;1.8578;1.8788;1.8561;1.865",""
"HLSLPERF_CROWD_BACKEND-2__HLSLPERF_CROWD_TILE_BINS-512__HLSLPERF_CROWD_TILE_REPLICAS-2__HLSLPERF_CROWD_TILE_SIZE-16__HLSLPERF_ELEMENTS_PER_THREAD-4__HLSLPERF_GROUP_SIZE-512__HLSLPERF_SCAN_BACKEND-1__HLSLPERF_SINGLE_PASS_GROUPS-128__HLSLPERF_SINGLE_PASS_ITEMS_SCALE-4__HLSLPERF_VECTOR_WIDTH-4__HLSLPERF_WAVE_SIZE-32",true,true,true,"",,,,,,,,4,1.8647,1.9758,0.026,6747.9914,1.1098,"HLSLPERF_CROWD_BACKEND=2;HLSLPERF_CROWD_TILE_BINS=512;HLSLPERF_CROWD_TILE_REPLICAS=2;HLSLPERF_CROWD_TILE_SIZE=16;HLSLPERF_ELEMENTS_PER_THREAD=4;HLSLPERF_GROUP_SIZE=512;HLSLPERF_SCAN_BACKEND=1;HLSLPERF_SINGLE_PASS_GROUPS=128;HLSLPERF_SINGLE_PASS_ITEMS_SCALE=4;HLSLPERF_VECTOR_WIDTH=4;HLSLPERF_WAVE_SIZE=32","1.8486;1.8509;1.8654;1.8481;1.8702;1.8543;1.96;1.9916;1.8647;1.8496;1.8719",""
"HLSLPERF_CROWD_BACKEND-2__HLSLPERF_CROWD_TILE_BINS-512__HLSLPERF_CROWD_TILE_REPLICAS-1__HLSLPERF_CROWD_TILE_SIZE-16__HLSLPERF_ELEMENTS_PER_THREAD-4__HLSLPERF_GROUP_SIZE-512__HLSLPERF_SCAN_BACKEND-1__HLSLPERF_SINGLE_PASS_GROUPS-256__HLSLPERF_SINGLE_PASS_ITEMS_SCALE-4__HLSLPERF_VECTOR_WIDTH-4__HLSLPERF_WAVE_SIZE-32",true,true,true,"",,,,,,,,4,1.8538,1.9449,0.0254,6787.7784,1.1163,"HLSLPERF_CROWD_BACKEND=2;HLSLPERF_CROWD_TILE_BINS=512;HLSLPERF_CROWD_TILE_REPLICAS=1;HLSLPERF_CROWD_TILE_SIZE=16;HLSLPERF_ELEMENTS_PER_THREAD=4;HLSLPERF_GROUP_SIZE=512;HLSLPERF_SCAN_BACKEND=1;HLSLPERF_SINGLE_PASS_GROUPS=256;HLSLPERF_SINGLE_PASS_ITEMS_SCALE=4;HLSLPERF_VECTOR_WIDTH=4;HLSLPERF_WAVE_SIZE=32","1.8835;2.0064;1.853;1.844;1.8538;1.8433;1.8565;1.8443;1.8548;1.844;1.8736",""
"HLSLPERF_CROWD_BACKEND-2__HLSLPERF_CROWD_TILE_BINS-512__HLSLPERF_CROWD_TILE_REPLICAS-2__HLSLPERF_CROWD_TILE_SIZE-16__HLSLPERF_ELEMENTS_PER_THREAD-4__HLSLPERF_GROUP_SIZE-512__HLSLPERF_SCAN_BACKEND-1__HLSLPERF_SINGLE_PASS_GROUPS-256__HLSLPERF_SINGLE_PASS_ITEMS_SCALE-4__HLSLPERF_VECTOR_WIDTH-4__HLSLPERF_WAVE_SIZE-32",true,true,true,"",,,,,,,,4,1.8529,1.9001,0.0132,6791.0388,1.1169,"HLSLPERF_CROWD_BACKEND=2;HLSLPERF_CROWD_TILE_BINS=512;HLSLPERF_CROWD_TILE_REPLICAS=2;HLSLPERF_CROWD_TILE_SIZE=16;HLSLPERF_ELEMENTS_PER_THREAD=4;HLSLPERF_GROUP_SIZE=512;HLSLPERF_SCAN_BACKEND=1;HLSLPERF_SINGLE_PASS_GROUPS=256;HLSLPERF_SINGLE_PASS_ITEMS_SCALE=4;HLSLPERF_VECTOR_WIDTH=4;HLSLPERF_WAVE_SIZE=32","1.8529;1.8416;1.8602;1.8461;1.8612;1.8459;1.8708;1.8449;1.9293;1.8509;1.8574",""
"HLSLPERF_CROWD_BACKEND-2__HLSLPERF_CROWD_TILE_BINS-512__HLSLPERF_CROWD_TILE_REPLICAS-1__HLSLPERF_CROWD_TILE_SIZE-16__HLSLPERF_ELEMENTS_PER_THREAD-4__HLSLPERF_GROUP_SIZE-512__HLSLPERF_SCAN_BACKEND-1__HLSLPERF_SINGLE_PASS_GROUPS-128__HLSLPERF_SINGLE_PASS_ITEMS_SCALE-2__HLSLPERF_VECTOR_WIDTH-4__HLSLPERF_WAVE_SIZE-64",true,true,true,"",,,,,,,,4,2.1206,2.1853,0.0458,5933.5726,0.9758,"HLSLPERF_CROWD_BACKEND=2;HLSLPERF_CROWD_TILE_BINS=512;HLSLPERF_CROWD_TILE_REPLICAS=1;HLSLPERF_CROWD_TILE_SIZE=16;HLSLPERF_ELEMENTS_PER_THREAD=4;HLSLPERF_GROUP_SIZE=512;HLSLPERF_SCAN_BACKEND=1;HLSLPERF_SINGLE_PASS_GROUPS=128;HLSLPERF_SINGLE_PASS_ITEMS_SCALE=2;HLSLPERF_VECTOR_WIDTH=4;HLSLPERF_WAVE_SIZE=64","2.1461;2.0076;2.1206;2.1328;2.1613;1.9713;2.1994;2.1712;1.9914;1.9917;1.9391",""
"HLSLPERF_CROWD_BACKEND-2__HLSLPERF_CROWD_TILE_BINS-512__HLSLPERF_CROWD_TILE_REPLICAS-2__HLSLPERF_CROWD_TILE_SIZE-16__HLSLPERF_ELEMENTS_PER_THREAD-4__HLSLPERF_GROUP_SIZE-512__HLSLPERF_SCAN_BACKEND-1__HLSLPERF_SINGLE_PASS_GROUPS-128__HLSLPERF_SINGLE_PASS_ITEMS_SCALE-2__HLSLPERF_VECTOR_WIDTH-4__HLSLPERF_WAVE_SIZE-64",true,true,true,"",,,,,,,,4,2.0092,2.1261,0.037,6262.5231,1.0299,"HLSLPERF_CROWD_BACKEND=2;HLSLPERF_CROWD_TILE_BINS=512;HLSLPERF_CROWD_TILE_REPLICAS=2;HLSLPERF_CROWD_TILE_SIZE=16;HLSLPERF_ELEMENTS_PER_THREAD=4;HLSLPERF_GROUP_SIZE=512;HLSLPERF_SCAN_BACKEND=1;HLSLPERF_SINGLE_PASS_GROUPS=128;HLSLPERF_SINGLE_PASS_ITEMS_SCALE=2;HLSLPERF_VECTOR_WIDTH=4;HLSLPERF_WAVE_SIZE=64","1.9404;2.0536;1.9812;2.0831;2.0715;2.0737;1.9383;1.9642;2.169;1.9472;2.0092",""
"HLSLPERF_CROWD_BACKEND-2__HLSLPERF_CROWD_TILE_BINS-512__HLSLPERF_CROWD_TILE_REPLICAS-1__HLSLPERF_CROWD_TILE_SIZE-16__HLSLPERF_ELEMENTS_PER_THREAD-4__HLSLPERF_GROUP_SIZE-512__HLSLPERF_SCAN_BACKEND-1__HLSLPERF_SINGLE_PASS_GROUPS-256__HLSLPERF_SINGLE_PASS_ITEMS_SCALE-2__HLSLPERF_VECTOR_WIDTH-4__HLSLPERF_WAVE_SIZE-64",true,true,true,"",,,,,,,,4,1.86,1.9344,0.0219,6765.0428,1.1126,"HLSLPERF_CROWD_BACKEND=2;HLSLPERF_CROWD_TILE_BINS=512;HLSLPERF_CROWD_TILE_REPLICAS=1;HLSLPERF_CROWD_TILE_SIZE=16;HLSLPERF_ELEMENTS_PER_THREAD=4;HLSLPERF_GROUP_SIZE=512;HLSLPERF_SCAN_BACKEND=1;HLSLPERF_SINGLE_PASS_GROUPS=256;HLSLPERF_SINGLE_PASS_ITEMS_SCALE=2;HLSLPERF_VECTOR_WIDTH=4;HLSLPERF_WAVE_SIZE=64","1.86;1.991;1.8479;1.8601;1.8505;1.8613;1.8526;1.8777;1.8524;1.866;1.8533",""
"HLSLPERF_CROWD_BACKEND-2__HLSLPERF_CROWD_TILE_BINS-512__HLSLPERF_CROWD_TILE_REPLICAS-2__HLSLPERF_CROWD_TILE_SIZE-16__HLSLPERF_ELEMENTS_PER_THREAD-4__HLSLPERF_GROUP_SIZE-512__HLSLPERF_SCAN_BACKEND-1__HLSLPERF_SINGLE_PASS_GROUPS-256__HLSLPERF_SINGLE_PASS_ITEMS_SCALE-2__HLSLPERF_VECTOR_WIDTH-4__HLSLPERF_WAVE_SIZE-64",true,true,true,"",,,,,,,,4,1.8626,1.8782,0.0055,6755.5632,1.111,"HLSLPERF_CROWD_BACKEND=2;HLSLPERF_CROWD_TILE_BINS=512;HLSLPERF_CROWD_TILE_REPLICAS=2;HLSLPERF_CROWD_TILE_SIZE=16;HLSLPERF_ELEMENTS_PER_THREAD=4;HLSLPERF_GROUP_SIZE=512;HLSLPERF_SCAN_BACKEND=1;HLSLPERF_SINGLE_PASS_GROUPS=256;HLSLPERF_SINGLE_PASS_ITEMS_SCALE=2;HLSLPERF_VECTOR_WIDTH=4;HLSLPERF_WAVE_SIZE=64","1.8626;1.8742;1.8577;1.8769;1.8585;1.8755;1.8532;1.8716;1.8544;1.8795;1.8537",""
"HLSLPERF_CROWD_BACKEND-2__HLSLPERF_CROWD_TILE_BINS-512__HLSLPERF_CROWD_TILE_REPLICAS-1__HLSLPERF_CROWD_TILE_SIZE-16__HLSLPERF_ELEMENTS_PER_THREAD-4__HLSLPERF_GROUP_SIZE-512__HLSLPERF_SCAN_BACKEND-1__HLSLPERF_SINGLE_PASS_GROUPS-128__HLSLPERF_SINGLE_PASS_ITEMS_SCALE-4__HLSLPERF_VECTOR_WIDTH-4__HLSLPERF_WAVE_SIZE-64",true,true,true,"",,,,,,,,4,1.8744,1.9723,0.0242,6712.9629,1.104,"HLSLPERF_CROWD_BACKEND=2;HLSLPERF_CROWD_TILE_BINS=512;HLSLPERF_CROWD_TILE_REPLICAS=1;HLSLPERF_CROWD_TILE_SIZE=16;HLSLPERF_ELEMENTS_PER_THREAD=4;HLSLPERF_GROUP_SIZE=512;HLSLPERF_SCAN_BACKEND=1;HLSLPERF_SINGLE_PASS_GROUPS=128;HLSLPERF_SINGLE_PASS_ITEMS_SCALE=4;HLSLPERF_VECTOR_WIDTH=4;HLSLPERF_WAVE_SIZE=64","1.8522;1.875;1.8535;1.8744;1.8496;1.8756;1.8539;1.9784;1.8559;1.8954;1.9662",""
"HLSLPERF_CROWD_BACKEND-2__HLSLPERF_CROWD_TILE_BINS-512__HLSLPERF_CROWD_TILE_REPLICAS-2__HLSLPERF_CROWD_TILE_SIZE-16__HLSLPERF_ELEMENTS_PER_THREAD-4__HLSLPERF_GROUP_SIZE-512__HLSLPERF_SCAN_BACKEND-1__HLSLPERF_SINGLE_PASS_GROUPS-128__HLSLPERF_SINGLE_PASS_ITEMS_SCALE-4__HLSLPERF_VECTOR_WIDTH-4__HLSLPERF_WAVE_SIZE-64",true,true,true,"",,,,,,,,4,1.8732,2.0571,0.0425,6717.2275,1.1047,"HLSLPERF_CROWD_BACKEND=2;HLSLPERF_CROWD_TILE_BINS=512;HLSLPERF_CROWD_TILE_REPLICAS=2;HLSLPERF_CROWD_TILE_SIZE=16;HLSLPERF_ELEMENTS_PER_THREAD=4;HLSLPERF_GROUP_SIZE=512;HLSLPERF_SCAN_BACKEND=1;HLSLPERF_SINGLE_PASS_GROUPS=128;HLSLPERF_SINGLE_PASS_ITEMS_SCALE=4;HLSLPERF_VECTOR_WIDTH=4;HLSLPERF_WAVE_SIZE=64","1.8528;1.916;2.104;2.0101;1.9148;1.8618;1.8526;1.8746;1.8531;1.8732;1.8534",""
"HLSLPERF_CROWD_BACKEND-2__HLSLPERF_CROWD_TILE_BINS-512__HLSLPERF_CROWD_TILE_REPLICAS-1__HLSLPERF_CROWD_TILE_SIZE-16__HLSLPERF_ELEMENTS_PER_THREAD-4__HLSLPERF_GROUP_SIZE-512__HLSLPERF_SCAN_BACKEND-1__HLSLPERF_SINGLE_PASS_GROUPS-256__HLSLPERF_SINGLE_PASS_ITEMS_SCALE-4__HLSLPERF_VECTOR_WIDTH-4__HLSLPERF_WAVE_SIZE-64",true,true,true,"",,,,,,,,4,1.8576,1.8834,0.0062,6773.7468,1.114,"HLSLPERF_CROWD_BACKEND=2;HLSLPERF_CROWD_TILE_BINS=512;HLSLPERF_CROWD_TILE_REPLICAS=1;HLSLPERF_CROWD_TILE_SIZE=16;HLSLPERF_ELEMENTS_PER_THREAD=4;HLSLPERF_GROUP_SIZE=512;HLSLPERF_SCAN_BACKEND=1;HLSLPERF_SINGLE_PASS_GROUPS=256;HLSLPERF_SINGLE_PASS_ITEMS_SCALE=4;HLSLPERF_VECTOR_WIDTH=4;HLSLPERF_WAVE_SIZE=64","1.8559;1.8692;1.8545;1.8876;1.8573;1.8791;1.8576;1.868;1.8531;1.8652;1.8511",""
"HLSLPERF_CROWD_BACKEND-2__HLSLPERF_CROWD_TILE_BINS-512__HLSLPERF_CROWD_TILE_REPLICAS-2__HLSLPERF_CROWD_TILE_SIZE-16__HLSLPERF_ELEMENTS_PER_THREAD-4__HLSLPERF_GROUP_SIZE-512__HLSLPERF_SCAN_BACKEND-1__HLSLPERF_SINGLE_PASS_GROUPS-256__HLSLPERF_SINGLE_PASS_ITEMS_SCALE-4__HLSLPERF_VECTOR_WIDTH-4__HLSLPERF_WAVE_SIZE-64",true,true,true,"",,,,,,,,4,1.87,2.0076,0.0309,6728.758,1.1066,"HLSLPERF_CROWD_BACKEND=2;HLSLPERF_CROWD_TILE_BINS=512;HLSLPERF_CROWD_TILE_REPLICAS=2;HLSLPERF_CROWD_TILE_SIZE=16;HLSLPERF_ELEMENTS_PER_THREAD=4;HLSLPERF_GROUP_SIZE=512;HLSLPERF_SCAN_BACKEND=1;HLSLPERF_SINGLE_PASS_GROUPS=256;HLSLPERF_SINGLE_PASS_ITEMS_SCALE=4;HLSLPERF_VECTOR_WIDTH=4;HLSLPERF_WAVE_SIZE=64","1.8602;1.8775;1.8545;1.87;1.8539;1.8811;1.854;1.88;1.8596;2.0146;2.0005",""
