candidate_id,compiled,correct,stable,rga_status,max_vgprs_used,max_live_vgprs,max_allocated_vgprs,max_sgprs_used,max_lds_bytes,max_scratch_bytes,min_occupancy_waves_per_simd,dispatches_per_batch,median_gpu_ms,p95_gpu_ms,cv,throughput_mitems_s,speedup_vs_baseline,defines,samples_gpu_ms,error
"HLSLPERF_CROWD_BACKEND-1__HLSLPERF_CROWD_TILE_BINS-512__HLSLPERF_CROWD_TILE_SIZE-16__HLSLPERF_ELEMENTS_PER_THREAD-2__HLSLPERF_GROUP_SIZE-128__HLSLPERF_SCAN_BACKEND-1__HLSLPERF_VECTOR_WIDTH-1",true,true,true,"",,,,,,,,4,1.9253,2.0663,0.0393,1633.8898,0.9752,"HLSLPERF_CROWD_BACKEND=1;HLSLPERF_CROWD_TILE_BINS=512;HLSLPERF_CROWD_TILE_SIZE=16;HLSLPERF_ELEMENTS_PER_THREAD=2;HLSLPERF_GROUP_SIZE=128;HLSLPERF_SCAN_BACKEND=1;HLSLPERF_VECTOR_WIDTH=1","1.9033;1.956;1.9068;1.953;1.9002;1.9253;1.9328;1.909;2.1667;1.9036;1.9659",""
"HLSLPERF_CROWD_BACKEND-1__HLSLPERF_CROWD_TILE_BINS-512__HLSLPERF_CROWD_TILE_SIZE-16__HLSLPERF_ELEMENTS_PER_THREAD-4__HLSLPERF_GROUP_SIZE-128__HLSLPERF_SCAN_BACKEND-1__HLSLPERF_VECTOR_WIDTH-1",true,true,true,"",,,,,,,,4,1.8782,1.945,0.021,1674.8453,0.9997,"HLSLPERF_CROWD_BACKEND=1;HLSLPERF_CROWD_TILE_BINS=512;HLSLPERF_CROWD_TILE_SIZE=16;HLSLPERF_ELEMENTS_PER_THREAD=4;HLSLPERF_GROUP_SIZE=128;HLSLPERF_SCAN_BACKEND=1;HLSLPERF_VECTOR_WIDTH=1","1.8647;1.8907;1.867;1.8845;1.9994;1.887;1.8595;1.8843;1.8607;1.8782;1.8635",""
"HLSLPERF_CROWD_BACKEND-1__HLSLPERF_CROWD_TILE_BINS-512__HLSLPERF_CROWD_TILE_SIZE-16__HLSLPERF_ELEMENTS_PER_THREAD-4__HLSLPERF_GROUP_SIZE-128__HLSLPERF_SCAN_BACKEND-1__HLSLPERF_VECTOR_WIDTH-4",true,true,true,"",,,,,,,,4,1.8327,1.9613,0.0284,1716.4914,1.0245,"HLSLPERF_CROWD_BACKEND=1;HLSLPERF_CROWD_TILE_BINS=512;HLSLPERF_CROWD_TILE_SIZE=16;HLSLPERF_ELEMENTS_PER_THREAD=4;HLSLPERF_GROUP_SIZE=128;HLSLPERF_SCAN_BACKEND=1;HLSLPERF_VECTOR_WIDTH=4","1.8252;1.8257;1.8327;1.8321;1.8788;1.8728;1.8326;1.9406;1.982;1.8412;1.8248",""
"HLSLPERF_CROWD_BACKEND-1__HLSLPERF_CROWD_TILE_BINS-512__HLSLPERF_CROWD_TILE_SIZE-16__HLSLPERF_ELEMENTS_PER_THREAD-2__HLSLPERF_GROUP_SIZE-256__HLSLPERF_SCAN_BACKEND-1__HLSLPERF_VECTOR_WIDTH-1",true,true,true,"",,,,,,,,4,1.8873,2.0025,0.0267,1666.8316,0.9949,"HLSLPERF_CROWD_BACKEND=1;HLSLPERF_CROWD_TILE_BINS=512;HLSLPERF_CROWD_TILE_SIZE=16;HLSLPERF_ELEMENTS_PER_THREAD=2;HLSLPERF_GROUP_SIZE=256;HLSLPERF_SCAN_BACKEND=1;HLSLPERF_VECTOR_WIDTH=1","1.8873;1.8752;1.9682;1.8833;1.9053;2.0368;1.8935;1.8735;1.8838;1.872;1.89",""
"HLSLPERF_CROWD_BACKEND-1__HLSLPERF_CROWD_TILE_BINS-512__HLSLPERF_CROWD_TILE_SIZE-16__HLSLPERF_ELEMENTS_PER_THREAD-4__HLSLPERF_GROUP_SIZE-256__HLSLPERF_SCAN_BACKEND-1__HLSLPERF_VECTOR_WIDTH-1",true,true,true,"",,,,,,,,4,1.8776,2.0296,0.0353,1675.4162,1,"HLSLPERF_CROWD_BACKEND=1;HLSLPERF_CROWD_TILE_BINS=512;HLSLPERF_CROWD_TILE_SIZE=16;HLSLPERF_ELEMENTS_PER_THREAD=4;HLSLPERF_GROUP_SIZE=256;HLSLPERF_SCAN_BACKEND=1;HLSLPERF_VECTOR_WIDTH=1","1.9994;1.8625;1.8898;2.0599;1.8948;1.8565;1.8776;1.8563;1.8627;1.856;1.8811",""
"HLSLPERF_CROWD_BACKEND-1__HLSLPERF_CROWD_TILE_BINS-512__HLSLPERF_CROWD_TILE_SIZE-16__HLSLPERF_ELEMENTS_PER_THREAD-4__HLSLPERF_GROUP_SIZE-256__HLSLPERF_SCAN_BACKEND-1__HLSLPERF_VECTOR_WIDTH-4",true,true,true,"",,,,,,,,4,1.8372,1.8579,0.0069,1712.2124,1.022,"HLSLPERF_CROWD_BACKEND=1;HLSLPERF_CROWD_TILE_BINS=512;HLSLPERF_CROWD_TILE_SIZE=16;HLSLPERF_ELEMENTS_PER_THREAD=4;HLSLPERF_GROUP_SIZE=256;HLSLPERF_SCAN_BACKEND=1;HLSLPERF_VECTOR_WIDTH=4","1.8582;1.8229;1.8577;1.836;1.8448;1.8283;1.8509;1.8298;1.8372;1.8276;1.8514",""
"HLSLPERF_CROWD_BACKEND-1__HLSLPERF_CROWD_TILE_BINS-512__HLSLPERF_CROWD_TILE_SIZE-16__HLSLPERF_ELEMENTS_PER_THREAD-2__HLSLPERF_GROUP_SIZE-512__HLSLPERF_SCAN_BACKEND-1__HLSLPERF_VECTOR_WIDTH-1",true,true,true,"",,,,,,,,4,1.9064,2.0045,0.0285,1650.1227,0.9849,"HLSLPERF_CROWD_BACKEND=1;HLSLPERF_CROWD_TILE_BINS=512;HLSLPERF_CROWD_TILE_SIZE=16;HLSLPERF_ELEMENTS_PER_THREAD=2;HLSLPERF_GROUP_SIZE=512;HLSLPERF_SCAN_BACKEND=1;HLSLPERF_VECTOR_WIDTH=1","2.0693;1.9126;1.8815;1.9064;1.8877;1.9104;1.8889;1.9397;1.8821;1.9185;1.875",""
"HLSLPERF_CROWD_BACKEND-1__HLSLPERF_CROWD_TILE_BINS-512__HLSLPERF_CROWD_TILE_SIZE-16__HLSLPERF_ELEMENTS_PER_THREAD-4__HLSLPERF_GROUP_SIZE-512__HLSLPERF_SCAN_BACKEND-1__HLSLPERF_VECTOR_WIDTH-1",true,true,true,"",,,,,,,,4,1.9183,1.9923,0.0242,1639.8263,0.9788,"HLSLPERF_CROWD_BACKEND=1;HLSLPERF_CROWD_TILE_BINS=512;HLSLPERF_CROWD_TILE_SIZE=16;HLSLPERF_ELEMENTS_PER_THREAD=4;HLSLPERF_GROUP_SIZE=512;HLSLPERF_SCAN_BACKEND=1;HLSLPERF_VECTOR_WIDTH=1","1.8933;1.9808;1.9935;1.8854;1.9209;1.9912;1.9754;1.8716;1.9183;1.8825;1.9156",""
"HLSLPERF_CROWD_BACKEND-1__HLSLPERF_CROWD_TILE_BINS-512__HLSLPERF_CROWD_TILE_SIZE-16__HLSLPERF_ELEMENTS_PER_THREAD-4__HLSLPERF_GROUP_SIZE-512__HLSLPERF_SCAN_BACKEND-1__HLSLPERF_VECTOR_WIDTH-4",true,true,true,"",,,,,,,,4,1.8618,2.0021,0.0345,1689.6528,1.0085,"HLSLPERF_CROWD_BACKEND=1;HLSLPERF_CROWD_TILE_BINS=512;HLSLPERF_CROWD_TILE_SIZE=16;HLSLPERF_ELEMENTS_PER_THREAD=4;HLSLPERF_GROUP_SIZE=512;HLSLPERF_SCAN_BACKEND=1;HLSLPERF_VECTOR_WIDTH=4","1.9412;1.9369;1.8496;1.8618;2.0631;1.8578;1.8558;1.856;1.8629;1.8508;1.8859",""
"HLSLPERF_CROWD_BACKEND-2__HLSLPERF_CROWD_TILE_BINS-512__HLSLPERF_CROWD_TILE_REPLICAS-1__HLSLPERF_CROWD_TILE_SIZE-16__HLSLPERF_ELEMENTS_PER_THREAD-2__HLSLPERF_GROUP_SIZE-128__HLSLPERF_SCAN_BACKEND-1__HLSLPERF_SINGLE_PASS_GROUPS-128__HLSLPERF_SINGLE_PASS_ITEMS_SCALE-2__HLSLPERF_VECTOR_WIDTH-1__HLSLPERF_WAVE_SIZE-32",true,true,true,"",,,,,,,,4,2.1043,2.3749,0.0596,1494.9331,0.8923,"HLSLPERF_CROWD_BACKEND=2;HLSLPERF_CROWD_TILE_BINS=512;HLSLPERF_CROWD_TILE_REPLICAS=1;HLSLPERF_CROWD_TILE_SIZE=16;HLSLPERF_ELEMENTS_PER_THREAD=2;HLSLPERF_GROUP_SIZE=128;HLSLPERF_SCAN_BACKEND=1;HLSLPERF_SINGLE_PASS_GROUPS=128;HLSLPERF_SINGLE_PASS_ITEMS_SCALE=2;HLSLPERF_VECTOR_WIDTH=1;HLSLPERF_WAVE_SIZE=32","2.0994;2.0967;2.0792;2.3477;2.0512;2.1062;2.1262;2.1043;2.0326;2.4022;2.3102",""
"HLSLPERF_CROWD_BACKEND-2__HLSLPERF_CROWD_TILE_BINS-512__HLSLPERF_CROWD_TILE_REPLICAS-2__HLSLPERF_CROWD_TILE_SIZE-16__HLSLPERF_ELEMENTS_PER_THREAD-2__HLSLPERF_GROUP_SIZE-128__HLSLPERF_SCAN_BACKEND-1__HLSLPERF_SINGLE_PASS_GROUPS-128__HLSLPERF_SINGLE_PASS_ITEMS_SCALE-2__HLSLPERF_VECTOR_WIDTH-1__HLSLPERF_WAVE_SIZE-32",true,true,true,"",,,,,,,,4,2.0514,2.2076,0.0319,1533.4841,0.9153,"HLSLPERF_CROWD_BACKEND=2;HLSLPERF_CROWD_TILE_BINS=512;HLSLPERF_CROWD_TILE_REPLICAS=2;HLSLPERF_CROWD_TILE_SIZE=16;HLSLPERF_ELEMENTS_PER_THREAD=2;HLSLPERF_GROUP_SIZE=128;HLSLPERF_SCAN_BACKEND=1;HLSLPERF_SINGLE_PASS_GROUPS=128;HLSLPERF_SINGLE_PASS_ITEMS_SCALE=2;HLSLPERF_VECTOR_WIDTH=1;HLSLPERF_WAVE_SIZE=32","2.0514;2.0262;2.0331;2.0402;2.0266;2.0833;2.0664;2.2099;2.0504;2.0864;2.2052",""
"HLSLPERF_CROWD_BACKEND-2__HLSLPERF_CROWD_TILE_BINS-512__HLSLPERF_CROWD_TILE_REPLICAS-1__HLSLPERF_CROWD_TILE_SIZE-16__HLSLPERF_ELEMENTS_PER_THREAD-2__HLSLPERF_GROUP_SIZE-128__HLSLPERF_SCAN_BACKEND-1__HLSLPERF_SINGLE_PASS_GROUPS-256__HLSLPERF_SINGLE_PASS_ITEMS_SCALE-2__HLSLPERF_VECTOR_WIDTH-1__HLSLPERF_WAVE_SIZE-32",true,true,true,"",,,,,,,,4,1.8197,2.0249,0.051,1728.7259,1.0318,"HLSLPERF_CROWD_BACKEND=2;HLSLPERF_CROWD_TILE_BINS=512;HLSLPERF_CROWD_TILE_REPLICAS=1;HLSLPERF_CROWD_TILE_SIZE=16;HLSLPERF_ELEMENTS_PER_THREAD=2;HLSLPERF_GROUP_SIZE=128;HLSLPERF_SCAN_BACKEND=1;HLSLPERF_SINGLE_PASS_GROUPS=256;HLSLPERF_SINGLE_PASS_ITEMS_SCALE=2;HLSLPERF_VECTOR_WIDTH=1;HLSLPERF_WAVE_SIZE=32","1.9098;2.076;1.8197;1.9738;1.9633;1.8366;1.8048;1.8027;1.8018;1.7887;1.8077",""
"HLSLPERF_CROWD_BACKEND-2__HLSLPERF_CROWD_TILE_BINS-512__HLSLPERF_CROWD_TILE_REPLICAS-2__HLSLPERF_CROWD_TILE_SIZE-16__HLSLPERF_ELEMENTS_PER_THREAD-2__HLSLPERF_GROUP_SIZE-128__HLSLPERF_SCAN_BACKEND-1__HLSLPERF_SINGLE_PASS_GROUPS-256__HLSLPERF_SINGLE_PASS_ITEMS_SCALE-2__HLSLPERF_VECTOR_WIDTH-1__HLSLPERF_WAVE_SIZE-32",true,true,false,"",,,,,,,,4,1.8222,2.0555,0.0605,1726.3257,1.0304,"HLSLPERF_CROWD_BACKEND=2;HLSLPERF_CROWD_TILE_BINS=512;HLSLPERF_CROWD_TILE_REPLICAS=2;HLSLPERF_CROWD_TILE_SIZE=16;HLSLPERF_ELEMENTS_PER_THREAD=2;HLSLPERF_GROUP_SIZE=128;HLSLPERF_SCAN_BACKEND=1;HLSLPERF_SINGLE_PASS_GROUPS=256;HLSLPERF_SINGLE_PASS_ITEMS_SCALE=2;HLSLPERF_VECTOR_WIDTH=1;HLSLPERF_WAVE_SIZE=32","1.7982;1.7988;1.8222;1.7969;1.8594;1.8176;1.9259;1.8813;1.9243;1.8177;2.1851",""
"HLSLPERF_CROWD_BACKEND-2__HLSLPERF_CROWD_TILE_BINS-512__HLSLPERF_CROWD_TILE_REPLICAS-1__HLSLPERF_CROWD_TILE_SIZE-16__HLSLPERF_ELEMENTS_PER_THREAD-2__HLSLPERF_GROUP_SIZE-128__HLSLPERF_SCAN_BACKEND-1__HLSLPERF_SINGLE_PASS_GROUPS-128__HLSLPERF_SINGLE_PASS_ITEMS_SCALE-4__HLSLPERF_VECTOR_WIDTH-1__HLSLPERF_WAVE_SIZE-32",true,true,true,"",,,,,,,,4,1.7818,1.8239,0.0114,1765.4578,1.0537,"HLSLPERF_CROWD_BACKEND=2;HLSLPERF_CROWD_TILE_BINS=512;HLSLPERF_CROWD_TILE_REPLICAS=1;HLSLPERF_CROWD_TILE_SIZE=16;HLSLPERF_ELEMENTS_PER_THREAD=2;HLSLPERF_GROUP_SIZE=128;HLSLPERF_SCAN_BACKEND=1;HLSLPERF_SINGLE_PASS_GROUPS=128;HLSLPERF_SINGLE_PASS_ITEMS_SCALE=4;HLSLPERF_VECTOR_WIDTH=1;HLSLPERF_WAVE_SIZE=32","1.8267;1.775;1.8212;1.7715;1.798;1.7776;1.7683;1.7818;1.784;1.8083;1.779",""
"HLSLPERF_CROWD_BACKEND-2__HLSLPERF_CROWD_TILE_BINS-512__HLSLPERF_CROWD_TILE_REPLICAS-2__HLSLPERF_CROWD_TILE_SIZE-16__HLSLPERF_ELEMENTS_PER_THREAD-2__HLSLPERF_GROUP_SIZE-128__HLSLPERF_SCAN_BACKEND-1__HLSLPERF_SINGLE_PASS_GROUPS-128__HLSLPERF_SINGLE_PASS_ITEMS_SCALE-4__HLSLPERF_VECTOR_WIDTH-1__HLSLPERF_WAVE_SIZE-32",true,true,false,"",,,,,,,,4,1.7651,1.9693,0.0604,1782.1913,1.0637,"HLSLPERF_CROWD_BACKEND=2;HLSLPERF_CROWD_TILE_BINS=512;HLSLPERF_CROWD_TILE_REPLICAS=2;HLSLPERF_CROWD_TILE_SIZE=16;HLSLPERF_ELEMENTS_PER_THREAD=2;HLSLPERF_GROUP_SIZE=128;HLSLPERF_SCAN_BACKEND=1;HLSLPERF_SINGLE_PASS_GROUPS=128;HLSLPERF_SINGLE_PASS_ITEMS_SCALE=4;HLSLPERF_VECTOR_WIDTH=1;HLSLPERF_WAVE_SIZE=32","1.7863;2.1289;1.7651;1.7962;1.758;1.8098;1.7592;1.8072;1.7517;1.7575;1.7535",""
"HLSLPERF_CROWD_BACKEND-2__HLSLPERF_CROWD_TILE_BINS-512__HLSLPERF_CROWD_TILE_REPLICAS-1__HLSLPERF_CROWD_TILE_SIZE-16__HLSLPERF_ELEMENTS_PER_THREAD-2__HLSLPERF_GROUP_SIZE-128__HLSLPERF_SCAN_BACKEND-1__HLSLPERF_SINGLE_PASS_GROUPS-256__HLSLPERF_SINGLE_PASS_ITEMS_SCALE-4__HLSLPERF_VECTOR_WIDTH-1__HLSLPERF_WAVE_SIZE-32",true,true,true,"",,,,,,,,4,1.7492,1.7941,0.0121,1798.4324,1.0734,"HLSLPERF_CROWD_BACKEND=2;HLSLPERF_CROWD_TILE_BINS=512;HLSLPERF_CROWD_TILE_REPLICAS=1;HLSLPERF_CROWD_TILE_SIZE=16;HLSLPERF_ELEMENTS_PER_THREAD=2;HLSLPERF_GROUP_SIZE=128;HLSLPERF_SCAN_BACKEND=1;HLSLPERF_SINGLE_PASS_GROUPS=256;HLSLPERF_SINGLE_PASS_ITEMS_SCALE=4;HLSLPERF_VECTOR_WIDTH=1;HLSLPERF_WAVE_SIZE=32","1.7474;1.7501;1.7476;1.7398;1.793;1.7519;1.7951;1.7435;1.7876;1.7492;1.7479",""
"HLSLPERF_CROWD_BACKEND-2__HLSLPERF_CROWD_TILE_BINS-512__HLSLPERF_CROWD_TILE_REPLICAS-2__HLSLPERF_CROWD_TILE_SIZE-16__HLSLPERF_ELEMENTS_PER_THREAD-2__HLSLPERF_GROUP_SIZE-128__HLSLPERF_SCAN_BACKEND-1__HLSLPERF_SINGLE_PASS_GROUPS-256__HLSLPERF_SINGLE_PASS_ITEMS_SCALE-4__HLSLPERF_VECTOR_WIDTH-1__HLSLPERF_WAVE_SIZE-32",true,true,true,"",,,,,,,,4,1.7545,1.8821,0.0348,1792.9484,1.0702,"HLSLPERF_CROWD_BACKEND=2;HLSLPERF_CROWD_TILE_BINS=512;HLSLPERF_CROWD_TILE_REPLICAS=2;HLSLPERF_CROWD_TILE_SIZE=16;HLSLPERF_ELEMENTS_PER_THREAD=2;HLSLPERF_GROUP_SIZE=128;HLSLPERF_SCAN_BACKEND=1;HLSLPERF_SINGLE_PASS_GROUPS=256;HLSLPERF_SINGLE_PASS_ITEMS_SCALE=4;HLSLPERF_VECTOR_WIDTH=1;HLSLPERF_WAVE_SIZE=32","1.8318;1.7595;1.8189;1.7545;1.9324;1.7331;1.784;1.7318;1.7458;1.7427;1.7282",""
"HLSLPERF_CROWD_BACKEND-2__HLSLPERF_CROWD_TILE_BINS-512__HLSLPERF_CROWD_TILE_REPLICAS-1__HLSLPERF_CROWD_TILE_SIZE-16__HLSLPERF_ELEMENTS_PER_THREAD-2__HLSLPERF_GROUP_SIZE-128__HLSLPERF_SCAN_BACKEND-1__HLSLPERF_SINGLE_PASS_GROUPS-128__HLSLPERF_SINGLE_PASS_ITEMS_SCALE-2__HLSLPERF_VECTOR_WIDTH-1__HLSLPERF_WAVE_SIZE-64",true,true,false,"",,,,,,,,4,2.0816,2.4061,0.068,1511.2285,0.902,"HLSLPERF_CROWD_BACKEND=2;HLSLPERF_CROWD_TILE_BINS=512;HLSLPERF_CROWD_TILE_REPLICAS=1;HLSLPERF_CROWD_TILE_SIZE=16;HLSLPERF_ELEMENTS_PER_THREAD=2;HLSLPERF_GROUP_SIZE=128;HLSLPERF_SCAN_BACKEND=1;HLSLPERF_SINGLE_PASS_GROUPS=128;HLSLPERF_SINGLE_PASS_ITEMS_SCALE=2;HLSLPERF_VECTOR_WIDTH=1;HLSLPERF_WAVE_SIZE=64","2.0633;2.0823;2.0757;2.0634;2.0816;2.0616;2.3127;2.4995;2.1139;2.0381;2.2692",""
"HLSLPERF_CROWD_BACKEND-2__HLSLPERF_CROWD_TILE_BINS-512__HLSLPERF_CROWD_TILE_REPLICAS-2__HLSLPERF_CROWD_TILE_SIZE-16__HLSLPERF_ELEMENTS_PER_THREAD-2__HLSLPERF_GROUP_SIZE-128__HLSLPERF_SCAN_BACKEND-1__HLSLPERF_SINGLE_PASS_GROUPS-128__HLSLPERF_SINGLE_PASS_ITEMS_SCALE-2__HLSLPERF_VECTOR_WIDTH-1__HLSLPERF_WAVE_SIZE-64",true,true,true,"",,,,,,,,4,2.1212,2.361,0.0555,1483.0015,0.8852,"HLSLPERF_CROWD_BACKEND=2;HLSLPERF_CROWD_TILE_BINS=512;HLSLPERF_CROWD_TILE_REPLICAS=2;HLSLPERF_CROWD_TILE_SIZE=16;HLSLPERF_ELEMENTS_PER_THREAD=2;HLSLPERF_GROUP_SIZE=128;HLSLPERF_SCAN_BACKEND=1;HLSLPERF_SINGLE_PASS_GROUPS=128;HLSLPERF_SINGLE_PASS_ITEMS_SCALE=2;HLSLPERF_VECTOR_WIDTH=1;HLSLPERF_WAVE_SIZE=64","2.2701;2.076;2.1282;2.1212;2.4367;2.075;2.1105;2.2225;2.0635;2.0651;2.2854",""
"HLSLPERF_CROWD_BACKEND-2__HLSLPERF_CROWD_TILE_BINS-512__HLSLPERF_CROWD_TILE_REPLICAS-1__HLSLPERF_CROWD_TILE_SIZE-16__HLSLPERF_ELEMENTS_PER_THREAD-2__HLSLPERF_GROUP_SIZE-128__HLSLPERF_SCAN_BACKEND-1__HLSLPERF_SINGLE_PASS_GROUPS-256__HLSLPERF_SINGLE_PASS_ITEMS_SCALE-2__HLSLPERF_VECTOR_WIDTH-1__HLSLPERF_WAVE_SIZE-64",true,true,true,"",,,,,,,,4,1.8102,1.8353,0.0082,1737.8273,1.0373,"HLSLPERF_CROWD_BACKEND=2;HLSLPERF_CROWD_TILE_BINS=512;HLSLPERF_CROWD_TILE_REPLICAS=1;HLSLPERF_CROWD_TILE_SIZE=16;HLSLPERF_ELEMENTS_PER_THREAD=2;HLSLPERF_GROUP_SIZE=128;HLSLPERF_SCAN_BACKEND=1;HLSLPERF_SINGLE_PASS_GROUPS=256;HLSLPERF_SINGLE_PASS_ITEMS_SCALE=2;HLSLPERF_VECTOR_WIDTH=1;HLSLPERF_WAVE_SIZE=64","1.7976;1.8359;1.7948;1.8243;1.8016;1.8034;1.7949;1.8143;1.8111;1.8102;1.8347",""
"HLSLPERF_CROWD_BACKEND-2__HLSLPERF_CROWD_TILE_BINS-512__HLSLPERF_CROWD_TILE_REPLICAS-2__HLSLPERF_CROWD_TILE_SIZE-16__HLSLPERF_ELEMENTS_PER_THREAD-2__HLSLPERF_GROUP_SIZE-128__HLSLPERF_SCAN_BACKEND-1__HLSLPERF_SINGLE_PASS_GROUPS-256__HLSLPERF_SINGLE_PASS_ITEMS_SCALE-2__HLSLPERF_VECTOR_WIDTH-1__HLSLPERF_WAVE_SIZE-64",true,true,true,"",,,,,,,,4,1.8195,1.8569,0.0111,1728.9065,1.0319,"HLSLPERF_CROWD_BACKEND=2;HLSLPERF_CROWD_TILE_BINS=512;HLSLPERF_CROWD_TILE_REPLICAS=2;HLSLPERF_CROWD_TILE_SIZE=16;HLSLPERF_ELEMENTS_PER_THREAD=2;HLSLPERF_GROUP_SIZE=128;HLSLPERF_SCAN_BACKEND=1;HLSLPERF_SINGLE_PASS_GROUPS=256;HLSLPERF_SINGLE_PASS_ITEMS_SCALE=2;HLSLPERF_VECTOR_WIDTH=1;HLSLPERF_WAVE_SIZE=64","1.8067;1.8262;1.8085;1.8592;1.8155;1.8501;1.8158;1.8497;1.8121;1.8545;1.8195",""
"HLSLPERF_CROWD_BACKEND-2__HLSLPERF_CROWD_TILE_BINS-512__HLSLPERF_CROWD_TILE_REPLICAS-1__HLSLPERF_CROWD_TILE_SIZE-16__HLSLPERF_ELEMENTS_PER_THREAD-2__HLSLPERF_GROUP_SIZE-128__HLSLPERF_SCAN_BACKEND-1__HLSLPERF_SINGLE_PASS_GROUPS-128__HLSLPERF_SINGLE_PASS_ITEMS_SCALE-4__HLSLPERF_VECTOR_WIDTH-1__HLSLPERF_WAVE_SIZE-64",true,true,true,"",,,,,,,,4,1.7825,1.8343,0.0128,1764.8041,1.0534,"HLSLPERF_CROWD_BACKEND=2;HLSLPERF_CROWD_TILE_BINS=512;HLSLPERF_CROWD_TILE_REPLICAS=1;HLSLPERF_CROWD_TILE_SIZE=16;HLSLPERF_ELEMENTS_PER_THREAD=2;HLSLPERF_GROUP_SIZE=128;HLSLPERF_SCAN_BACKEND=1;HLSLPERF_SINGLE_PASS_GROUPS=128;HLSLPERF_SINGLE_PASS_ITEMS_SCALE=4;HLSLPERF_VECTOR_WIDTH=1;HLSLPERF_WAVE_SIZE=64","1.7682;1.7825;1.7757;1.7993;1.7817;1.8406;1.7828;1.828;1.7787;1.8038;1.7811",""
"HLSLPERF_CROWD_BACKEND-2__HLSLPERF_CROWD_TILE_BINS-512__HLSLPERF_CROWD_TILE_REPLICAS-2__HLSLPERF_CROWD_TILE_SIZE-16__HLSLPERF_ELEMENTS_PER_THREAD-2__HLSLPERF_GROUP_SIZE-128__HLSLPERF_SCAN_BACKEND-1__HLSLPERF_SINGLE_PASS_GROUPS-128__HLSLPERF_SINGLE_PASS_ITEMS_SCALE-4__HLSLPERF_VECTOR_WIDTH-1__HLSLPERF_WAVE_SIZE-64",true,true,true,"",,,,,,,,4,1.794,1.8594,0.0164,1753.452,1.0466,"HLSLPERF_CROWD_BACKEND=2;HLSLPERF_CROWD_TILE_BINS=512;HLSLPERF_CROWD_TILE_REPLICAS=2;HLSLPERF_CROWD_TILE_SIZE=16;HLSLPERF_ELEMENTS_PER_THREAD=2;HLSLPERF_GROUP_SIZE=128;HLSLPERF_SCAN_BACKEND=1;HLSLPERF_SINGLE_PASS_GROUPS=128;HLSLPERF_SINGLE_PASS_ITEMS_SCALE=4;HLSLPERF_VECTOR_WIDTH=1;HLSLPERF_WAVE_SIZE=64","1.794;1.8128;1.7927;1.7867;1.7816;1.7781;1.8014;1.7806;1.8707;1.7999;1.8481",""
"HLSLPERF_CROWD_BACKEND-2__HLSLPERF_CROWD_TILE_BINS-512__HLSLPERF_CROWD_TILE_REPLICAS-1__HLSLPERF_CROWD_TILE_SIZE-16__HLSLPERF_ELEMENTS_PER_THREAD-2__HLSLPERF_GROUP_SIZE-128__HLSLPERF_SCAN_BACKEND-1__HLSLPERF_SINGLE_PASS_GROUPS-256__HLSLPERF_SINGLE_PASS_ITEMS_SCALE-4__HLSLPERF_VECTOR_WIDTH-1__HLSLPERF_WAVE_SIZE-64",true,true,true,"",,,,,,,,4,1.7649,1.8076,0.0105,1782.373,1.0638,"HLSLPERF_CROWD_BACKEND=2;HLSLPERF_CROWD_TILE_BINS=512;HLSLPERF_CROWD_TILE_REPLICAS=1;HLSLPERF_CROWD_TILE_SIZE=16;HLSLPERF_ELEMENTS_PER_THREAD=2;HLSLPERF_GROUP_SIZE=128;HLSLPERF_SCAN_BACKEND=1;HLSLPERF_SINGLE_PASS_GROUPS=256;HLSLPERF_SINGLE_PASS_ITEMS_SCALE=4;HLSLPERF_VECTOR_WIDTH=1;HLSLPERF_WAVE_SIZE=64","1.7528;1.7649;1.7774;1.7715;1.7863;1.7635;1.8086;1.7636;1.8066;1.7616;1.7634",""
"HLSLPERF_CROWD_BACKEND-2__HLSLPERF_CROWD_TILE_BINS-512__HLSLPERF_CROWD_TILE_REPLICAS-2__HLSLPERF_CROWD_TILE_SIZE-16__HLSLPERF_ELEMENTS_PER_THREAD-2__HLSLPERF_GROUP_SIZE-128__HLSLPERF_SCAN_BACKEND-1__HLSLPERF_SINGLE_PASS_GROUPS-256__HLSLPERF_SINGLE_PASS_ITEMS_SCALE-4__HLSLPERF_VECTOR_WIDTH-1__HLSLPERF_WAVE_SIZE-64",true,true,true,"",,,,,,,,4,1.7734,1.823,0.0127,1773.8501,1.0588,"HLSLPERF_CROWD_BACKEND=2;HLSLPERF_CROWD_TILE_BINS=512;HLSLPERF_CROWD_TILE_REPLICAS=2;HLSLPERF_CROWD_TILE_SIZE=16;HLSLPERF_ELEMENTS_PER_THREAD=2;HLSLPERF_GROUP_SIZE=128;HLSLPERF_SCAN_BACKEND=1;HLSLPERF_SINGLE_PASS_GROUPS=256;HLSLPERF_SINGLE_PASS_ITEMS_SCALE=4;HLSLPERF_VECTOR_WIDTH=1;HLSLPERF_WAVE_SIZE=64","1.7794;1.7555;1.7706;1.7739;1.7667;1.7965;1.7734;1.8255;1.767;1.8204;1.7723",""
"HLSLPERF_CROWD_BACKEND-2__HLSLPERF_CROWD_TILE_BINS-512__HLSLPERF_CROWD_TILE_REPLICAS-1__HLSLPERF_CROWD_TILE_SIZE-16__HLSLPERF_ELEMENTS_PER_THREAD-4__HLSLPERF_GROUP_SIZE-128__HLSLPERF_SCAN_BACKEND-1__HLSLPERF_SINGLE_PASS_GROUPS-128__HLSLPERF_SINGLE_PASS_ITEMS_SCALE-2__HLSLPERF_VECTOR_WIDTH-1__HLSLPERF_WAVE_SIZE-32",true,true,true,"",,,,,,,,4,1.8159,1.8934,0.0212,1732.3054,1.034,"HLSLPERF_CROWD_BACKEND=2;HLSLPERF_CROWD_TILE_BINS=512;HLSLPERF_CROWD_TILE_REPLICAS=1;HLSLPERF_CROWD_TILE_SIZE=16;HLSLPERF_ELEMENTS_PER_THREAD=4;HLSLPERF_GROUP_SIZE=128;HLSLPERF_SCAN_BACKEND=1;HLSLPERF_SINGLE_PASS_GROUPS=128;HLSLPERF_SINGLE_PASS_ITEMS_SCALE=2;HLSLPERF_VECTOR_WIDTH=1;HLSLPERF_WAVE_SIZE=32","1.7942;1.8622;1.8006;1.8505;1.7939;1.8016;1.8016;1.8804;1.8159;1.8252;1.9064",""
"HLSLPERF_CROWD_BACKEND-2__HLSLPERF_CROWD_TILE_BINS-512__HLSLPERF_CROWD_TILE_REPLICAS-2__HLSLPERF_CROWD_TILE_SIZE-16__HLSLPERF_ELEMENTS_PER_THREAD-4__HLSLPERF_GROUP_SIZE-128__HLSLPERF_SCAN_BACKEND-1__HLSLPERF_SINGLE_PASS_GROUPS-128__HLSLPERF_SINGLE_PASS_ITEMS_SCALE-2__HLSLPERF_VECTOR_WIDTH-1__HLSLPERF_WAVE_SIZE-32",true,true,true,"",,,,,,,,4,1.8338,1.9095,0.0252,1715.4337,1.0239,"HLSLPERF_CROWD_BACKEND=2;HLSLPERF_CROWD_TILE_BINS=512;HLSLPERF_CROWD_TILE_REPLICAS=2;HLSLPERF_CROWD_TILE_SIZE=16;HLSLPERF_ELEMENTS_PER_THREAD=4;HLSLPERF_GROUP_SIZE=128;HLSLPERF_SCAN_BACKEND=1;HLSLPERF_SINGLE_PASS_GROUPS=128;HLSLPERF_SINGLE_PASS_ITEMS_SCALE=2;HLSLPERF_VECTOR_WIDTH=1;HLSLPERF_WAVE_SIZE=32","1.8026;1.7959;1.8429;1.8191;1.8681;1.9508;1.8495;1.796;1.8581;1.7931;1.8338",""
"HLSLPERF_CROWD_BACKEND-2__HLSLPERF_CROWD_TILE_BINS-512__HLSLPERF_CROWD_TILE_REPLICAS-1__HLSLPERF_CROWD_TILE_SIZE-16__HLSLPERF_ELEMENTS_PER_THREAD-4__HLSLPERF_GROUP_SIZE-128__HLSLPERF_SCAN_BACKEND-1__HLSLPERF_SINGLE_PASS_GROUPS-256__HLSLPERF_SINGLE_PASS_ITEMS_SCALE-2__HLSLPERF_VECTOR_WIDTH-1__HLSLPERF_WAVE_SIZE-32",true,true,true,"",,,,,,,,4,1.8011,1.9961,0.0439,1746.5981,1.0425,"HLSLPERF_CROWD_BACKEND=2;HLSLPERF_CROWD_TILE_BINS=512;HLSLPERF_CROWD_TILE_REPLICAS=1;HLSLPERF_CROWD_TILE_SIZE=16;HLSLPERF_ELEMENTS_PER_THREAD=4;HLSLPERF_GROUP_SIZE=128;HLSLPERF_SCAN_BACKEND=1;HLSLPERF_SINGLE_PASS_GROUPS=256;HLSLPERF_SINGLE_PASS_ITEMS_SCALE=2;HLSLPERF_VECTOR_WIDTH=1;HLSLPERF_WAVE_SIZE=32","2.0187;1.7961;1.8427;1.8841;1.7958;1.7987;1.8011;1.7915;1.9734;1.815;1.7753",""
"HLSLPERF_CROWD_BACKEND-2__HLSLPERF_CROWD_TILE_BINS-512__HLSLPERF_CROWD_TILE_REPLICAS-2__HLSLPERF_CROWD_TILE_SIZE-16__HLSLPERF_ELEMENTS_PER_THREAD-4__HLSLPERF_GROUP_SIZE-128__HLSLPERF_SCAN_BACKEND-1__HLSLPERF_SINGLE_PASS_GROUPS-256__HLSLPERF_SINGLE_PASS_ITEMS_SCALE-2__HLSLPERF_VECTOR_WIDTH-1__HLSLPERF_WAVE_SIZE-32",true,true,true,"",,,,,,,,4,1.7889,1.8848,0.0274,1758.5099,1.0496,"HLSLPERF_CROWD_BACKEND=2;HLSLPERF_CROWD_TILE_BINS=512;HLSLPERF_CROWD_TILE_REPLICAS=2;HLSLPERF_CROWD_TILE_SIZE=16;HLSLPERF_ELEMENTS_PER_THREAD=4;HLSLPERF_GROUP_SIZE=128;HLSLPERF_SCAN_BACKEND=1;HLSLPERF_SINGLE_PASS_GROUPS=256;HLSLPERF_SINGLE_PASS_ITEMS_SCALE=2;HLSLPERF_VECTOR_WIDTH=1;HLSLPERF_WAVE_SIZE=32","1.7825;1.8404;1.7889;1.8394;1.9292;1.7605;1.7727;1.7619;1.7896;1.779;1.8105",""
"HLSLPERF_CROWD_BACKEND-2__HLSLPERF_CROWD_TILE_BINS-512__HLSLPERF_CROWD_TILE_REPLICAS-1__HLSLPERF_CROWD_TILE_SIZE-16__HLSLPERF_ELEMENTS_PER_THREAD-4__HLSLPERF_GROUP_SIZE-128__HLSLPERF_SCAN_BACKEND-1__HLSLPERF_SINGLE_PASS_GROUPS-128__HLSLPERF_SINGLE_PASS_ITEMS_SCALE-4__HLSLPERF_VECTOR_WIDTH-1__HLSLPERF_WAVE_SIZE-32",true,true,true,"",,,,,,,,4,1.7711,1.917,0.0328,1776.1737,1.0601,"HLSLPERF_CROWD_BACKEND=2;HLSLPERF_CROWD_TILE_BINS=512;HLSLPERF_CROWD_TILE_REPLICAS=1;HLSLPERF_CROWD_TILE_SIZE=16;HLSLPERF_ELEMENTS_PER_THREAD=4;HLSLPERF_GROUP_SIZE=128;HLSLPERF_SCAN_BACKEND=1;HLSLPERF_SINGLE_PASS_GROUPS=128;HLSLPERF_SINGLE_PASS_ITEMS_SCALE=4;HLSLPERF_VECTOR_WIDTH=1;HLSLPERF_WAVE_SIZE=32","1.8234;1.7701;1.9111;1.7709;1.8247;1.7711;1.8208;1.9229;1.7701;1.7557;1.7586",""
"HLSLPERF_CROWD_BACKEND-2__HLSLPERF_CROWD_TILE_BINS-512__HLSLPERF_CROWD_TILE_REPLICAS-2__HLSLPERF_CROWD_TILE_SIZE-16__HLSLPERF_ELEMENTS_PER_THREAD-4__HLSLPERF_GROUP_SIZE-128__HLSLPERF_SCAN_BACKEND-1__HLSLPERF_SINGLE_PASS_GROUPS-128__HLSLPERF_SINGLE_PASS_ITEMS_SCALE-4__HLSLPERF_VECTOR_WIDTH-1__HLSLPERF_WAVE_SIZE-32",true,true,true,"",,,,,,,,4,1.7719,1.9068,0.0367,1775.3317,1.0596,"HLSLPERF_CROWD_BACKEND=2;HLSLPERF_CROWD_TILE_BINS=512;HLSLPERF_CROWD_TILE_REPLICAS=2;HLSLPERF_CROWD_TILE_SIZE=16;HLSLPERF_ELEMENTS_PER_THREAD=4;HLSLPERF_GROUP_SIZE=128;HLSLPERF_SCAN_BACKEND=1;HLSLPERF_SINGLE_PASS_GROUPS=128;HLSLPERF_SINGLE_PASS_ITEMS_SCALE=4;HLSLPERF_VECTOR_WIDTH=1;HLSLPERF_WAVE_SIZE=32","1.767;1.8023;1.7594;1.7992;1.8294;1.832;1.7719;1.9817;1.7548;1.7552;1.7658",""
"HLSLPERF_CROWD_BACKEND-2__HLSLPERF_CROWD_TILE_BINS-512__HLSLPERF_CROWD_TILE_REPLICAS-1__HLSLPERF_CROWD_TILE_SIZE-16__HLSLPERF_ELEMENTS_PER_THREAD-4__HLSLPERF_GROUP_SIZE-128__HLSLPERF_SCAN_BACKEND-1__HLSLPERF_SINGLE_PASS_GROUPS-256__HLSLPERF_SINGLE_PASS_ITEMS_SCALE-4__HLSLPERF_VECTOR_WIDTH-1__HLSLPERF_WAVE_SIZE-32",true,true,true,"",,,,,,,,4,1.7682,1.9089,0.0401,1779.0969,1.0619,"HLSLPERF_CROWD_BACKEND=2;HLSLPERF_CROWD_TILE_BINS=512;HLSLPERF_CROWD_TILE_REPLICAS=1;HLSLPERF_CROWD_TILE_SIZE=16;HLSLPERF_ELEMENTS_PER_THREAD=4;HLSLPERF_GROUP_SIZE=128;HLSLPERF_SCAN_BACKEND=1;HLSLPERF_SINGLE_PASS_GROUPS=256;HLSLPERF_SINGLE_PASS_ITEMS_SCALE=4;HLSLPERF_VECTOR_WIDTH=1;HLSLPERF_WAVE_SIZE=32","1.7865;1.7724;2.0007;1.7596;1.8152;1.7524;1.8171;1.7644;1.7682;1.7567;1.7514",""
"HLSLPERF_CROWD_BACKEND-2__HLSLPERF_CROWD_TILE_BINS-512__HLSLPERF_CROWD_TILE_REPLICAS-2__HLSLPERF_CROWD_TILE_SIZE-16__HLSLPERF_ELEMENTS_PER_THREAD-4__HLSLPERF_GROUP_SIZE-128__HLSLPERF_SCAN_BACKEND-1__HLSLPERF_SINGLE_PASS_GROUPS-256__HLSLPERF_SINGLE_PASS_ITEMS_SCALE-4__HLSLPERF_VECTOR_WIDTH-1__HLSLPERF_WAVE_SIZE-32",true,true,true,"",,,,,,,,4,1.8036,1.9376,0.0358,1744.1674,1.041,"HLSLPERF_CROWD_BACKEND=2;HLSLPERF_CROWD_TILE_BINS=512;HLSLPERF_CROWD_TILE_REPLICAS=2;HLSLPERF_CROWD_TILE_SIZE=16;HLSLPERF_ELEMENTS_PER_THREAD=4;HLSLPERF_GROUP_SIZE=128;HLSLPERF_SCAN_BACKEND=1;HLSLPERF_SINGLE_PASS_GROUPS=256;HLSLPERF_SINGLE_PASS_ITEMS_SCALE=4;HLSLPERF_VECTOR_WIDTH=1;HLSLPERF_WAVE_SIZE=32","1.7591;1.7655;1.7647;1.8064;1.8036;1.8247;1.7746;1.9485;1.9268;1.8153;1.7727",""
"HLSLPERF_CROWD_BACKEND-2__HLSLPERF_CROWD_TILE_BINS-512__HLSLPERF_CROWD_TILE_REPLICAS-1__HLSLPERF_CROWD_TILE_SIZE-16__HLSLPERF_ELEMENTS_PER_THREAD-4__HLSLPERF_GROUP_SIZE-128__HLSLPERF_SCAN_BACKEND-1__HLSLPERF_SINGLE_PASS_GROUPS-128__HLSLPERF_SINGLE_PASS_ITEMS_SCALE-2__HLSLPERF_VECTOR_WIDTH-1__HLSLPERF_WAVE_SIZE-64",true,true,true,"",,,,,,,,4,1.8145,1.9359,0.0317,1733.6897,1.0348,"HLSLPERF_CROWD_BACKEND=2;HLSLPERF_CROWD_TILE_BINS=512;HLSLPERF_CROWD_TILE_REPLICAS=1;HLSLPERF_CROWD_TILE_SIZE=16;HLSLPERF_ELEMENTS_PER_THREAD=4;HLSLPERF_GROUP_SIZE=128;HLSLPERF_SCAN_BACKEND=1;HLSLPERF_SINGLE_PASS_GROUPS=128;HLSLPERF_SINGLE_PASS_ITEMS_SCALE=2;HLSLPERF_VECTOR_WIDTH=1;HLSLPERF_WAVE_SIZE=64","1.8773;1.8051;1.8145;1.9945;1.8049;1.7992;1.8231;1.8008;1.8344;1.799;1.8157",""
"HLSLPERF_CROWD_BACKEND-2__HLSLPERF_CROWD_TILE_BINS-512__HLSLPERF_CROWD_TILE_REPLICAS-2__HLSLPERF_CROWD_TILE_SIZE-16__HLSLPERF_ELEMENTS_PER_THREAD-4__HLSLPERF_GROUP_SIZE-128__HLSLPERF_SCAN_BACKEND-1__HLSLPERF_SINGLE_PASS_GROUPS-128__HLSLPERF_SINGLE_PASS_ITEMS_SCALE-2__HLSLPERF_VECTOR_WIDTH-1__HLSLPERF_WAVE_SIZE-64",true,true,true,"",,,,,,,,4,1.8272,1.9746,0.0376,1721.6583,1.0276,"HLSLPERF_CROWD_BACKEND=2;HLSLPERF_CROWD_TILE_BINS=512;HLSLPERF_CROWD_TILE_REPLICAS=2;HLSLPERF_CROWD_TILE_SIZE=16;HLSLPERF_ELEMENTS_PER_THREAD=4;HLSLPERF_GROUP_SIZE=128;HLSLPERF_SCAN_BACKEND=1;HLSLPERF_SINGLE_PASS_GROUPS=128;HLSLPERF_SINGLE_PASS_ITEMS_SCALE=2;HLSLPERF_VECTOR_WIDTH=1;HLSLPERF_WAVE_SIZE=64","1.9606;1.9886;1.8288;1.7978;1.8298;1.7971;1.8551;1.7926;1.8272;1.7936;1.7888",""
"HLSLPERF_CROWD_BACKEND-2__HLSLPERF_CROWD_TILE_BINS-512__HLSLPERF_CROWD_TILE_REPLICAS-1__HLSLPERF_CROWD_TILE_SIZE-16__HLSLPERF_ELEMENTS_PER_THREAD-4__HLSLPERF_GROUP_SIZE-128__HLSLPERF_SCAN_BACKEND-1__HLSLPERF_SINGLE_PASS_GROUPS-256__HLSLPERF_SINGLE_PASS_ITEMS_SCALE-2__HLSLPERF_VECTOR_WIDTH-1__HLSLPERF_WAVE_SIZE-64",true,true,true,"",,,,,,,,4,1.7786,1.8179,0.0116,1768.6938,1.0557,"HLSLPERF_CROWD_BACKEND=2;HLSLPERF_CROWD_TILE_BINS=512;HLSLPERF_CROWD_TILE_REPLICAS=1;HLSLPERF_CROWD_TILE_SIZE=16;HLSLPERF_ELEMENTS_PER_THREAD=4;HLSLPERF_GROUP_SIZE=128;HLSLPERF_SCAN_BACKEND=1;HLSLPERF_SINGLE_PASS_GROUPS=256;HLSLPERF_SINGLE_PASS_ITEMS_SCALE=2;HLSLPERF_VECTOR_WIDTH=1;HLSLPERF_WAVE_SIZE=64","1.7878;1.7691;1.7624;1.7786;1.7662;1.8075;1.7695;1.8126;1.7753;1.8232;1.7801",""
"HLSLPERF_CROWD_BACKEND-2__HLSLPERF_CROWD_TILE_BINS-512__HLSLPERF_CROWD_TILE_REPLICAS-2__HLSLPERF_CROWD_TILE_SIZE-16__HLSLPERF_ELEMENTS_PER_THREAD-4__HLSLPERF_GROUP_SIZE-128__HLSLPERF_SCAN_BACKEND-1__HLSLPERF_SINGLE_PASS_GROUPS-256__HLSLPERF_SINGLE_PASS_ITEMS_SCALE-2__HLSLPERF_VECTOR_WIDTH-1__HLSLPERF_WAVE_SIZE-64",true,true,true,"",,,,,,,,4,1.7687,1.8072,0.0115,1778.5135,1.0615,"HLSLPERF_CROWD_BACKEND=2;HLSLPERF_CROWD_TILE_BINS=512;HLSLPERF_CROWD_TILE_REPLICAS=2;HLSLPERF_CROWD_TILE_SIZE=16;HLSLPERF_ELEMENTS_PER_THREAD=4;HLSLPERF_GROUP_SIZE=128;HLSLPERF_SCAN_BACKEND=1;HLSLPERF_SINGLE_PASS_GROUPS=256;HLSLPERF_SINGLE_PASS_ITEMS_SCALE=2;HLSLPERF_VECTOR_WIDTH=1;HLSLPERF_WAVE_SIZE=64","1.7615;1.7958;1.7742;1.7518;1.7687;1.7583;1.7926;1.7632;1.8024;1.7624;1.8119",""
"HLSLPERF_CROWD_BACKEND-2__HLSLPERF_CROWD_TILE_BINS-512__HLSLPERF_CROWD_TILE_REPLICAS-1__HLSLPERF_CROWD_TILE_SIZE-16__HLSLPERF_ELEMENTS_PER_THREAD-4__HLSLPERF_GROUP_SIZE-128__HLSLPERF_SCAN_BACKEND-1__HLSLPERF_SINGLE_PASS_GROUPS-128__HLSLPERF_SINGLE_PASS_ITEMS_SCALE-4__HLSLPERF_VECTOR_WIDTH-1__HLSLPERF_WAVE_SIZE-64",true,true,true,"",,,,,,,,4,1.7631,1.8032,0.0122,1784.2129,1.0649,"HLSLPERF_CROWD_BACKEND=2;HLSLPERF_CROWD_TILE_BINS=512;HLSLPERF_CROWD_TILE_REPLICAS=1;HLSLPERF_CROWD_TILE_SIZE=16;HLSLPERF_ELEMENTS_PER_THREAD=4;HLSLPERF_GROUP_SIZE=128;HLSLPERF_SCAN_BACKEND=1;HLSLPERF_SINGLE_PASS_GROUPS=128;HLSLPERF_SINGLE_PASS_ITEMS_SCALE=4;HLSLPERF_VECTOR_WIDTH=1;HLSLPERF_WAVE_SIZE=64","1.7989;1.7477;1.7961;1.7474;1.7694;1.7489;1.7604;1.7631;1.7565;1.8075;1.7708",""
"HLSLPERF_CROWD_BACKEND-2__HLSLPERF_CROWD_TILE_BINS-512__HLSLPERF_CROWD_TILE_REPLICAS-2__HLSLPERF_CROWD_TILE_SIZE-16__HLSLPERF_ELEMENTS_PER_THREAD-4__HLSLPERF_GROUP_SIZE-128__HLSLPERF_SCAN_BACKEND-1__HLSLPERF_SINGLE_PASS_GROUPS-128__HLSLPERF_SINGLE_PASS_ITEMS_SCALE-4__HLSLPERF_VECTOR_WIDTH-1__HLSLPERF_WAVE_SIZE-64",true,true,true,"",,,,,,,,4,1.785,1.9937,0.0578,1762.3225,1.0519,"HLSLPERF_CROWD_BACKEND=2;HLSLPERF_CROWD_TILE_BINS=512;HLSLPERF_CROWD_TILE_REPLICAS=2;HLSLPERF_CROWD_TILE_SIZE=16;HLSLPERF_ELEMENTS_PER_THREAD=4;HLSLPERF_GROUP_SIZE=128;HLSLPERF_SCAN_BACKEND=1;HLSLPERF_SINGLE_PASS_GROUPS=128;HLSLPERF_SINGLE_PASS_ITEMS_SCALE=4;HLSLPERF_VECTOR_WIDTH=1;HLSLPERF_WAVE_SIZE=64","1.7487;1.7972;1.7543;1.785;1.7541;1.7456;1.8162;1.7643;1.7861;1.8824;2.1049",""
"HLSLPERF_CROWD_BACKEND-2__HLSLPERF_CROWD_TILE_BINS-512__HLSLPERF_CROWD_TILE_REPLICAS-1__HLSLPERF_CROWD_TILE_SIZE-16__HLSLPERF_ELEMENTS_PER_THREAD-4__HLSLPERF_GROUP_SIZE-128__HLSLPERF_SCAN_BACKEND-1__HLSLPERF_SINGLE_PASS_GROUPS-256__HLSLPERF_SINGLE_PASS_ITEMS_SCALE-4__HLSLPERF_VECTOR_WIDTH-1__HLSLPERF_WAVE_SIZE-64",true,true,true,"",,,,,,,,4,1.7606,1.8704,0.0292,1786.7363,1.0664,"HLSLPERF_CROWD_BACKEND=2;HLSLPERF_CROWD_TILE_BINS=512;HLSLPERF_CROWD_TILE_REPLICAS=1;HLSLPERF_CROWD_TILE_SIZE=16;HLSLPERF_ELEMENTS_PER_THREAD=4;HLSLPERF_GROUP_SIZE=128;HLSLPERF_SCAN_BACKEND=1;HLSLPERF_SINGLE_PASS_GROUPS=256;HLSLPERF_SINGLE_PASS_ITEMS_SCALE=4;HLSLPERF_VECTOR_WIDTH=1;HLSLPERF_WAVE_SIZE=64","1.7734;1.7462;1.7846;1.7398;1.8246;1.7606;1.7904;1.9161;1.7396;1.7537;1.7506",""
"HLSLPERF_CROWD_BACKEND-2__HLSLPERF_CROWD_TILE_BINS-512__HLSLPERF_CROWD_TILE_REPLICAS-2__HLSLPERF_CROWD_TILE_SIZE-16__HLSLPERF_ELEMENTS_PER_THREAD-4__HLSLPERF_GROUP_SIZE-128__HLSLPERF_SCAN_BACKEND-1__HLSLPERF_SINGLE_PASS_GROUPS-256__HLSLPERF_SINGLE_PASS_ITEMS_SCALE-4__HLSLPERF_VECTOR_WIDTH-1__HLSLPERF_WAVE_SIZE-64",true,true,true,"",,,,,,,,4,1.7668,1.8788,0.0297,1780.4563,1.0627,"HLSLPERF_CROWD_BACKEND=2;HLSLPERF_CROWD_TILE_BINS=512;HLSLPERF_CROWD_TILE_REPLICAS=2;HLSLPERF_CROWD_TILE_SIZE=16;HLSLPERF_ELEMENTS_PER_THREAD=4;HLSLPERF_GROUP_SIZE=128;HLSLPERF_SCAN_BACKEND=1;HLSLPERF_SINGLE_PASS_GROUPS=256;HLSLPERF_SINGLE_PASS_ITEMS_SCALE=4;HLSLPERF_VECTOR_WIDTH=1;HLSLPERF_WAVE_SIZE=64","1.7668;1.8246;1.9331;1.8023;1.7507;1.7548;1.7643;1.7634;1.7702;1.754;1.7904",""
"HLSLPERF_CROWD_BACKEND-2__HLSLPERF_CROWD_TILE_BINS-512__HLSLPERF_CROWD_TILE_REPLICAS-1__HLSLPERF_CROWD_TILE_SIZE-16__HLSLPERF_ELEMENTS_PER_THREAD-4__HLSLPERF_GROUP_SIZE-128__HLSLPERF_SCAN_BACKEND-1__HLSLPERF_SINGLE_PASS_GROUPS-128__HLSLPERF_SINGLE_PASS_ITEMS_SCALE-2__HLSLPERF_VECTOR_WIDTH-4__HLSLPERF_WAVE_SIZE-32",true,true,true,"",,,,,,,,4,1.7925,1.828,0.0111,1754.9389,1.0475,"HLSLPERF_CROWD_BACKEND=2;HLSLPERF_CROWD_TILE_BINS=512;HLSLPERF_CROWD_TILE_REPLICAS=1;HLSLPERF_CROWD_TILE_SIZE=16;HLSLPERF_ELEMENTS_PER_THREAD=4;HLSLPERF_GROUP_SIZE=128;HLSLPERF_SCAN_BACKEND=1;HLSLPERF_SINGLE_PASS_GROUPS=128;HLSLPERF_SINGLE_PASS_ITEMS_SCALE=2;HLSLPERF_VECTOR_WIDTH=4;HLSLPERF_WAVE_SIZE=32","1.7903;1.772;1.8318;1.7817;1.8242;1.7925;1.8184;1.8054;1.8189;1.7903;1.7827",""
"HLSLPERF_CROWD_BACKEND-2__HLSLPERF_CROWD_TILE_BINS-512__HLSLPERF_CROWD_TILE_REPLICAS-2__HLSLPERF_CROWD_TILE_SIZE-16__HLSLPERF_ELEMENTS_PER_THREAD-4__HLSLPERF_GROUP_SIZE-128__HLSLPERF_SCAN_BACKEND-1__HLSLPERF_SINGLE_PASS_GROUPS-128__HLSLPERF_SINGLE_PASS_ITEMS_SCALE-2__HLSLPERF_VECTOR_WIDTH-4__HLSLPERF_WAVE_SIZE-32",true,true,true,"",,,,,,,,4,1.8156,1.8912,0.0215,1732.6393,1.0342,"HLSLPERF_CROWD_BACKEND=2;HLSLPERF_CROWD_TILE_BINS=512;HLSLPERF_CROWD_TILE_REPLICAS=2;HLSLPERF_CROWD_TILE_SIZE=16;HLSLPERF_ELEMENTS_PER_THREAD=4;HLSLPERF_GROUP_SIZE=128;HLSLPERF_SCAN_BACKEND=1;HLSLPERF_SINGLE_PASS_GROUPS=128;HLSLPERF_SINGLE_PASS_ITEMS_SCALE=2;HLSLPERF_VECTOR_WIDTH=4;HLSLPERF_WAVE_SIZE=32","1.9218;1.7992;1.8441;1.7995;1.8606;1.7974;1.8393;1.7882;1.8374;1.8007;1.8156",""
"HLSLPERF_CROWD_BACKEND-2__HLSLPERF_CROWD_TILE_BINS-512__HLSLPERF_CROWD_TILE_REPLICAS-1__HLSLPERF_CROWD_TILE_SIZE-16__HLSLPERF_ELEMENTS_PER_THREAD-4__HLSLPERF_GROUP_SIZE-128__HLSLPERF_SCAN_BACKEND-1__HLSLPERF_SINGLE_PASS_GROUPS-256__HLSLPERF_SINGLE_PASS_ITEMS_SCALE-2__HLSLPERF_VECTOR_WIDTH-4__HLSLPERF_WAVE_SIZE-32",true,true,true,"",,,,,,,,4,1.7803,1.8269,0.0135,1767.0147,1.0547,"HLSLPERF_CROWD_BACKEND=2;HLSLPERF_CROWD_TILE_BINS=512;HLSLPERF_CROWD_TILE_REPLICAS=1;HLSLPERF_CROWD_TILE_SIZE=16;HLSLPERF_ELEMENTS_PER_THREAD=4;HLSLPERF_GROUP_SIZE=128;HLSLPERF_SCAN_BACKEND=1;HLSLPERF_SINGLE_PASS_GROUPS=256;HLSLPERF_SINGLE_PASS_ITEMS_SCALE=2;HLSLPERF_VECTOR_WIDTH=4;HLSLPERF_WAVE_SIZE=32","1.815;1.7706;1.8053;1.7652;1.7729;1.7803;1.7868;1.801;1.7681;1.8389;1.7652",""
"HLSLPERF_CROWD_BACKEND-2__HLSLPERF_CROWD_TILE_BINS-512__HLSLPERF_CROWD_TILE_REPLICAS-2__HLSLPERF_CROWD_TILE_SIZE-16__HLSLPERF_ELEMENTS_PER_THREAD-4__HLSLPERF_GROUP_SIZE-128__HLSLPERF_SCAN_BACKEND-1__HLSLPERF_SINGLE_PASS_GROUPS-256__HLSLPERF_SINGLE_PASS_ITEMS_SCALE-2__HLSLPERF_VECTOR_WIDTH-4__HLSLPERF_WAVE_SIZE-32",true,true,true,"",,,,,,,,4,1.7849,1.8818,0.0249,1762.4113,1.0519,"HLSLPERF_CROWD_BACKEND=2;HLSLPERF_CROWD_TILE_BINS=512;HLSLPERF_CROWD_TILE_REPLICAS=2;HLSLPERF_CROWD_TILE_SIZE=16;HLSLPERF_ELEMENTS_PER_THREAD=4;HLSLPERF_GROUP_SIZE=128;HLSLPERF_SCAN_BACKEND=1;HLSLPERF_SINGLE_PASS_GROUPS=256;HLSLPERF_SINGLE_PASS_ITEMS_SCALE=2;HLSLPERF_VECTOR_WIDTH=4;HLSLPERF_WAVE_SIZE=32","1.8011;1.84;1.9236;1.8281;1.7754;1.8222;1.7823;1.7849;1.7733;1.7805;1.777",""
"HLSLPERF_CROWD_BACKEND-2__HLSLPERF_CROWD_TILE_BINS-512__HLSLPERF_CROWD_TILE_REPLICAS-1__HLSLPERF_CROWD_TILE_SIZE-16__HLSLPERF_ELEMENTS_PER_THREAD-4__HLSLPERF_GROUP_SIZE-128__HLSLPERF_SCAN_BACKEND-1__HLSLPERF_SINGLE_PASS_GROUPS-128__HLSLPERF_SINGLE_PASS_ITEMS_SCALE-4__HLSLPERF_VECTOR_WIDTH-4__HLSLPERF_WAVE_SIZE-32",true,true,true,"",,,,,,,,4,1.7617,1.8057,0.0143,1785.6511,1.0658,"HLSLPERF_CROWD_BACKEND=2;HLSLPERF_CROWD_TILE_BINS=512;HLSLPERF_CROWD_TILE_REPLICAS=1;HLSLPERF_CROWD_TILE_SIZE=16;HLSLPERF_ELEMENTS_PER_THREAD=4;HLSLPERF_GROUP_SIZE=128;HLSLPERF_SCAN_BACKEND=1;HLSLPERF_SINGLE_PASS_GROUPS=128;HLSLPERF_SINGLE_PASS_ITEMS_SCALE=4;HLSLPERF_VECTOR_WIDTH=4;HLSLPERF_WAVE_SIZE=32","1.7546;1.7477;1.8101;1.7474;1.8013;1.7617;1.7963;1.7654;1.7376;1.7631;1.7417",""
"HLSLPERF_CROWD_BACKEND-2__HLSLPERF_CROWD_TILE_BINS-512__HLSLPERF_CROWD_TILE_REPLICAS-2__HLSLPERF_CROWD_TILE_SIZE-16__HLSLPERF_ELEMENTS_PER_THREAD-4__HLSLPERF_GROUP_SIZE-128__HLSLPERF_SCAN_BACKEND-1__HLSLPERF_SINGLE_PASS_GROUPS-128__HLSLPERF_SINGLE_PASS_ITEMS_SCALE-4__HLSLPERF_VECTOR_WIDTH-4__HLSLPERF_WAVE_SIZE-32",true,true,true,"",,,,,,,,4,1.7848,1.8017,0.0092,1762.5101,1.052,"HLSLPERF_CROWD_BACKEND=2;HLSLPERF_CROWD_TILE_BINS=512;HLSLPERF_CROWD_TILE_REPLICAS=2;HLSLPERF_CROWD_TILE_SIZE=16;HLSLPERF_ELEMENTS_PER_THREAD=4;HLSLPERF_GROUP_SIZE=128;HLSLPERF_SCAN_BACKEND=1;HLSLPERF_SINGLE_PASS_GROUPS=128;HLSLPERF_SINGLE_PASS_ITEMS_SCALE=4;HLSLPERF_VECTOR_WIDTH=4;HLSLPERF_WAVE_SIZE=32","1.7679;1.7698;1.7701;1.8027;1.7563;1.8007;1.7619;1.7938;1.7946;1.7848;1.7894",""
"HLSLPERF_CROWD_BACKEND-2__HLSLPERF_CROWD_TILE_BINS-512__HLSLPERF_CROWD_TILE_REPLICAS-1__HLSLPERF_CROWD_TILE_SIZE-16__HLSLPERF_ELEMENTS_PER_THREAD-4__HLSLPERF_GROUP_SIZE-128__HLSLPERF_SCAN_BACKEND-1__HLSLPERF_SINGLE_PASS_GROUPS-256__HLSLPERF_SINGLE_PASS_ITEMS_SCALE-4__HLSLPERF_VECTOR_WIDTH-4__HLSLPERF_WAVE_SIZE-32",true,true,true,"",,,,,,,,4,1.7701,1.845,0.0197,1777.1671,1.0607,"HLSLPERF_CROWD_BACKEND=2;HLSLPERF_CROWD_TILE_BINS=512;HLSLPERF_CROWD_TILE_REPLICAS=1;HLSLPERF_CROWD_TILE_SIZE=16;HLSLPERF_ELEMENTS_PER_THREAD=4;HLSLPERF_GROUP_SIZE=128;HLSLPERF_SCAN_BACKEND=1;HLSLPERF_SINGLE_PASS_GROUPS=256;HLSLPERF_SINGLE_PASS_ITEMS_SCALE=4;HLSLPERF_VECTOR_WIDTH=4;HLSLPERF_WAVE_SIZE=32","1.7716;1.7721;1.7686;1.7622;1.7701;1.7626;1.7977;1.7627;1.8104;1.7679;1.8795",""
"HLSLPERF_CROWD_BACKEND-2__HLSLPERF_CROWD_TILE_BINS-512__HLSLPERF_CROWD_TILE_REPLICAS-2__HLSLPERF_CROWD_TILE_SIZE-16__HLSLPERF_ELEMENTS_PER_THREAD-4__HLSLPERF_GROUP_SIZE-128__HLSLPERF_SCAN_BACKEND-1__HLSLPERF_SINGLE_PASS_GROUPS-256__HLSLPERF_SINGLE_PASS_ITEMS_SCALE-4__HLSLPERF_VECTOR_WIDTH-4__HLSLPERF_WAVE_SIZE-32",true,true,true,"",,,,,,,,4,1.7774,1.8383,0.0168,1769.878,1.0564,"HLSLPERF_CROWD_BACKEND=2;HLSLPERF_CROWD_TILE_BINS=512;HLSLPERF_CROWD_TILE_REPLICAS=2;HLSLPERF_CROWD_TILE_SIZE=16;HLSLPERF_ELEMENTS_PER_THREAD=4;HLSLPERF_GROUP_SIZE=128;HLSLPERF_SCAN_BACKEND=1;HLSLPERF_SINGLE_PASS_GROUPS=256;HLSLPERF_SINGLE_PASS_ITEMS_SCALE=4;HLSLPERF_VECTOR_WIDTH=4;HLSLPERF_WAVE_SIZE=32","1.8256;1.771;1.8169;1.7578;1.7919;1.7658;1.7774;1.7763;1.8436;1.833;1.7748",""
"HLSLPERF_CROWD_BACKEND-2__HLSLPERF_CROWD_TILE_BINS-512__HLSLPERF_CROWD_TILE_REPLICAS-1__HLSLPERF_CROWD_TILE_SIZE-16__HLSLPERF_ELEMENTS_PER_THREAD-4__HLSLPERF_GROUP_SIZE-128__HLSLPERF_SCAN_BACKEND-1__HLSLPERF_SINGLE_PASS_GROUPS-128__HLSLPERF_SINGLE_PASS_ITEMS_SCALE-2__HLSLPERF_VECTOR_WIDTH-4__HLSLPERF_WAVE_SIZE-64",true,true,true,"",,,,,,,,4,1.8141,1.9252,0.0283,1734.0242,1.035,"HLSLPERF_CROWD_BACKEND=2;HLSLPERF_CROWD_TILE_BINS=512;HLSLPERF_CROWD_TILE_REPLICAS=1;HLSLPERF_CROWD_TILE_SIZE=16;HLSLPERF_ELEMENTS_PER_THREAD=4;HLSLPERF_GROUP_SIZE=128;HLSLPERF_SCAN_BACKEND=1;HLSLPERF_SINGLE_PASS_GROUPS=128;HLSLPERF_SINGLE_PASS_ITEMS_SCALE=2;HLSLPERF_VECTOR_WIDTH=4;HLSLPERF_WAVE_SIZE=64","1.8004;1.8001;1.8141;1.8017;1.7998;1.9025;1.8185;1.8847;1.9478;1.8743;1.807",""
"HLSLPERF_CROWD_BACKEND-2__HLSLPERF_CROWD_TILE_BINS-512__HLSLPERF_CROWD_TILE_REPLICAS-2__HLSLPERF_CROWD_TILE_SIZE-16__HLSLPERF_ELEMENTS_PER_THREAD-4__HLSLPERF_GROUP_SIZE-128__HLSLPERF_SCAN_BACKEND-1__HLSLPERF_SINGLE_PASS_GROUPS-128__HLSLPERF_SINGLE_PASS_ITEMS_SCALE-2__HLSLPERF_VECTOR_WIDTH-4__HLSLPERF_WAVE_SIZE-64",true,true,true,"",,,,,,,,4,1.8159,1.8599,0.0135,1732.3054,1.034,"HLSLPERF_CROWD_BACKEND=2;HLSLPERF_CROWD_TILE_BINS=512;HLSLPERF_CROWD_TILE_REPLICAS=2;HLSLPERF_CROWD_TILE_SIZE=16;HLSLPERF_ELEMENTS_PER_THREAD=4;HLSLPERF_GROUP_SIZE=128;HLSLPERF_SCAN_BACKEND=1;HLSLPERF_SINGLE_PASS_GROUPS=128;HLSLPERF_SINGLE_PASS_ITEMS_SCALE=2;HLSLPERF_VECTOR_WIDTH=4;HLSLPERF_WAVE_SIZE=64","1.8029;1.8403;1.7917;1.8514;1.8059;1.8293;1.8038;1.8332;1.7972;1.8684;1.8159",""
"HLSLPERF_CROWD_BACKEND-2__HLSLPERF_CROWD_TILE_BINS-512__HLSLPERF_CROWD_TILE_REPLICAS-1__HLSLPERF_CROWD_TILE_SIZE-16__HLSLPERF_ELEMENTS_PER_THREAD-4__HLSLPERF_GROUP_SIZE-128__HLSLPERF_SCAN_BACKEND-1__HLSLPERF_SINGLE_PASS_GROUPS-256__HLSLPERF_SINGLE_PASS_ITEMS_SCALE-2__HLSLPERF_VECTOR_WIDTH-4__HLSLPERF_WAVE_SIZE-64",true,true,true,"",,,,,,,,4,1.7907,1.8795,0.0247,1756.6932,1.0485,"HLSLPERF_CROWD_BACKEND=2;HLSLPERF_CROWD_TILE_BINS=512;HLSLPERF_CROWD_TILE_REPLICAS=1;HLSLPERF_CROWD_TILE_SIZE=16;HLSLPERF_ELEMENTS_PER_THREAD=4;HLSLPERF_GROUP_SIZE=128;HLSLPERF_SCAN_BACKEND=1;HLSLPERF_SINGLE_PASS_GROUPS=256;HLSLPERF_SINGLE_PASS_ITEMS_SCALE=2;HLSLPERF_VECTOR_WIDTH=4;HLSLPERF_WAVE_SIZE=64","1.9313;1.8277;1.7821;1.8071;1.7767;1.7958;1.7787;1.7907;1.7856;1.7787;1.8167",""
"HLSLPERF_CROWD_BACKEND-2__HLSLPERF_CROWD_TILE_BINS-512__HLSLPERF_CROWD_TILE_REPLICAS-2__HLSLPERF_CROWD_TILE_SIZE-16__HLSLPERF_ELEMENTS_PER_THREAD-4__HLSLPERF_GROUP_SIZE-128__HLSLPERF_SCAN_BACKEND-1__HLSLPERF_SINGLE_PASS_GROUPS-256__HLSLPERF_SINGLE_PASS_ITEMS_SCALE-2__HLSLPERF_VECTOR_WIDTH-4__HLSLPERF_WAVE_SIZE-64",true,true,true,"",,,,,,,,4,1.7989,1.9361,0.0371,1748.7439,1.0438,"HLSLPERF_CROWD_BACKEND=2;HLSLPERF_CROWD_TILE_BINS=512;HLSLPERF_CROWD_TILE_REPLICAS=2;HLSLPERF_CROWD_TILE_SIZE=16;HLSLPERF_ELEMENTS_PER_THREAD=4;HLSLPERF_GROUP_SIZE=128;HLSLPERF_SCAN_BACKEND=1;HLSLPERF_SINGLE_PASS_GROUPS=256;HLSLPERF_SINGLE_PASS_ITEMS_SCALE=2;HLSLPERF_VECTOR_WIDTH=4;HLSLPERF_WAVE_SIZE=64","1.7746;1.7687;1.7989;1.7829;1.8753;1.7805;1.8654;1.997;1.838;1.7828;1.8296",""
"HLSLPERF_CROWD_BACKEND-2__HLSLPERF_CROWD_TILE_BINS-512__HLSLPERF_CROWD_TILE_REPLICAS-1__HLSLPERF_CROWD_TILE_SIZE-16__HLSLPERF_ELEMENTS_PER_THREAD-4__HLSLPERF_GROUP_SIZE-128__HLSLPERF_SCAN_BACKEND-1__HLSLPERF_SINGLE_PASS_GROUPS-128__HLSLPERF_SINGLE_PASS_ITEMS_SCALE-4__HLSLPERF_VECTOR_WIDTH-4__HLSLPERF_WAVE_SIZE-64",true,true,true,"",,,,,,,,4,1.7936,1.9708,0.0468,1753.9017,1.0468,"HLSLPERF_CROWD_BACKEND=2;HLSLPERF_CROWD_TILE_BINS=512;HLSLPERF_CROWD_TILE_REPLICAS=1;HLSLPERF_CROWD_TILE_SIZE=16;HLSLPERF_ELEMENTS_PER_THREAD=4;HLSLPERF_GROUP_SIZE=128;HLSLPERF_SCAN_BACKEND=1;HLSLPERF_SINGLE_PASS_GROUPS=128;HLSLPERF_SINGLE_PASS_ITEMS_SCALE=4;HLSLPERF_VECTOR_WIDTH=4;HLSLPERF_WAVE_SIZE=64","1.8148;1.7649;1.7837;1.8666;1.7853;1.777;1.7936;2.0635;1.7798;1.8339;1.8781",""
"HLSLPERF_CROWD_BACKEND-2__HLSLPERF_CROWD_TILE_BINS-512__HLSLPERF_CROWD_TILE_REPLICAS-2__HLSLPERF_CROWD_TILE_SIZE-16__HLSLPERF_ELEMENTS_PER_THREAD-4__HLSLPERF_GROUP_SIZE-128__HLSLPERF_SCAN_BACKEND-1__HLSLPERF_SINGLE_PASS_GROUPS-128__HLSLPERF_SINGLE_PASS_ITEMS_SCALE-4__HLSLPERF_VECTOR_WIDTH-4__HLSLPERF_WAVE_SIZE-64",true,true,true,"",,,,,,,,4,1.7772,1.8808,0.0307,1770.0871,1.0565,"HLSLPERF_CROWD_BACKEND=2;HLSLPERF_CROWD_TILE_BINS=512;HLSLPERF_CROWD_TILE_REPLICAS=2;HLSLPERF_CROWD_TILE_SIZE=16;HLSLPERF_ELEMENTS_PER_THREAD=4;HLSLPERF_GROUP_SIZE=128;HLSLPERF_SCAN_BACKEND=1;HLSLPERF_SINGLE_PASS_GROUPS=128;HLSLPERF_SINGLE_PASS_ITEMS_SCALE=4;HLSLPERF_VECTOR_WIDTH=4;HLSLPERF_WAVE_SIZE=64","1.7644;1.8006;1.7698;1.8082;1.7613;1.8063;1.7628;1.7685;1.7772;1.7831;1.9534",""
"HLSLPERF_CROWD_BACKEND-2__HLSLPERF_CROWD_TILE_BINS-512__HLSLPERF_CROWD_TILE_REPLICAS-1__HLSLPERF_CROWD_TILE_SIZE-16__HLSLPERF_ELEMENTS_PER_THREAD-4__HLSLPERF_GROUP_SIZE-128__HLSLPERF_SCAN_BACKEND-1__HLSLPERF_SINGLE_PASS_GROUPS-256__HLSLPERF_SINGLE_PASS_ITEMS_SCALE-4__HLSLPERF_VECTOR_WIDTH-4__HLSLPERF_WAVE_SIZE-64",true,true,true,"",,,,,,,,4,1.7683,1.894,0.0334,1779.0064,1.0618,"HLSLPERF_CROWD_BACKEND=2;HLSLPERF_CROWD_TILE_BINS=512;HLSLPERF_CROWD_TILE_REPLICAS=1;HLSLPERF_CROWD_TILE_SIZE=16;HLSLPERF_ELEMENTS_PER_THREAD=4;HLSLPERF_GROUP_SIZE=128;HLSLPERF_SCAN_BACKEND=1;HLSLPERF_SINGLE_PASS_GROUPS=256;HLSLPERF_SINGLE_PASS_ITEMS_SCALE=4;HLSLPERF_VECTOR_WIDTH=4;HLSLPERF_WAVE_SIZE=64","1.7807;1.8274;1.8183;1.765;1.9607;1.7606;1.8034;1.7541;1.7617;1.7683;1.7603",""
"HLSLPERF_CROWD_BACKEND-2__HLSLPERF_CROWD_TILE_BINS-512__HLSLPERF_CROWD_TILE_REPLICAS-2__HLSLPERF_CROWD_TILE_SIZE-16__HLSLPERF_ELEMENTS_PER_THREAD-4__HLSLPERF_GROUP_SIZE-128__HLSLPERF_SCAN_BACKEND-1__HLSLPERF_SINGLE_PASS_GROUPS-256__HLSLPERF_SINGLE_PASS_ITEMS_SCALE-4__HLSLPERF_VECTOR_WIDTH-4__HLSLPERF_WAVE_SIZE-64",true,true,true,"",,,,,,,,4,1.7655,1.8144,0.013,1781.7572,1.0635,"HLSLPERF_CROWD_BACKEND=2;HLSLPERF_CROWD_TILE_BINS=512;HLSLPERF_CROWD_TILE_REPLICAS=2;HLSLPERF_CROWD_TILE_SIZE=16;HLSLPERF_ELEMENTS_PER_THREAD=4;HLSLPERF_GROUP_SIZE=128;HLSLPERF_SCAN_BACKEND=1;HLSLPERF_SINGLE_PASS_GROUPS=256;HLSLPERF_SINGLE_PASS_ITEMS_SCALE=4;HLSLPERF_VECTOR_WIDTH=4;HLSLPERF_WAVE_SIZE=64","1.8117;1.7599;1.7557;1.8014;1.7655;1.8005;1.7634;1.8171;1.7751;1.7604;1.7655",""
"HLSLPERF_CROWD_BACKEND-2__HLSLPERF_CROWD_TILE_BINS-512__HLSLPERF_CROWD_TILE_REPLICAS-1__HLSLPERF_CROWD_TILE_SIZE-16__HLSLPERF_ELEMENTS_PER_THREAD-2__HLSLPERF_GROUP_SIZE-256__HLSLPERF_SCAN_BACKEND-1__HLSLPERF_SINGLE_PASS_GROUPS-128__HLSLPERF_SINGLE_PASS_ITEMS_SCALE-2__HLSLPERF_VECTOR_WIDTH-1__HLSLPERF_WAVE_SIZE-32",true,true,true,"",,,,,,,,4,1.7966,1.8335,0.0132,1750.9827,1.0451,"HLSLPERF_CROWD_BACKEND=2;HLSLPERF_CROWD_TILE_BINS=512;HLSLPERF_CROWD_TILE_REPLICAS=1;HLSLPERF_CROWD_TILE_SIZE=16;HLSLPERF_ELEMENTS_PER_THREAD=2;HLSLPERF_GROUP_SIZE=256;HLSLPERF_SCAN_BACKEND=1;HLSLPERF_SINGLE_PASS_GROUPS=128;HLSLPERF_SINGLE_PASS_ITEMS_SCALE=2;HLSLPERF_VECTOR_WIDTH=1;HLSLPERF_WAVE_SIZE=32","1.7848;1.7713;1.7966;1.7812;1.8129;1.7729;1.8132;1.7794;1.8152;1.844;1.823",""
"HLSLPERF_CROWD_BACKEND-2__HLSLPERF_CROWD_TILE_BINS-512__HLSLPERF_CROWD_TILE_REPLICAS-2__HLSLPERF_CROWD_TILE_SIZE-16__HLSLPERF_ELEMENTS_PER_THREAD-2__HLSLPERF_GROUP_SIZE-256__HLSLPERF_SCAN_BACKEND-1__HLSLPERF_SINGLE_PASS_GROUPS-128__HLSLPERF_SINGLE_PASS_ITEMS_SCALE-2__HLSLPERF_VECTOR_WIDTH-1__HLSLPERF_WAVE_SIZE-32",true,true,true,"",,,,,,,,4,1.803,1.8648,0.0182,1744.6801,1.0413,"HLSLPERF_CROWD_BACKEND=2;HLSLPERF_CROWD_TILE_BINS=512;HLSLPERF_CROWD_TILE_REPLICAS=2;HLSLPERF_CROWD_TILE_SIZE=16;HLSLPERF_ELEMENTS_PER_THREAD=2;HLSLPERF_GROUP_SIZE=256;HLSLPERF_SCAN_BACKEND=1;HLSLPERF_SINGLE_PASS_GROUPS=128;HLSLPERF_SINGLE_PASS_ITEMS_SCALE=2;HLSLPERF_VECTOR_WIDTH=1;HLSLPERF_WAVE_SIZE=32","1.8126;1.777;1.803;1.776;1.792;1.7886;1.7803;1.8385;1.8048;1.8648;1.8648",""
"HLSLPERF_CROWD_BACKEND-2__HLSLPERF_CROWD_TILE_BINS-512__HLSLPERF_CROWD_TILE_REPLICAS-1__HLSLPERF_CROWD_TILE_SIZE-16__HLSLPERF_ELEMENTS_PER_THREAD-2__HLSLPERF_GROUP_SIZE-256__HLSLPERF_SCAN_BACKEND-1__HLSLPERF_SINGLE_PASS_GROUPS-256__HLSLPERF_SINGLE_PASS_ITEMS_SCALE-2__HLSLPERF_VECTOR_WIDTH-1__HLSLPERF_WAVE_SIZE-32",true,true,true,"",,,,,,,,4,1.7859,1.9397,0.0459,1761.4738,1.0514,"HLSLPERF_CROWD_BACKEND=2;HLSLPERF_CROWD_TILE_BINS=512;HLSLPERF_CROWD_TILE_REPLICAS=1;HLSLPERF_CROWD_TILE_SIZE=16;HLSLPERF_ELEMENTS_PER_THREAD=2;HLSLPERF_GROUP_SIZE=256;HLSLPERF_SCAN_BACKEND=1;HLSLPERF_SINGLE_PASS_GROUPS=256;HLSLPERF_SINGLE_PASS_ITEMS_SCALE=2;HLSLPERF_VECTOR_WIDTH=1;HLSLPERF_WAVE_SIZE=32","1.7752;1.8284;1.8138;1.8267;1.7859;2.0511;1.7732;1.7759;1.7693;1.744;1.7965",""
"HLSLPERF_CROWD_BACKEND-2__HLSLPERF_CROWD_TILE_BINS-512__HLSLPERF_CROWD_TILE_REPLICAS-2__HLSLPERF_CROWD_TILE_SIZE-16__HLSLPERF_ELEMENTS_PER_THREAD-2__HLSLPERF_GROUP_SIZE-256__HLSLPERF_SCAN_BACKEND-1__HLSLPERF_SINGLE_PASS_GROUPS-256__HLSLPERF_SINGLE_PASS_ITEMS_SCALE-2__HLSLPERF_VECTOR_WIDTH-1__HLSLPERF_WAVE_SIZE-32",true,true,true,"",,,,,,,,4,1.8222,1.9091,0.0266,1726.3352,1.0304,"HLSLPERF_CROWD_BACKEND=2;HLSLPERF_CROWD_TILE_BINS=512;HLSLPERF_CROWD_TILE_REPLICAS=2;HLSLPERF_CROWD_TILE_SIZE=16;HLSLPERF_ELEMENTS_PER_THREAD=2;HLSLPERF_GROUP_SIZE=256;HLSLPERF_SCAN_BACKEND=1;HLSLPERF_SINGLE_PASS_GROUPS=256;HLSLPERF_SINGLE_PASS_ITEMS_SCALE=2;HLSLPERF_VECTOR_WIDTH=1;HLSLPERF_WAVE_SIZE=32","1.8903;1.7788;1.8222;1.9279;1.8402;1.7883;1.8495;1.7847;1.8376;1.7789;1.7994",""
"HLSLPERF_CROWD_BACKEND-2__HLSLPERF_CROWD_TILE_BINS-512__HLSLPERF_CROWD_TILE_REPLICAS-1__HLSLPERF_CROWD_TILE_SIZE-16__HLSLPERF_ELEMENTS_PER_THREAD-2__HLSLPERF_GROUP_SIZE-256__HLSLPERF_SCAN_BACKEND-1__HLSLPERF_SINGLE_PASS_GROUPS-128__HLSLPERF_SINGLE_PASS_ITEMS_SCALE-4__HLSLPERF_VECTOR_WIDTH-1__HLSLPERF_WAVE_SIZE-32",true,true,true,"",,,,,,,,4,1.7473,1.7942,0.0119,1800.3674,1.0746,"HLSLPERF_CROWD_BACKEND=2;HLSLPERF_CROWD_TILE_BINS=512;HLSLPERF_CROWD_TILE_REPLICAS=1;HLSLPERF_CROWD_TILE_SIZE=16;HLSLPERF_ELEMENTS_PER_THREAD=2;HLSLPERF_GROUP_SIZE=256;HLSLPERF_SCAN_BACKEND=1;HLSLPERF_SINGLE_PASS_GROUPS=128;HLSLPERF_SINGLE_PASS_ITEMS_SCALE=4;HLSLPERF_VECTOR_WIDTH=1;HLSLPERF_WAVE_SIZE=32","1.7473;1.7504;1.7466;1.7904;1.737;1.7708;1.7404;1.7597;1.7446;1.7389;1.798",""
"HLSLPERF_CROWD_BACKEND-2__HLSLPERF_CROWD_TILE_BINS-512__HLSLPERF_CROWD_TILE_REPLICAS-2__HLSLPERF_CROWD_TILE_SIZE-16__HLSLPERF_ELEMENTS_PER_THREAD-2__HLSLPERF_GROUP_SIZE-256__HLSLPERF_SCAN_BACKEND-1__HLSLPERF_SINGLE_PASS_GROUPS-128__HLSLPERF_SINGLE_PASS_ITEMS_SCALE-4__HLSLPERF_VECTOR_WIDTH-1__HLSLPERF_WAVE_SIZE-32",true,true,true,"",,,,,,,,4,1.7614,1.9157,0.0364,1785.9248,1.066,"HLSLPERF_CROWD_BACKEND=2;HLSLPERF_CROWD_TILE_BINS=512;HLSLPERF_CROWD_TILE_REPLICAS=2;HLSLPERF_CROWD_TILE_SIZE=16;HLSLPERF_ELEMENTS_PER_THREAD=2;HLSLPERF_GROUP_SIZE=256;HLSLPERF_SCAN_BACKEND=1;HLSLPERF_SINGLE_PASS_GROUPS=128;HLSLPERF_SINGLE_PASS_ITEMS_SCALE=4;HLSLPERF_VECTOR_WIDTH=1;HLSLPERF_WAVE_SIZE=32","1.7604;1.765;1.8732;1.7614;1.8015;1.7536;1.9583;1.7513;1.8097;1.7568;1.7594",""
"HLSLPERF_CROWD_BACKEND-2__HLSLPERF_CROWD_TILE_BINS-512__HLSLPERF_CROWD_TILE_REPLICAS-1__HLSLPERF_CROWD_TILE_SIZE-16__HLSLPERF_ELEMENTS_PER_THREAD-2__HLSLPERF_GROUP_SIZE-256__HLSLPERF_SCAN_BACKEND-1__HLSLPERF_SINGLE_PASS_GROUPS-256__HLSLPERF_SINGLE_PASS_ITEMS_SCALE-4__HLSLPERF_VECTOR_WIDTH-1__HLSLPERF_WAVE_SIZE-32",true,true,true,"",,,,,,,,4,1.7412,1.8002,0.0159,1806.6748,1.0783,"HLSLPERF_CROWD_BACKEND=2;HLSLPERF_CROWD_TILE_BINS=512;HLSLPERF_CROWD_TILE_REPLICAS=1;HLSLPERF_CROWD_TILE_SIZE=16;HLSLPERF_ELEMENTS_PER_THREAD=2;HLSLPERF_GROUP_SIZE=256;HLSLPERF_SCAN_BACKEND=1;HLSLPERF_SINGLE_PASS_GROUPS=256;HLSLPERF_SINGLE_PASS_ITEMS_SCALE=4;HLSLPERF_VECTOR_WIDTH=1;HLSLPERF_WAVE_SIZE=32","1.7905;1.7241;1.7395;1.7328;1.7388;1.7604;1.7412;1.7989;1.7398;1.8014;1.7486",""
"HLSLPERF_CROWD_BACKEND-2__HLSLPERF_CROWD_TILE_BINS-512__HLSLPERF_CROWD_TILE_REPLICAS-2__HLSLPERF_CROWD_TILE_SIZE-16__HLSLPERF_ELEMENTS_PER_THREAD-2__HLSLPERF_GROUP_SIZE-256__HLSLPERF_SCAN_BACKEND-1__HLSLPERF_SINGLE_PASS_GROUPS-256__HLSLPERF_SINGLE_PASS_ITEMS_SCALE-4__HLSLPERF_VECTOR_WIDTH-1__HLSLPERF_WAVE_SIZE-32",true,true,true,"",,,,,,,,4,1.7458,1.8791,0.0321,1801.8731,1.0755,"HLSLPERF_CROWD_BACKEND=2;HLSLPERF_CROWD_TILE_BINS=512;HLSLPERF_CROWD_TILE_REPLICAS=2;HLSLPERF_CROWD_TILE_SIZE=16;HLSLPERF_ELEMENTS_PER_THREAD=2;HLSLPERF_GROUP_SIZE=256;HLSLPERF_SCAN_BACKEND=1;HLSLPERF_SINGLE_PASS_GROUPS=256;HLSLPERF_SINGLE_PASS_ITEMS_SCALE=4;HLSLPERF_VECTOR_WIDTH=1;HLSLPERF_WAVE_SIZE=32","1.7322;1.7366;1.7458;1.74;1.7723;1.7348;1.8498;1.7469;1.7875;1.9084;1.7409",""
"HLSLPERF_CROWD_BACKEND-2__HLSLPERF_CROWD_TILE_BINS-512__HLSLPERF_CROWD_TILE_REPLICAS-1__HLSLPERF_CROWD_TILE_SIZE-16__HLSLPERF_ELEMENTS_PER_THREAD-2__HLSLPERF_GROUP_SIZE-256__HLSLPERF_SCAN_BACKEND-1__HLSLPERF_SINGLE_PASS_GROUPS-128__HLSLPERF_SINGLE_PASS_ITEMS_SCALE-2__HLSLPERF_VECTOR_WIDTH-1__HLSLPERF_WAVE_SIZE-64",true,true,true,"",,,,,,,,4,1.7954,1.9041,0.0328,1752.075,1.0458,"HLSLPERF_CROWD_BACKEND=2;HLSLPERF_CROWD_TILE_BINS=512;HLSLPERF_CROWD_TILE_REPLICAS=1;HLSLPERF_CROWD_TILE_SIZE=16;HLSLPERF_ELEMENTS_PER_THREAD=2;HLSLPERF_GROUP_SIZE=256;HLSLPERF_SCAN_BACKEND=1;HLSLPERF_SINGLE_PASS_GROUPS=128;HLSLPERF_SINGLE_PASS_ITEMS_SCALE=2;HLSLPERF_VECTOR_WIDTH=1;HLSLPERF_WAVE_SIZE=64","1.7488;1.7762;1.7762;1.8007;1.7802;1.826;1.7835;1.8272;1.9719;1.8362;1.7954",""
"HLSLPERF_CROWD_BACKEND-2__HLSLPERF_CROWD_TILE_BINS-512__HLSLPERF_CROWD_TILE_REPLICAS-2__HLSLPERF_CROWD_TILE_SIZE-16__HLSLPERF_ELEMENTS_PER_THREAD-2__HLSLPERF_GROUP_SIZE-256__HLSLPERF_SCAN_BACKEND-1__HLSLPERF_SINGLE_PASS_GROUPS-128__HLSLPERF_SINGLE_PASS_ITEMS_SCALE-2__HLSLPERF_VECTOR_WIDTH-1__HLSLPERF_WAVE_SIZE-64",true,true,true,"",,,,,,,,4,1.7689,1.8162,0.0126,1778.3828,1.0615,"HLSLPERF_CROWD_BACKEND=2;HLSLPERF_CROWD_TILE_BINS=512;HLSLPERF_CROWD_TILE_REPLICAS=2;HLSLPERF_CROWD_TILE_SIZE=16;HLSLPERF_ELEMENTS_PER_THREAD=2;HLSLPERF_GROUP_SIZE=256;HLSLPERF_SCAN_BACKEND=1;HLSLPERF_SINGLE_PASS_GROUPS=128;HLSLPERF_SINGLE_PASS_ITEMS_SCALE=2;HLSLPERF_VECTOR_WIDTH=1;HLSLPERF_WAVE_SIZE=64","1.7677;1.8165;1.7689;1.7882;1.759;1.7598;1.7662;1.7655;1.8159;1.7798;1.8094",""
"HLSLPERF_CROWD_BACKEND-2__HLSLPERF_CROWD_TILE_BINS-512__HLSLPERF_CROWD_TILE_REPLICAS-1__HLSLPERF_CROWD_TILE_SIZE-16__HLSLPERF_ELEMENTS_PER_THREAD-2__HLSLPERF_GROUP_SIZE-256__HLSLPERF_SCAN_BACKEND-1__HLSLPERF_SINGLE_PASS_GROUPS-256__HLSLPERF_SINGLE_PASS_ITEMS_SCALE-2__HLSLPERF_VECTOR_WIDTH-1__HLSLPERF_WAVE_SIZE-64",true,true,true,"",,,,,,,,4,1.746,1.7991,0.0144,1801.6357,1.0753,"HLSLPERF_CROWD_BACKEND=2;HLSLPERF_CROWD_TILE_BINS=512;HLSLPERF_CROWD_TILE_REPLICAS=1;HLSLPERF_CROWD_TILE_SIZE=16;HLSLPERF_ELEMENTS_PER_THREAD=2;HLSLPERF_GROUP_SIZE=256;HLSLPERF_SCAN_BACKEND=1;HLSLPERF_SINGLE_PASS_GROUPS=256;HLSLPERF_SINGLE_PASS_ITEMS_SCALE=2;HLSLPERF_VECTOR_WIDTH=1;HLSLPERF_WAVE_SIZE=64","1.746;1.7504;1.7803;1.7404;1.7948;1.7508;1.8033;1.7277;1.7386;1.7443;1.7352",""
"HLSLPERF_CROWD_BACKEND-2__HLSLPERF_CROWD_TILE_BINS-512__HLSLPERF_CROWD_TILE_REPLICAS-2__HLSLPERF_CROWD_TILE_SIZE-16__HLSLPERF_ELEMENTS_PER_THREAD-2__HLSLPERF_GROUP_SIZE-256__HLSLPERF_SCAN_BACKEND-1__HLSLPERF_SINGLE_PASS_GROUPS-256__HLSLPERF_SINGLE_PASS_ITEMS_SCALE-2__HLSLPERF_VECTOR_WIDTH-1__HLSLPERF_WAVE_SIZE-64",true,true,true,"",,,,,,,,4,1.77,1.9089,0.0397,1777.2575,1.0608,"HLSLPERF_CROWD_BACKEND=2;HLSLPERF_CROWD_TILE_BINS=512;HLSLPERF_CROWD_TILE_REPLICAS=2;HLSLPERF_CROWD_TILE_SIZE=16;HLSLPERF_ELEMENTS_PER_THREAD=2;HLSLPERF_GROUP_SIZE=256;HLSLPERF_SCAN_BACKEND=1;HLSLPERF_SINGLE_PASS_GROUPS=256;HLSLPERF_SINGLE_PASS_ITEMS_SCALE=2;HLSLPERF_VECTOR_WIDTH=1;HLSLPERF_WAVE_SIZE=64","1.7553;1.7573;1.7418;1.7927;1.7505;1.7798;1.8272;1.8193;1.77;1.9907;1.7494",""
"HLSLPERF_CROWD_BACKEND-2__HLSLPERF_CROWD_TILE_BINS-512__HLSLPERF_CROWD_TILE_REPLICAS-1__HLSLPERF_CROWD_TILE_SIZE-16__HLSLPERF_ELEMENTS_PER_THREAD-2__HLSLPERF_GROUP_SIZE-256__HLSLPERF_SCAN_BACKEND-1__HLSLPERF_SINGLE_PASS_GROUPS-128__HLSLPERF_SINGLE_PASS_ITEMS_SCALE-4__HLSLPERF_VECTOR_WIDTH-1__HLSLPERF_WAVE_SIZE-64",true,true,true,"",,,,,,,,4,1.7607,1.8839,0.0357,1786.6247,1.0664,"HLSLPERF_CROWD_BACKEND=2;HLSLPERF_CROWD_TILE_BINS=512;HLSLPERF_CROWD_TILE_REPLICAS=1;HLSLPERF_CROWD_TILE_SIZE=16;HLSLPERF_ELEMENTS_PER_THREAD=2;HLSLPERF_GROUP_SIZE=256;HLSLPERF_SCAN_BACKEND=1;HLSLPERF_SINGLE_PASS_GROUPS=128;HLSLPERF_SINGLE_PASS_ITEMS_SCALE=4;HLSLPERF_VECTOR_WIDTH=1;HLSLPERF_WAVE_SIZE=64","1.7844;1.7607;1.8147;1.7427;1.953;1.7366;1.7468;1.7608;1.7378;1.7944;1.7341",""
"HLSLPERF_CROWD_BACKEND-2__HLSLPERF_CROWD_TILE_BINS-512__HLSLPERF_CROWD_TILE_REPLICAS-2__HLSLPERF_CROWD_TILE_SIZE-16__HLSLPERF_ELEMENTS_PER_THREAD-2__HLSLPERF_GROUP_SIZE-256__HLSLPERF_SCAN_BACKEND-1__HLSLPERF_SINGLE_PASS_GROUPS-128__HLSLPERF_SINGLE_PASS_ITEMS_SCALE-4__HLSLPERF_VECTOR_WIDTH-1__HLSLPERF_WAVE_SIZE-64",true,true,true,"",,,,,,,,4,1.7318,1.852,0.0329,1816.5024,1.0842,"HLSLPERF_CROWD_BACKEND=2;HLSLPERF_CROWD_TILE_BINS=512;HLSLPERF_CROWD_TILE_REPLICAS=2;HLSLPERF_CROWD_TILE_SIZE=16;HLSLPERF_ELEMENTS_PER_THREAD=2;HLSLPERF_GROUP_SIZE=256;HLSLPERF_SCAN_BACKEND=1;HLSLPERF_SINGLE_PASS_GROUPS=128;HLSLPERF_SINGLE_PASS_ITEMS_SCALE=4;HLSLPERF_VECTOR_WIDTH=1;HLSLPERF_WAVE_SIZE=64","1.9182;1.7506;1.7177;1.7245;1.722;1.7318;1.7721;1.7243;1.7859;1.7308;1.7498",""
"HLSLPERF_CROWD_BACKEND-2__HLSLPERF_CROWD_TILE_BINS-512__HLSLPERF_CROWD_TILE_REPLICAS-1__HLSLPERF_CROWD_TILE_SIZE-16__HLSLPERF_ELEMENTS_PER_THREAD-2__HLSLPERF_GROUP_SIZE-256__HLSLPERF_SCAN_BACKEND-1__HLSLPERF_SINGLE_PASS_GROUPS-256__HLSLPERF_SINGLE_PASS_ITEMS_SCALE-4__HLSLPERF_VECTOR_WIDTH-1__HLSLPERF_WAVE_SIZE-64",true,true,true,"",,,,,,,,4,1.7192,1.8001,0.0217,1829.752,1.0921,"HLSLPERF_CROWD_BACKEND=2;HLSLPERF_CROWD_TILE_BINS=512;HLSLPERF_CROWD_TILE_REPLICAS=1;HLSLPERF_CROWD_TILE_SIZE=16;HLSLPERF_ELEMENTS_PER_THREAD=2;HLSLPERF_GROUP_SIZE=256;HLSLPERF_SCAN_BACKEND=1;HLSLPERF_SINGLE_PASS_GROUPS=256;HLSLPERF_SINGLE_PASS_ITEMS_SCALE=4;HLSLPERF_VECTOR_WIDTH=1;HLSLPERF_WAVE_SIZE=64","1.7129;1.7459;1.7153;1.7649;1.7123;1.7704;1.7124;1.7218;1.7192;1.7095;1.8298",""
"HLSLPERF_CROWD_BACKEND-2__HLSLPERF_CROWD_TILE_BINS-512__HLSLPERF_CROWD_TILE_REPLICAS-2__HLSLPERF_CROWD_TILE_SIZE-16__HLSLPERF_ELEMENTS_PER_THREAD-2__HLSLPERF_GROUP_SIZE-256__HLSLPERF_SCAN_BACKEND-1__HLSLPERF_SINGLE_PASS_GROUPS-256__HLSLPERF_SINGLE_PASS_ITEMS_SCALE-4__HLSLPERF_VECTOR_WIDTH-1__HLSLPERF_WAVE_SIZE-64",true,true,false,"",,,,,,,,4,1.759,1.9663,0.0663,1788.3311,1.0674,"HLSLPERF_CROWD_BACKEND=2;HLSLPERF_CROWD_TILE_BINS=512;HLSLPERF_CROWD_TILE_REPLICAS=2;HLSLPERF_CROWD_TILE_SIZE=16;HLSLPERF_ELEMENTS_PER_THREAD=2;HLSLPERF_GROUP_SIZE=256;HLSLPERF_SCAN_BACKEND=1;HLSLPERF_SINGLE_PASS_GROUPS=256;HLSLPERF_SINGLE_PASS_ITEMS_SCALE=4;HLSLPERF_VECTOR_WIDTH=1;HLSLPERF_WAVE_SIZE=64","1.759;1.7253;1.7754;1.7279;1.7276;1.7746;1.7534;1.7772;1.7933;2.1393;1.7283",""
"HLSLPERF_CROWD_BACKEND-2__HLSLPERF_CROWD_TILE_BINS-512__HLSLPERF_CROWD_TILE_REPLICAS-1__HLSLPERF_CROWD_TILE_SIZE-16__HLSLPERF_ELEMENTS_PER_THREAD-4__HLSLPERF_GROUP_SIZE-256__HLSLPERF_SCAN_BACKEND-1__HLSLPERF_SINGLE_PASS_GROUPS-128__HLSLPERF_SINGLE_PASS_ITEMS_SCALE-2__HLSLPERF_VECTOR_WIDTH-1__HLSLPERF_WAVE_SIZE-32",true,true,true,"",,,,,,,,4,1.7747,1.949,0.0413,1772.5107,1.058,"HLSLPERF_CROWD_BACKEND=2;HLSLPERF_CROWD_TILE_BINS=512;HLSLPERF_CROWD_TILE_REPLICAS=1;HLSLPERF_CROWD_TILE_SIZE=16;HLSLPERF_ELEMENTS_PER_THREAD=4;HLSLPERF_GROUP_SIZE=256;HLSLPERF_SCAN_BACKEND=1;HLSLPERF_SINGLE_PASS_GROUPS=128;HLSLPERF_SINGLE_PASS_ITEMS_SCALE=2;HLSLPERF_VECTOR_WIDTH=1;HLSLPERF_WAVE_SIZE=32","1.7513;1.8401;1.7603;1.7684;1.7432;1.9477;1.7808;1.7747;1.9503;1.7661;1.826",""
"HLSLPERF_CROWD_BACKEND-2__HLSLPERF_CROWD_TILE_BINS-512__HLSLPERF_CROWD_TILE_REPLICAS-2__HLSLPERF_CROWD_TILE_SIZE-16__HLSLPERF_ELEMENTS_PER_THREAD-4__HLSLPERF_GROUP_SIZE-256__HLSLPERF_SCAN_BACKEND-1__HLSLPERF_SINGLE_PASS_GROUPS-128__HLSLPERF_SINGLE_PASS_ITEMS_SCALE-2__HLSLPERF_VECTOR_WIDTH-1__HLSLPERF_WAVE_SIZE-32",true,true,true,"",,,,,,,,4,1.7738,1.893,0.0323,1773.4001,1.0585,"HLSLPERF_CROWD_BACKEND=2;HLSLPERF_CROWD_TILE_BINS=512;HLSLPERF_CROWD_TILE_REPLICAS=2;HLSLPERF_CROWD_TILE_SIZE=16;HLSLPERF_ELEMENTS_PER_THREAD=4;HLSLPERF_GROUP_SIZE=256;HLSLPERF_SCAN_BACKEND=1;HLSLPERF_SINGLE_PASS_GROUPS=128;HLSLPERF_SINGLE_PASS_ITEMS_SCALE=2;HLSLPERF_VECTOR_WIDTH=1;HLSLPERF_WAVE_SIZE=32","1.7764;1.7422;1.7872;1.7451;1.7836;1.7738;1.7673;1.7568;1.8565;1.9295;1.7345",""
"HLSLPERF_CROWD_BACKEND-2__HLSLPERF_CROWD_TILE_BINS-512__HLSLPERF_CROWD_TILE_REPLICAS-1__HLSLPERF_CROWD_TILE_SIZE-16__HLSLPERF_ELEMENTS_PER_THREAD-4__HLSLPERF_GROUP_SIZE-256__HLSLPERF_SCAN_BACKEND-1__HLSLPERF_SINGLE_PASS_GROUPS-256__HLSLPERF_SINGLE_PASS_ITEMS_SCALE-2__HLSLPERF_VECTOR_WIDTH-1__HLSLPERF_WAVE_SIZE-32",true,true,true,"",,,,,,,,4,1.7555,1.9141,0.0374,1791.9169,1.0695,"HLSLPERF_CROWD_BACKEND=2;HLSLPERF_CROWD_TILE_BINS=512;HLSLPERF_CROWD_TILE_REPLICAS=1;HLSLPERF_CROWD_TILE_SIZE=16;HLSLPERF_ELEMENTS_PER_THREAD=4;HLSLPERF_GROUP_SIZE=256;HLSLPERF_SCAN_BACKEND=1;HLSLPERF_SINGLE_PASS_GROUPS=256;HLSLPERF_SINGLE_PASS_ITEMS_SCALE=2;HLSLPERF_VECTOR_WIDTH=1;HLSLPERF_WAVE_SIZE=32","1.7385;1.8738;1.7555;1.8144;1.9544;1.7527;1.745;1.7526;1.7822;1.7515;1.8024",""
"HLSLPERF_CROWD_BACKEND-2__HLSLPERF_CROWD_TILE_BINS-512__HLSLPERF_CROWD_TILE_REPLICAS-2__HLSLPERF_CROWD_TILE_SIZE-16__HLSLPERF_ELEMENTS_PER_THREAD-4__HLSLPERF_GROUP_SIZE-256__HLSLPERF_SCAN_BACKEND-1__HLSLPERF_SINGLE_PASS_GROUPS-256__HLSLPERF_SINGLE_PASS_ITEMS_SCALE-2__HLSLPERF_VECTOR_WIDTH-1__HLSLPERF_WAVE_SIZE-32",true,true,true,"",,,,,,,,4,1.7581,1.8049,0.0125,1789.2974,1.068,"HLSLPERF_CROWD_BACKEND=2;HLSLPERF_CROWD_TILE_BINS=512;HLSLPERF_CROWD_TILE_REPLICAS=2;HLSLPERF_CROWD_TILE_SIZE=16;HLSLPERF_ELEMENTS_PER_THREAD=4;HLSLPERF_GROUP_SIZE=256;HLSLPERF_SCAN_BACKEND=1;HLSLPERF_SINGLE_PASS_GROUPS=256;HLSLPERF_SINGLE_PASS_ITEMS_SCALE=2;HLSLPERF_VECTOR_WIDTH=1;HLSLPERF_WAVE_SIZE=32","1.794;1.7548;1.8089;1.7581;1.801;1.7526;1.7537;1.7581;1.7665;1.7942;1.7538",""
"HLSLPERF_CROWD_BACKEND-2__HLSLPERF_CROWD_TILE_BINS-512__HLSLPERF_CROWD_TILE_REPLICAS-1__HLSLPERF_CROWD_TILE_SIZE-16__HLSLPERF_ELEMENTS_PER_THREAD-4__HLSLPERF_GROUP_SIZE-256__HLSLPERF_SCAN_BACKEND-1__HLSLPERF_SINGLE_PASS_GROUPS-128__HLSLPERF_SINGLE_PASS_ITEMS_SCALE-4__HLSLPERF_VECTOR_WIDTH-1__HLSLPERF_WAVE_SIZE-32",true,true,true,"",,,,,,,,4,1.75,1.8122,0.0165,1797.5589,1.0729,"HLSLPERF_CROWD_BACKEND=2;HLSLPERF_CROWD_TILE_BINS=512;HLSLPERF_CROWD_TILE_REPLICAS=1;HLSLPERF_CROWD_TILE_SIZE=16;HLSLPERF_ELEMENTS_PER_THREAD=4;HLSLPERF_GROUP_SIZE=256;HLSLPERF_SCAN_BACKEND=1;HLSLPERF_SINGLE_PASS_GROUPS=128;HLSLPERF_SINGLE_PASS_ITEMS_SCALE=4;HLSLPERF_VECTOR_WIDTH=1;HLSLPERF_WAVE_SIZE=32","1.7375;1.8081;1.7471;1.8162;1.743;1.7529;1.75;1.7461;1.7576;1.7476;1.8022",""
"HLSLPERF_CROWD_BACKEND-2__HLSLPERF_CROWD_TILE_BINS-512__HLSLPERF_CROWD_TILE_REPLICAS-2__HLSLPERF_CROWD_TILE_SIZE-16__HLSLPERF_ELEMENTS_PER_THREAD-4__HLSLPERF_GROUP_SIZE-256__HLSLPERF_SCAN_BACKEND-1__HLSLPERF_SINGLE_PASS_GROUPS-128__HLSLPERF_SINGLE_PASS_ITEMS_SCALE-4__HLSLPERF_VECTOR_WIDTH-1__HLSLPERF_WAVE_SIZE-32",true,true,true,"",,,,,,,,4,1.7528,1.8113,0.0181,1794.6976,1.0712,"HLSLPERF_CROWD_BACKEND=2;HLSLPERF_CROWD_TILE_BINS=512;HLSLPERF_CROWD_TILE_REPLICAS=2;HLSLPERF_CROWD_TILE_SIZE=16;HLSLPERF_ELEMENTS_PER_THREAD=4;HLSLPERF_GROUP_SIZE=256;HLSLPERF_SCAN_BACKEND=1;HLSLPERF_SINGLE_PASS_GROUPS=128;HLSLPERF_SINGLE_PASS_ITEMS_SCALE=4;HLSLPERF_VECTOR_WIDTH=1;HLSLPERF_WAVE_SIZE=32","1.7736;1.7364;1.7734;1.7469;1.7675;1.7442;1.7427;1.7528;1.7366;1.849;1.7554",""
"HLSLPERF_CROWD_BACKEND-2__HLSLPERF_CROWD_TILE_BINS-512__HLSLPERF_CROWD_TILE_REPLICAS-1__HLSLPERF_CROWD_TILE_SIZE-16__HLSLPERF_ELEMENTS_PER_THREAD-4__HLSLPERF_GROUP_SIZE-256__HLSLPERF_SCAN_BACKEND-1__HLSLPERF_SINGLE_PASS_GROUPS-256__HLSLPERF_SINGLE_PASS_ITEMS_SCALE-4__HLSLPERF_VECTOR_WIDTH-1__HLSLPERF_WAVE_SIZE-32",true,true,true,"",,,,,,,,4,1.7381,1.8008,0.0156,1809.8555,1.0802,"HLSLPERF_CROWD_BACKEND=2;HLSLPERF_CROWD_TILE_BINS=512;HLSLPERF_CROWD_TILE_REPLICAS=1;HLSLPERF_CROWD_TILE_SIZE=16;HLSLPERF_ELEMENTS_PER_THREAD=4;HLSLPERF_GROUP_SIZE=256;HLSLPERF_SCAN_BACKEND=1;HLSLPERF_SINGLE_PASS_GROUPS=256;HLSLPERF_SINGLE_PASS_ITEMS_SCALE=4;HLSLPERF_VECTOR_WIDTH=1;HLSLPERF_WAVE_SIZE=32","1.7349;1.787;1.7381;1.7542;1.7337;1.7325;1.7501;1.7379;1.7787;1.7343;1.8147",""
"HLSLPERF_CROWD_BACKEND-2__HLSLPERF_CROWD_TILE_BINS-512__HLSLPERF_CROWD_TILE_REPLICAS-2__HLSLPERF_CROWD_TILE_SIZE-16__HLSLPERF_ELEMENTS_PER_THREAD-4__HLSLPERF_GROUP_SIZE-256__HLSLPERF_SCAN_BACKEND-1__HLSLPERF_SINGLE_PASS_GROUPS-256__HLSLPERF_SINGLE_PASS_ITEMS_SCALE-4__HLSLPERF_VECTOR_WIDTH-1__HLSLPERF_WAVE_SIZE-32",true,true,true,"",,,,,,,,4,1.7732,1.8863,0.0355,1774.0101,1.0588,"HLSLPERF_CROWD_BACKEND=2;HLSLPERF_CROWD_TILE_BINS=512;HLSLPERF_CROWD_TILE_REPLICAS=2;HLSLPERF_CROWD_TILE_SIZE=16;HLSLPERF_ELEMENTS_PER_THREAD=4;HLSLPERF_GROUP_SIZE=256;HLSLPERF_SCAN_BACKEND=1;HLSLPERF_SINGLE_PASS_GROUPS=256;HLSLPERF_SINGLE_PASS_ITEMS_SCALE=4;HLSLPERF_VECTOR_WIDTH=1;HLSLPERF_WAVE_SIZE=32","1.7843;1.7454;1.7839;1.7377;1.7357;1.7472;1.812;1.8003;1.7608;1.9607;1.7732",""
"HLSLPERF_CROWD_BACKEND-2__HLSLPERF_CROWD_TILE_BINS-512__HLSLPERF_CROWD_TILE_REPLICAS-1__HLSLPERF_CROWD_TILE_SIZE-16__HLSLPERF_ELEMENTS_PER_THREAD-4__HLSLPERF_GROUP_SIZE-256__HLSLPERF_SCAN_BACKEND-1__HLSLPERF_SINGLE_PASS_GROUPS-128__HLSLPERF_SINGLE_PASS_ITEMS_SCALE-2__HLSLPERF_VECTOR_WIDTH-1__HLSLPERF_WAVE_SIZE-64",true,true,true,"",,,,,,,,4,1.7744,1.8848,0.0293,1772.8004,1.0581,"HLSLPERF_CROWD_BACKEND=2;HLSLPERF_CROWD_TILE_BINS=512;HLSLPERF_CROWD_TILE_REPLICAS=1;HLSLPERF_CROWD_TILE_SIZE=16;HLSLPERF_ELEMENTS_PER_THREAD=4;HLSLPERF_GROUP_SIZE=256;HLSLPERF_SCAN_BACKEND=1;HLSLPERF_SINGLE_PASS_GROUPS=128;HLSLPERF_SINGLE_PASS_ITEMS_SCALE=2;HLSLPERF_VECTOR_WIDTH=1;HLSLPERF_WAVE_SIZE=64","1.7579;1.8553;1.7744;1.7554;1.9144;1.7531;1.7897;1.7416;1.783;1.754;1.8024",""
"HLSLPERF_CROWD_BACKEND-2__HLSLPERF_CROWD_TILE_BINS-512__HLSLPERF_CROWD_TILE_REPLICAS-2__HLSLPERF_CROWD_TILE_SIZE-16__HLSLPERF_ELEMENTS_PER_THREAD-4__HLSLPERF_GROUP_SIZE-256__HLSLPERF_SCAN_BACKEND-1__HLSLPERF_SINGLE_PASS_GROUPS-128__HLSLPERF_SINGLE_PASS_ITEMS_SCALE-2__HLSLPERF_VECTOR_WIDTH-1__HLSLPERF_WAVE_SIZE-64",true,true,true,"",,,,,,,,4,1.7574,1.7921,0.0102,1790.0101,1.0684,"HLSLPERF_CROWD_BACKEND=2;HLSLPERF_CROWD_TILE_BINS=512;HLSLPERF_CROWD_TILE_REPLICAS=2;HLSLPERF_CROWD_TILE_SIZE=16;HLSLPERF_ELEMENTS_PER_THREAD=4;HLSLPERF_GROUP_SIZE=256;HLSLPERF_SCAN_BACKEND=1;HLSLPERF_SINGLE_PASS_GROUPS=128;HLSLPERF_SINGLE_PASS_ITEMS_SCALE=2;HLSLPERF_VECTOR_WIDTH=1;HLSLPERF_WAVE_SIZE=64","1.7948;1.7432;1.7574;1.7399;1.7539;1.7616;1.7591;1.7894;1.7559;1.7802;1.7521",""
"HLSLPERF_CROWD_BACKEND-2__HLSLPERF_CROWD_TILE_BINS-512__HLSLPERF_CROWD_TILE_REPLICAS-1__HLSLPERF_CROWD_TILE_SIZE-16__HLSLPERF_ELEMENTS_PER_THREAD-4__HLSLPERF_GROUP_SIZE-256__HLSLPERF_SCAN_BACKEND-1__HLSLPERF_SINGLE_PASS_GROUPS-256__HLSLPERF_SINGLE_PASS_ITEMS_SCALE-2__HLSLPERF_VECTOR_WIDTH-1__HLSLPERF_WAVE_SIZE-64",true,true,true,"",,,,,,,,4,1.7581,1.8298,0.0195,1789.2872,1.068,"HLSLPERF_CROWD_BACKEND=2;HLSLPERF_CROWD_TILE_BINS=512;HLSLPERF_CROWD_TILE_REPLICAS=1;HLSLPERF_CROWD_TILE_SIZE=16;HLSLPERF_ELEMENTS_PER_THREAD=4;HLSLPERF_GROUP_SIZE=256;HLSLPERF_SCAN_BACKEND=1;HLSLPERF_SINGLE_PASS_GROUPS=256;HLSLPERF_SINGLE_PASS_ITEMS_SCALE=2;HLSLPERF_VECTOR_WIDTH=1;HLSLPERF_WAVE_SIZE=64","1.8628;1.7807;1.7493;1.7533;1.7741;1.7452;1.7918;1.7518;1.7969;1.7505;1.7581",""
"HLSLPERF_CROWD_BACKEND-2__HLSLPERF_CROWD_TILE_BINS-512__HLSLPERF_CROWD_TILE_REPLICAS-2__HLSLPERF_CROWD_TILE_SIZE-16__HLSLPERF_ELEMENTS_PER_THREAD-4__HLSLPERF_GROUP_SIZE-256__HLSLPERF_SCAN_BACKEND-1__HLSLPERF_SINGLE_PASS_GROUPS-256__HLSLPERF_SINGLE_PASS_ITEMS_SCALE-2__HLSLPERF_VECTOR_WIDTH-1__HLSLPERF_WAVE_SIZE-64",true,true,true,"",,,,,,,,4,1.76,1.8108,0.0152,1787.3658,1.0668,"HLSLPERF_CROWD_BACKEND=2;HLSLPERF_CROWD_TILE_BINS=512;HLSLPERF_CROWD_TILE_REPLICAS=2;HLSLPERF_CROWD_TILE_SIZE=16;HLSLPERF_ELEMENTS_PER_THREAD=4;HLSLPERF_GROUP_SIZE=256;HLSLPERF_SCAN_BACKEND=1;HLSLPERF_SINGLE_PASS_GROUPS=256;HLSLPERF_SINGLE_PASS_ITEMS_SCALE=2;HLSLPERF_VECTOR_WIDTH=1;HLSLPERF_WAVE_SIZE=64","1.7536;1.7425;1.7488;1.773;1.76;1.7984;1.7545;1.7964;1.7503;1.798;1.8232",""
"HLSLPERF_CROWD_BACKEND-2__HLSLPERF_CROWD_TILE_BINS-512__HLSLPERF_CROWD_TILE_REPLICAS-1__HLSLPERF_CROWD_TILE_SIZE-16__HLSLPERF_ELEMENTS_PER_THREAD-4__HLSLPERF_GROUP_SIZE-256__HLSLPERF_SCAN_BACKEND-1__HLSLPERF_SINGLE_PASS_GROUPS-128__HLSLPERF_SINGLE_PASS_ITEMS_SCALE-4__HLSLPERF_VECTOR_WIDTH-1__HLSLPERF_WAVE_SIZE-64",true,true,true,"",,,,,,,,4,1.743,1.7793,0.0108,1804.8194,1.0772,"HLSLPERF_CROWD_BACKEND=2;HLSLPERF_CROWD_TILE_BINS=512;HLSLPERF_CROWD_TILE_REPLICAS=1;HLSLPERF_CROWD_TILE_SIZE=16;HLSLPERF_ELEMENTS_PER_THREAD=4;HLSLPERF_GROUP_SIZE=256;HLSLPERF_SCAN_BACKEND=1;HLSLPERF_SINGLE_PASS_GROUPS=128;HLSLPERF_SINGLE_PASS_ITEMS_SCALE=4;HLSLPERF_VECTOR_WIDTH=1;HLSLPERF_WAVE_SIZE=64","1.7374;1.7283;1.7441;1.7478;1.759;1.7341;1.7899;1.7387;1.7686;1.743;1.7267",""
"HLSLPERF_CROWD_BACKEND-2__HLSLPERF_CROWD_TILE_BINS-512__HLSLPERF_CROWD_TILE_REPLICAS-2__HLSLPERF_CROWD_TILE_SIZE-16__HLSLPERF_ELEMENTS_PER_THREAD-4__HLSLPERF_GROUP_SIZE-256__HLSLPERF_SCAN_BACKEND-1__HLSLPERF_SINGLE_PASS_GROUPS-128__HLSLPERF_SINGLE_PASS_ITEMS_SCALE-4__HLSLPERF_VECTOR_WIDTH-1__HLSLPERF_WAVE_SIZE-64",true,true,true,"",,,,,,,,4,1.751,1.7911,0.0121,1796.5015,1.0723,"HLSLPERF_CROWD_BACKEND=2;HLSLPERF_CROWD_TILE_BINS=512;HLSLPERF_CROWD_TILE_REPLICAS=2;HLSLPERF_CROWD_TILE_SIZE=16;HLSLPERF_ELEMENTS_PER_THREAD=4;HLSLPERF_GROUP_SIZE=256;HLSLPERF_SCAN_BACKEND=1;HLSLPERF_SINGLE_PASS_GROUPS=128;HLSLPERF_SINGLE_PASS_ITEMS_SCALE=4;HLSLPERF_VECTOR_WIDTH=1;HLSLPERF_WAVE_SIZE=64","1.7358;1.751;1.7301;1.7909;1.7432;1.7914;1.7427;1.776;1.7696;1.7627;1.7496",""
"HLSLPERF_CROWD_BACKEND-2__HLSLPERF_CROWD_TILE_BINS-512__HLSLPERF_CROWD_TILE_REPLICAS-1__HLSLPERF_CROWD_TILE_SIZE-16__HLSLPERF_ELEMENTS_PER_THREAD-4__HLSLPERF_GROUP_SIZE-256__HLSLPERF_SCAN_BACKEND-1__HLSLPERF_SINGLE_PASS_GROUPS-256__HLSLPERF_SINGLE_PASS_ITEMS_SCALE-4__HLSLPERF_VECTOR_WIDTH-1__HLSLPERF_WAVE_SIZE-64",true,true,true,"",,,,,,,,4,1.7426,1.8595,0.0295,1805.1819,1.0775,"HLSLPERF_CROWD_BACKEND=2;HLSLPERF_CROWD_TILE_BINS=512;HLSLPERF_CROWD_TILE_REPLICAS=1;HLSLPERF_CROWD_TILE_SIZE=16;HLSLPERF_ELEMENTS_PER_THREAD=4;HLSLPERF_GROUP_SIZE=256;HLSLPERF_SCAN_BACKEND=1;HLSLPERF_SINGLE_PASS_GROUPS=256;HLSLPERF_SINGLE_PASS_ITEMS_SCALE=4;HLSLPERF_VECTOR_WIDTH=1;HLSLPERF_WAVE_SIZE=64","1.7225;1.7368;1.7345;1.7426;1.7816;1.7322;1.8275;1.7454;1.8004;1.8914;1.7425",""
"HLSLPERF_CROWD_BACKEND-2__HLSLPERF_CROWD_TILE_BINS-512__HLSLPERF_CROWD_TILE_REPLICAS-2__HLSLPERF_CROWD_TILE_SIZE-16__HLSLPERF_ELEMENTS_PER_THREAD-4__HLSLPERF_GROUP_SIZE-256__HLSLPERF_SCAN_BACKEND-1__HLSLPERF_SINGLE_PASS_GROUPS-256__HLSLPERF_SINGLE_PASS_ITEMS_SCALE-4__HLSLPERF_VECTOR_WIDTH-1__HLSLPERF_WAVE_SIZE-64",true,true,true,"",,,,,,,,4,1.7435,1.8673,0.0299,1804.2294,1.0769,"HLSLPERF_CROWD_BACKEND=2;HLSLPERF_CROWD_TILE_BINS=512;HLSLPERF_CROWD_TILE_REPLICAS=2;HLSLPERF_CROWD_TILE_SIZE=16;HLSLPERF_ELEMENTS_PER_THREAD=4;HLSLPERF_GROUP_SIZE=256;HLSLPERF_SCAN_BACKEND=1;HLSLPERF_SINGLE_PASS_GROUPS=256;HLSLPERF_SINGLE_PASS_ITEMS_SCALE=4;HLSLPERF_VECTOR_WIDTH=1;HLSLPERF_WAVE_SIZE=64","1.7405;1.8558;1.7435;1.8235;1.8787;1.7832;1.7374;1.7545;1.7388;1.7308;1.7415",""
"HLSLPERF_CROWD_BACKEND-2__HLSLPERF_CROWD_TILE_BINS-512__HLSLPERF_CROWD_TILE_REPLICAS-1__HLSLPERF_CROWD_TILE_SIZE-16__HLSLPERF_ELEMENTS_PER_THREAD-4__HLSLPERF_GROUP_SIZE-256__HLSLPERF_SCAN_BACKEND-1__HLSLPERF_SINGLE_PASS_GROUPS-128__HLSLPERF_SINGLE_PASS_ITEMS_SCALE-2__HLSLPERF_VECTOR_WIDTH-4__HLSLPERF_WAVE_SIZE-32",true,true,true,"",,,,,,,,4,1.7585,1.8059,0.0131,1788.8395,1.0677,"HLSLPERF_CROWD_BACKEND=2;HLSLPERF_CROWD_TILE_BINS=512;HLSLPERF_CROWD_TILE_REPLICAS=1;HLSLPERF_CROWD_TILE_SIZE=16;HLSLPERF_ELEMENTS_PER_THREAD=4;HLSLPERF_GROUP_SIZE=256;HLSLPERF_SCAN_BACKEND=1;HLSLPERF_SINGLE_PASS_GROUPS=128;HLSLPERF_SINGLE_PASS_ITEMS_SCALE=2;HLSLPERF_VECTOR_WIDTH=4;HLSLPERF_WAVE_SIZE=32","1.8036;1.7556;1.791;1.7585;1.7816;1.7503;1.7511;1.7593;1.7497;1.8082;1.7453",""
"HLSLPERF_CROWD_BACKEND-2__HLSLPERF_CROWD_TILE_BINS-512__HLSLPERF_CROWD_TILE_REPLICAS-2__HLSLPERF_CROWD_TILE_SIZE-16__HLSLPERF_ELEMENTS_PER_THREAD-4__HLSLPERF_GROUP_SIZE-256__HLSLPERF_SCAN_BACKEND-1__HLSLPERF_SINGLE_PASS_GROUPS-128__HLSLPERF_SINGLE_PASS_ITEMS_SCALE-2__HLSLPERF_VECTOR_WIDTH-4__HLSLPERF_WAVE_SIZE-32",true,true,true,"",,,,,,,,4,1.7524,1.8062,0.0146,1795.1175,1.0714,"HLSLPERF_CROWD_BACKEND=2;HLSLPERF_CROWD_TILE_BINS=512;HLSLPERF_CROWD_TILE_REPLICAS=2;HLSLPERF_CROWD_TILE_SIZE=16;HLSLPERF_ELEMENTS_PER_THREAD=4;HLSLPERF_GROUP_SIZE=256;HLSLPERF_SCAN_BACKEND=1;HLSLPERF_SINGLE_PASS_GROUPS=128;HLSLPERF_SINGLE_PASS_ITEMS_SCALE=2;HLSLPERF_VECTOR_WIDTH=4;HLSLPERF_WAVE_SIZE=32","1.7473;1.8046;1.7498;1.7572;1.7434;1.7471;1.7524;1.7475;1.7924;1.7922;1.8079",""
"HLSLPERF_CROWD_BACKEND-2__HLSLPERF_CROWD_TILE_BINS-512__HLSLPERF_CROWD_TILE_REPLICAS-1__HLSLPERF_CROWD_TILE_SIZE-16__HLSLPERF_ELEMENTS_PER_THREAD-4__HLSLPERF_GROUP_SIZE-256__HLSLPERF_SCAN_BACKEND-1__HLSLPERF_SINGLE_PASS_GROUPS-256__HLSLPERF_SINGLE_PASS_ITEMS_SCALE-2__HLSLPERF_VECTOR_WIDTH-4__HLSLPERF_WAVE_SIZE-32",true,true,true,"",,,,,,,,4,1.7504,1.8017,0.0149,1797.1891,1.0727,"HLSLPERF_CROWD_BACKEND=2;HLSLPERF_CROWD_TILE_BINS=512;HLSLPERF_CROWD_TILE_REPLICAS=1;HLSLPERF_CROWD_TILE_SIZE=16;HLSLPERF_ELEMENTS_PER_THREAD=4;HLSLPERF_GROUP_SIZE=256;HLSLPERF_SCAN_BACKEND=1;HLSLPERF_SINGLE_PASS_GROUPS=256;HLSLPERF_SINGLE_PASS_ITEMS_SCALE=2;HLSLPERF_VECTOR_WIDTH=4;HLSLPERF_WAVE_SIZE=32","1.7808;1.7401;1.7889;1.7364;1.7474;1.7399;1.7415;1.7504;1.8118;1.7915;1.7536",""
"HLSLPERF_CROWD_BACKEND-2__HLSLPERF_CROWD_TILE_BINS-512__HLSLPERF_CROWD_TILE_REPLICAS-2__HLSLPERF_CROWD_TILE_SIZE-16__HLSLPERF_ELEMENTS_PER_THREAD-4__HLSLPERF_GROUP_SIZE-256__HLSLPERF_SCAN_BACKEND-1__HLSLPERF_SINGLE_PASS_GROUPS-256__HLSLPERF_SINGLE_PASS_ITEMS_SCALE-2__HLSLPERF_VECTOR_WIDTH-4__HLSLPERF_WAVE_SIZE-32",true,true,true,"",,,,,,,,4,1.7505,1.8329,0.0199,1797.0249,1.0726,"HLSLPERF_CROWD_BACKEND=2;HLSLPERF_CROWD_TILE_BINS=512;HLSLPERF_CROWD_TILE_REPLICAS=2;HLSLPERF_CROWD_TILE_SIZE=16;HLSLPERF_ELEMENTS_PER_THREAD=4;HLSLPERF_GROUP_SIZE=256;HLSLPERF_SCAN_BACKEND=1;HLSLPERF_SINGLE_PASS_GROUPS=256;HLSLPERF_SINGLE_PASS_ITEMS_SCALE=2;HLSLPERF_VECTOR_WIDTH=4;HLSLPERF_WAVE_SIZE=32","1.7471;1.7932;1.7434;1.7631;1.7428;1.7452;1.7505;1.7404;1.8374;1.7614;1.8284",""
"HLSLPERF_CROWD_BACKEND-2__HLSLPERF_CROWD_TILE_BINS-512__HLSLPERF_CROWD_TILE_REPLICAS-1__HLSLPERF_CROWD_TILE_SIZE-16__HLSLPERF_ELEMENTS_PER_THREAD-4__HLSLPERF_GROUP_SIZE-256__HLSLPERF_SCAN_BACKEND-1__HLSLPERF_SINGLE_PASS_GROUPS-128__HLSLPERF_SINGLE_PASS_ITEMS_SCALE-4__HLSLPERF_VECTOR_WIDTH-4__HLSLPERF_WAVE_SIZE-32",true,true,true,"",,,,,,,,4,1.7485,1.7904,0.0121,1799.1009,1.0738,"HLSLPERF_CROWD_BACKEND=2;HLSLPERF_CROWD_TILE_BINS=512;HLSLPERF_CROWD_TILE_REPLICAS=1;HLSLPERF_CROWD_TILE_SIZE=16;HLSLPERF_ELEMENTS_PER_THREAD=4;HLSLPERF_GROUP_SIZE=256;HLSLPERF_SCAN_BACKEND=1;HLSLPERF_SINGLE_PASS_GROUPS=128;HLSLPERF_SINGLE_PASS_ITEMS_SCALE=4;HLSLPERF_VECTOR_WIDTH=4;HLSLPERF_WAVE_SIZE=32","1.7503;1.7999;1.7433;1.7565;1.7313;1.7369;1.7485;1.7424;1.7809;1.7371;1.7706",""
"HLSLPERF_CROWD_BACKEND-2__HLSLPERF_CROWD_TILE_BINS-512__HLSLPERF_CROWD_TILE_REPLICAS-2__HLSLPERF_CROWD_TILE_SIZE-16__HLSLPERF_ELEMENTS_PER_THREAD-4__HLSLPERF_GROUP_SIZE-256__HLSLPERF_SCAN_BACKEND-1__HLSLPERF_SINGLE_PASS_GROUPS-128__HLSLPERF_SINGLE_PASS_ITEMS_SCALE-4__HLSLPERF_VECTOR_WIDTH-4__HLSLPERF_WAVE_SIZE-32",true,true,true,"",,,,,,,,4,1.7527,1.7971,0.0112,1794.7693,1.0712,"HLSLPERF_CROWD_BACKEND=2;HLSLPERF_CROWD_TILE_BINS=512;HLSLPERF_CROWD_TILE_REPLICAS=2;HLSLPERF_CROWD_TILE_SIZE=16;HLSLPERF_ELEMENTS_PER_THREAD=4;HLSLPERF_GROUP_SIZE=256;HLSLPERF_SCAN_BACKEND=1;HLSLPERF_SINGLE_PASS_GROUPS=128;HLSLPERF_SINGLE_PASS_ITEMS_SCALE=4;HLSLPERF_VECTOR_WIDTH=4;HLSLPERF_WAVE_SIZE=32","1.7813;1.7527;1.8035;1.7499;1.7494;1.7478;1.749;1.7677;1.7492;1.7907;1.7564",""
"HLSLPERF_CROWD_BACKEND-2__HLSLPERF_CROWD_TILE_BINS-512__HLSLPERF_CROWD_TILE_REPLICAS-1__HLSLPERF_CROWD_TILE_SIZE-16__HLSLPERF_ELEMENTS_PER_THREAD-4__HLSLPERF_GROUP_SIZE-256__HLSLPERF_SCAN_BACKEND-1__HLSLPERF_SINGLE_PASS_GROUPS-256__HLSLPERF_SINGLE_PASS_ITEMS_SCALE-4__HLSLPERF_VECTOR_WIDTH-4__HLSLPERF_WAVE_SIZE-32",true,true,true,"",,,,,,,,4,1.7666,1.8774,0.029,1780.6276,1.0628,"HLSLPERF_CROWD_BACKEND=2;HLSLPERF_CROWD_TILE_BINS=512;HLSLPERF_CROWD_TILE_REPLICAS=1;HLSLPERF_CROWD_TILE_SIZE=16;HLSLPERF_ELEMENTS_PER_THREAD=4;HLSLPERF_GROUP_SIZE=256;HLSLPERF_SCAN_BACKEND=1;HLSLPERF_SINGLE_PASS_GROUPS=256;HLSLPERF_SINGLE_PASS_ITEMS_SCALE=4;HLSLPERF_VECTOR_WIDTH=4;HLSLPERF_WAVE_SIZE=32","1.754;1.7666;1.747;1.7487;1.7686;1.7453;1.8328;1.7512;1.8089;1.8841;1.8708",""
"HLSLPERF_CROWD_BACKEND-2__HLSLPERF_CROWD_TILE_BINS-512__HLSLPERF_CROWD_TILE_REPLICAS-2__HLSLPERF_CROWD_TILE_SIZE-16__HLSLPERF_ELEMENTS_PER_THREAD-4__HLSLPERF_GROUP_SIZE-256__HLSLPERF_SCAN_BACKEND-1__HLSLPERF_SINGLE_PASS_GROUPS-256__HLSLPERF_SINGLE_PASS_ITEMS_SCALE-4__HLSLPERF_VECTOR_WIDTH-4__HLSLPERF_WAVE_SIZE-32",true,true,true,"",,,,,,,,4,1.7627,1.8231,0.016,1784.5875,1.0652,"HLSLPERF_CROWD_BACKEND=2;HLSLPERF_CROWD_TILE_BINS=512;HLSLPERF_CROWD_TILE_REPLICAS=2;HLSLPERF_CROWD_TILE_SIZE=16;HLSLPERF_ELEMENTS_PER_THREAD=4;HLSLPERF_GROUP_SIZE=256;HLSLPERF_SCAN_BACKEND=1;HLSLPERF_SINGLE_PASS_GROUPS=256;HLSLPERF_SINGLE_PASS_ITEMS_SCALE=4;HLSLPERF_VECTOR_WIDTH=4;HLSLPERF_WAVE_SIZE=32","1.7858;1.7498;1.7884;1.7552;1.7439;1.7504;1.7564;1.7627;1.8217;1.8246;1.7747",""
"HLSLPERF_CROWD_BACKEND-2__HLSLPERF_CROWD_TILE_BINS-512__HLSLPERF_CROWD_TILE_REPLICAS-1__HLSLPERF_CROWD_TILE_SIZE-16__HLSLPERF_ELEMENTS_PER_THREAD-4__HLSLPERF_GROUP_SIZE-256__HLSLPERF_SCAN_BACKEND-1__HLSLPERF_SINGLE_PASS_GROUPS-128__HLSLPERF_SINGLE_PASS_ITEMS_SCALE-2__HLSLPERF_VECTOR_WIDTH-4__HLSLPERF_WAVE_SIZE-64",true,true,true,"",,,,,,,,4,1.765,1.941,0.0522,1782.3326,1.0638,"HLSLPERF_CROWD_BACKEND=2;HLSLPERF_CROWD_TILE_BINS=512;HLSLPERF_CROWD_TILE_REPLICAS=1;HLSLPERF_CROWD_TILE_SIZE=16;HLSLPERF_ELEMENTS_PER_THREAD=4;HLSLPERF_GROUP_SIZE=256;HLSLPERF_SCAN_BACKEND=1;HLSLPERF_SINGLE_PASS_GROUPS=128;HLSLPERF_SINGLE_PASS_ITEMS_SCALE=2;HLSLPERF_VECTOR_WIDTH=4;HLSLPERF_WAVE_SIZE=64","1.7491;1.8109;1.7468;1.7871;1.7494;1.765;1.7512;1.7634;1.7804;1.7676;2.0712",""
"HLSLPERF_CROWD_BACKEND-2__HLSLPERF_CROWD_TILE_BINS-512__HLSLPERF_CROWD_TILE_REPLICAS-2__HLSLPERF_CROWD_TILE_SIZE-16__HLSLPERF_ELEMENTS_PER_THREAD-4__HLSLPERF_GROUP_SIZE-256__HLSLPERF_SCAN_BACKEND-1__HLSLPERF_SINGLE_PASS_GROUPS-128__HLSLPERF_SINGLE_PASS_ITEMS_SCALE-2__HLSLPERF_VECTOR_WIDTH-4__HLSLPERF_WAVE_SIZE-64",true,true,true,"",,,,,,,,4,1.777,1.8576,0.0212,1770.2564,1.0566,"HLSLPERF_CROWD_BACKEND=2;HLSLPERF_CROWD_TILE_BINS=512;HLSLPERF_CROWD_TILE_REPLICAS=2;HLSLPERF_CROWD_TILE_SIZE=16;HLSLPERF_ELEMENTS_PER_THREAD=4;HLSLPERF_GROUP_SIZE=256;HLSLPERF_SCAN_BACKEND=1;HLSLPERF_SINGLE_PASS_GROUPS=128;HLSLPERF_SINGLE_PASS_ITEMS_SCALE=2;HLSLPERF_VECTOR_WIDTH=4;HLSLPERF_WAVE_SIZE=64","1.763;1.749;1.7835;1.7489;1.8569;1.7725;1.8066;1.8583;1.7854;1.771;1.777",""
"HLSLPERF_CROWD_BACKEND-2__HLSLPERF_CROWD_TILE_BINS-512__HLSLPERF_CROWD_TILE_REPLICAS-1__HLSLPERF_CROWD_TILE_SIZE-16__HLSLPERF_ELEMENTS_PER_THREAD-4__HLSLPERF_GROUP_SIZE-256__HLSLPERF_SCAN_BACKEND-1__HLSLPERF_SINGLE_PASS_GROUPS-256__HLSLPERF_SINGLE_PASS_ITEMS_SCALE-2__HLSLPERF_VECTOR_WIDTH-4__HLSLPERF_WAVE_SIZE-64",true,true,true,"",,,,,,,,4,1.7655,1.8059,0.0111,1781.8279,1.0635,"HLSLPERF_CROWD_BACKEND=2;HLSLPERF_CROWD_TILE_BINS=512;HLSLPERF_CROWD_TILE_REPLICAS=1;HLSLPERF_CROWD_TILE_SIZE=16;HLSLPERF_ELEMENTS_PER_THREAD=4;HLSLPERF_GROUP_SIZE=256;HLSLPERF_SCAN_BACKEND=1;HLSLPERF_SINGLE_PASS_GROUPS=256;HLSLPERF_SINGLE_PASS_ITEMS_SCALE=2;HLSLPERF_VECTOR_WIDTH=4;HLSLPERF_WAVE_SIZE=64","1.7821;1.7607;1.769;1.7655;1.7646;1.7924;1.7537;1.8037;1.7628;1.808;1.7515",""
"HLSLPERF_CROWD_BACKEND-2__HLSLPERF_CROWD_TILE_BINS-512__HLSLPERF_CROWD_TILE_REPLICAS-2__HLSLPERF_CROWD_TILE_SIZE-16__HLSLPERF_ELEMENTS_PER_THREAD-4__HLSLPERF_GROUP_SIZE-256__HLSLPERF_SCAN_BACKEND-1__HLSLPERF_SINGLE_PASS_GROUPS-256__HLSLPERF_SINGLE_PASS_ITEMS_SCALE-2__HLSLPERF_VECTOR_WIDTH-4__HLSLPERF_WAVE_SIZE-64",true,true,true,"",,,,,,,,4,1.7611,1.8291,0.0183,1786.2696,1.0662,"HLSLPERF_CROWD_BACKEND=2;HLSLPERF_CROWD_TILE_BINS=512;HLSLPERF_CROWD_TILE_REPLICAS=2;HLSLPERF_CROWD_TILE_SIZE=16;HLSLPERF_ELEMENTS_PER_THREAD=4;HLSLPERF_GROUP_SIZE=256;HLSLPERF_SCAN_BACKEND=1;HLSLPERF_SINGLE_PASS_GROUPS=256;HLSLPERF_SINGLE_PASS_ITEMS_SCALE=2;HLSLPERF_VECTOR_WIDTH=4;HLSLPERF_WAVE_SIZE=64","1.7611;1.7569;1.7507;1.7528;1.7756;1.7365;1.813;1.7438;1.8452;1.7743;1.7866",""
"HLSLPERF_CROWD_BACKEND-2__HLSLPERF_CROWD_TILE_BINS-512__HLSLPERF_CROWD_TILE_REPLICAS-1__HLSLPERF_CROWD_TILE_SIZE-16__HLSLPERF_ELEMENTS_PER_THREAD-4__HLSLPERF_GROUP_SIZE-256__HLSLPERF_SCAN_BACKEND-1__HLSLPERF_SINGLE_PASS_GROUPS-128__HLSLPERF_SINGLE_PASS_ITEMS_SCALE-4__HLSLPERF_VECTOR_WIDTH-4__HLSLPERF_WAVE_SIZE-64",true,true,true,"",,,,,,,,4,1.747,1.7824,0.0102,1800.6869,1.0748,"HLSLPERF_CROWD_BACKEND=2;HLSLPERF_CROWD_TILE_BINS=512;HLSLPERF_CROWD_TILE_REPLICAS=1;HLSLPERF_CROWD_TILE_SIZE=16;HLSLPERF_ELEMENTS_PER_THREAD=4;HLSLPERF_GROUP_SIZE=256;HLSLPERF_SCAN_BACKEND=1;HLSLPERF_SINGLE_PASS_GROUPS=128;HLSLPERF_SINGLE_PASS_ITEMS_SCALE=4;HLSLPERF_VECTOR_WIDTH=4;HLSLPERF_WAVE_SIZE=64","1.7884;1.7346;1.7563;1.7407;1.7454;1.7607;1.7393;1.7765;1.745;1.7761;1.747",""
"HLSLPERF_CROWD_BACKEND-2__HLSLPERF_CROWD_TILE_BINS-512__HLSLPERF_CROWD_TILE_REPLICAS-2__HLSLPERF_CROWD_TILE_SIZE-16__HLSLPERF_ELEMENTS_PER_THREAD-4__HLSLPERF_GROUP_SIZE-256__HLSLPERF_SCAN_BACKEND-1__HLSLPERF_SINGLE_PASS_GROUPS-128__HLSLPERF_SINGLE_PASS_ITEMS_SCALE-4__HLSLPERF_VECTOR_WIDTH-4__HLSLPERF_WAVE_SIZE-64",true,true,true,"",,,,,,,,4,1.7585,1.8383,0.0198,1788.9108,1.0677,"HLSLPERF_CROWD_BACKEND=2;HLSLPERF_CROWD_TILE_BINS=512;HLSLPERF_CROWD_TILE_REPLICAS=2;HLSLPERF_CROWD_TILE_SIZE=16;HLSLPERF_ELEMENTS_PER_THREAD=4;HLSLPERF_GROUP_SIZE=256;HLSLPERF_SCAN_BACKEND=1;HLSLPERF_SINGLE_PASS_GROUPS=128;HLSLPERF_SINGLE_PASS_ITEMS_SCALE=4;HLSLPERF_VECTOR_WIDTH=4;HLSLPERF_WAVE_SIZE=64","1.7511;1.765;1.7543;1.7431;1.7598;1.7514;1.7795;1.7453;1.8514;1.7585;1.8252",""
"HLSLPERF_CROWD_BACKEND-2__HLSLPERF_CROWD_TILE_BINS-512__HLSLPERF_CROWD_TILE_REPLICAS-1__HLSLPERF_CROWD_TILE_SIZE-16__HLSLPERF_ELEMENTS_PER_THREAD-4__HLSLPERF_GROUP_SIZE-256__HLSLPERF_SCAN_BACKEND-1__HLSLPERF_SINGLE_PASS_GROUPS-256__HLSLPERF_SINGLE_PASS_ITEMS_SCALE-4__HLSLPERF_VECTOR_WIDTH-4__HLSLPERF_WAVE_SIZE-64",true,true,true,"",,,,,,,,4,1.7589,1.8164,0.0177,1788.5039,1.0675,"HLSLPERF_CROWD_BACKEND=2;HLSLPERF_CROWD_TILE_BINS=512;HLSLPERF_CROWD_TILE_REPLICAS=1;HLSLPERF_CROWD_TILE_SIZE=16;HLSLPERF_ELEMENTS_PER_THREAD=4;HLSLPERF_GROUP_SIZE=256;HLSLPERF_SCAN_BACKEND=1;HLSLPERF_SINGLE_PASS_GROUPS=256;HLSLPERF_SINGLE_PASS_ITEMS_SCALE=4;HLSLPERF_VECTOR_WIDTH=4;HLSLPERF_WAVE_SIZE=64","1.7864;1.7337;1.7602;1.7359;1.7437;1.7347;1.7465;1.7839;1.8129;1.8198;1.7589",""
"HLSLPERF_CROWD_BACKEND-2__HLSLPERF_CROWD_TILE_BINS-512__HLSLPERF_CROWD_TILE_REPLICAS-2__HLSLPERF_CROWD_TILE_SIZE-16__HLSLPERF_ELEMENTS_PER_THREAD-4__HLSLPERF_GROUP_SIZE-256__HLSLPERF_SCAN_BACKEND-1__HLSLPERF_SINGLE_PASS_GROUPS-256__HLSLPERF_SINGLE_PASS_ITEMS_SCALE-4__HLSLPERF_VECTOR_WIDTH-4__HLSLPERF_WAVE_SIZE-64",true,true,true,"",,,,,,,,4,1.7581,1.7994,0.0148,1789.3279,1.068,"HLSLPERF_CROWD_BACKEND=2;HLSLPERF_CROWD_TILE_BINS=512;HLSLPERF_CROWD_TILE_REPLICAS=2;HLSLPERF_CROWD_TILE_SIZE=16;HLSLPERF_ELEMENTS_PER_THREAD=4;HLSLPERF_GROUP_SIZE=256;HLSLPERF_SCAN_BACKEND=1;HLSLPERF_SINGLE_PASS_GROUPS=256;HLSLPERF_SINGLE_PASS_ITEMS_SCALE=4;HLSLPERF_VECTOR_WIDTH=4;HLSLPERF_WAVE_SIZE=64","1.7367;1.7772;1.7304;1.7858;1.7412;1.7862;1.7364;1.7517;1.8127;1.7581;1.7654",""
"HLSLPERF_CROWD_BACKEND-2__HLSLPERF_CROWD_TILE_BINS-512__HLSLPERF_CROWD_TILE_REPLICAS-1__HLSLPERF_CROWD_TILE_SIZE-16__HLSLPERF_ELEMENTS_PER_THREAD-2__HLSLPERF_GROUP_SIZE-512__HLSLPERF_SCAN_BACKEND-1__HLSLPERF_SINGLE_PASS_GROUPS-128__HLSLPERF_SINGLE_PASS_ITEMS_SCALE-2__HLSLPERF_VECTOR_WIDTH-1__HLSLPERF_WAVE_SIZE-32",true,true,true,"",,,,,,,,4,1.7743,1.832,0.0177,1772.9003,1.0582,"HLSLPERF_CROWD_BACKEND=2;HLSLPERF_CROWD_TILE_BINS=512;HLSLPERF_CROWD_TILE_REPLICAS=1;HLSLPERF_CROWD_TILE_SIZE=16;HLSLPERF_ELEMENTS_PER_THREAD=2;HLSLPERF_GROUP_SIZE=512;HLSLPERF_SCAN_BACKEND=1;HLSLPERF_SINGLE_PASS_GROUPS=128;HLSLPERF_SINGLE_PASS_ITEMS_SCALE=2;HLSLPERF_VECTOR_WIDTH=1;HLSLPERF_WAVE_SIZE=32","1.7588;1.7396;1.7785;1.7452;1.7743;1.798;1.7863;1.7595;1.8202;1.8438;1.7677",""
"HLSLPERF_CROWD_BACKEND-2__HLSLPERF_CROWD_TILE_BINS-512__HLSLPERF_CROWD_TILE_REPLICAS-2__HLSLPERF_CROWD_TILE_SIZE-16__HLSLPERF_ELEMENTS_PER_THREAD-2__HLSLPERF_GROUP_SIZE-512__HLSLPERF_SCAN_BACKEND-1__HLSLPERF_SINGLE_PASS_GROUPS-128__HLSLPERF_SINGLE_PASS_ITEMS_SCALE-2__HLSLPERF_VECTOR_WIDTH-1__HLSLPERF_WAVE_SIZE-32",true,true,true,"",,,,,,,,4,1.751,1.823,0.0197,1796.5117,1.0723,"HLSLPERF_CROWD_BACKEND=2;HLSLPERF_CROWD_TILE_BINS=512;HLSLPERF_CROWD_TILE_REPLICAS=2;HLSLPERF_CROWD_TILE_SIZE=16;HLSLPERF_ELEMENTS_PER_THREAD=2;HLSLPERF_GROUP_SIZE=512;HLSLPERF_SCAN_BACKEND=1;HLSLPERF_SINGLE_PASS_GROUPS=128;HLSLPERF_SINGLE_PASS_ITEMS_SCALE=2;HLSLPERF_VECTOR_WIDTH=1;HLSLPERF_WAVE_SIZE=32","1.7509;1.751;1.7436;1.7792;1.7373;1.7991;1.7377;1.7975;1.7386;1.847;1.7607",""
"HLSLPERF_CROWD_BACKEND-2__HLSLPERF_CROWD_TILE_BINS-512__HLSLPERF_CROWD_TILE_REPLICAS-1__HLSLPERF_CROWD_TILE_SIZE-16__HLSLPERF_ELEMENTS_PER_THREAD-2__HLSLPERF_GROUP_SIZE-512__HLSLPERF_SCAN_BACKEND-1__HLSLPERF_SINGLE_PASS_GROUPS-256__HLSLPERF_SINGLE_PASS_ITEMS_SCALE-2__HLSLPERF_VECTOR_WIDTH-1__HLSLPERF_WAVE_SIZE-32",true,true,true,"",,,,,,,,4,1.7571,1.8254,0.0192,1790.275,1.0686,"HLSLPERF_CROWD_BACKEND=2;HLSLPERF_CROWD_TILE_BINS=512;HLSLPERF_CROWD_TILE_REPLICAS=1;HLSLPERF_CROWD_TILE_SIZE=16;HLSLPERF_ELEMENTS_PER_THREAD=2;HLSLPERF_GROUP_SIZE=512;HLSLPERF_SCAN_BACKEND=1;HLSLPERF_SINGLE_PASS_GROUPS=256;HLSLPERF_SINGLE_PASS_ITEMS_SCALE=2;HLSLPERF_VECTOR_WIDTH=1;HLSLPERF_WAVE_SIZE=32","1.7433;1.7868;1.7571;1.7407;1.7436;1.7423;1.7867;1.7486;1.801;1.7651;1.8498",""
"HLSLPERF_CROWD_BACKEND-2__HLSLPERF_CROWD_TILE_BINS-512__HLSLPERF_CROWD_TILE_REPLICAS-2__HLSLPERF_CROWD_TILE_SIZE-16__HLSLPERF_ELEMENTS_PER_THREAD-2__HLSLPERF_GROUP_SIZE-512__HLSLPERF_SCAN_BACKEND-1__HLSLPERF_SINGLE_PASS_GROUPS-256__HLSLPERF_SINGLE_PASS_ITEMS_SCALE-2__HLSLPERF_VECTOR_WIDTH-1__HLSLPERF_WAVE_SIZE-32",true,true,true,"",,,,,,,,4,1.756,1.7993,0.0136,1791.4373,1.0692,"HLSLPERF_CROWD_BACKEND=2;HLSLPERF_CROWD_TILE_BINS=512;HLSLPERF_CROWD_TILE_REPLICAS=2;HLSLPERF_CROWD_TILE_SIZE=16;HLSLPERF_ELEMENTS_PER_THREAD=2;HLSLPERF_GROUP_SIZE=512;HLSLPERF_SCAN_BACKEND=1;HLSLPERF_SINGLE_PASS_GROUPS=256;HLSLPERF_SINGLE_PASS_ITEMS_SCALE=2;HLSLPERF_VECTOR_WIDTH=1;HLSLPERF_WAVE_SIZE=32","1.7589;1.7947;1.756;1.7515;1.7429;1.7324;1.781;1.7367;1.8038;1.7438;1.7774",""
"HLSLPERF_CROWD_BACKEND-2__HLSLPERF_CROWD_TILE_BINS-512__HLSLPERF_CROWD_TILE_REPLICAS-1__HLSLPERF_CROWD_TILE_SIZE-16__HLSLPERF_ELEMENTS_PER_THREAD-2__HLSLPERF_GROUP_SIZE-512__HLSLPERF_SCAN_BACKEND-1__HLSLPERF_SINGLE_PASS_GROUPS-128__HLSLPERF_SINGLE_PASS_ITEMS_SCALE-4__HLSLPERF_VECTOR_WIDTH-1__HLSLPERF_WAVE_SIZE-32",true,true,true,"",,,,,,,,4,1.7553,1.8631,0.0278,1792.1823,1.0697,"HLSLPERF_CROWD_BACKEND=2;HLSLPERF_CROWD_TILE_BINS=512;HLSLPERF_CROWD_TILE_REPLICAS=1;HLSLPERF_CROWD_TILE_SIZE=16;HLSLPERF_ELEMENTS_PER_THREAD=2;HLSLPERF_GROUP_SIZE=512;HLSLPERF_SCAN_BACKEND=1;HLSLPERF_SINGLE_PASS_GROUPS=128;HLSLPERF_SINGLE_PASS_ITEMS_SCALE=4;HLSLPERF_VECTOR_WIDTH=1;HLSLPERF_WAVE_SIZE=32","1.7859;1.7442;1.7845;1.7337;1.7227;1.7431;1.7429;1.862;1.7553;1.8038;1.8642",""
"HLSLPERF_CROWD_BACKEND-2__HLSLPERF_CROWD_TILE_BINS-512__HLSLPERF_CROWD_TILE_REPLICAS-2__HLSLPERF_CROWD_TILE_SIZE-16__HLSLPERF_ELEMENTS_PER_THREAD-2__HLSLPERF_GROUP_SIZE-512__HLSLPERF_SCAN_BACKEND-1__HLSLPERF_SINGLE_PASS_GROUPS-128__HLSLPERF_SINGLE_PASS_ITEMS_SCALE-4__HLSLPERF_VECTOR_WIDTH-1__HLSLPERF_WAVE_SIZE-32",true,true,true,"",,,,,,,,4,1.7528,1.8113,0.019,1794.6874,1.0712,"HLSLPERF_CROWD_BACKEND=2;HLSLPERF_CROWD_TILE_BINS=512;HLSLPERF_CROWD_TILE_REPLICAS=2;HLSLPERF_CROWD_TILE_SIZE=16;HLSLPERF_ELEMENTS_PER_THREAD=2;HLSLPERF_GROUP_SIZE=512;HLSLPERF_SCAN_BACKEND=1;HLSLPERF_SINGLE_PASS_GROUPS=128;HLSLPERF_SINGLE_PASS_ITEMS_SCALE=4;HLSLPERF_VECTOR_WIDTH=1;HLSLPERF_WAVE_SIZE=32","1.746;1.8079;1.7385;1.7827;1.7336;1.7842;1.7318;1.7195;1.8148;1.7528;1.794",""
"HLSLPERF_CROWD_BACKEND-2__HLSLPERF_CROWD_TILE_BINS-512__HLSLPERF_CROWD_TILE_REPLICAS-1__HLSLPERF_CROWD_TILE_SIZE-16__HLSLPERF_ELEMENTS_PER_THREAD-2__HLSLPERF_GROUP_SIZE-512__HLSLPERF_SCAN_BACKEND-1__HLSLPERF_SINGLE_PASS_GROUPS-256__HLSLPERF_SINGLE_PASS_ITEMS_SCALE-4__HLSLPERF_VECTOR_WIDTH-1__HLSLPERF_WAVE_SIZE-32",true,true,true,"",,,,,,,,4,1.7933,1.9126,0.035,1754.1462,1.047,"HLSLPERF_CROWD_BACKEND=2;HLSLPERF_CROWD_TILE_BINS=512;HLSLPERF_CROWD_TILE_REPLICAS=1;HLSLPERF_CROWD_TILE_SIZE=16;HLSLPERF_ELEMENTS_PER_THREAD=2;HLSLPERF_GROUP_SIZE=512;HLSLPERF_SCAN_BACKEND=1;HLSLPERF_SINGLE_PASS_GROUPS=256;HLSLPERF_SINGLE_PASS_ITEMS_SCALE=4;HLSLPERF_VECTOR_WIDTH=1;HLSLPERF_WAVE_SIZE=32","1.7982;1.7578;1.9047;1.7483;1.8191;1.8495;1.7933;1.7578;1.7524;1.9206;1.7442",""
"HLSLPERF_CROWD_BACKEND-2__HLSLPERF_CROWD_TILE_BINS-512__HLSLPERF_CROWD_TILE_REPLICAS-2__HLSLPERF_CROWD_TILE_SIZE-16__HLSLPERF_ELEMENTS_PER_THREAD-2__HLSLPERF_GROUP_SIZE-512__HLSLPERF_SCAN_BACKEND-1__HLSLPERF_SINGLE_PASS_GROUPS-256__HLSLPERF_SINGLE_PASS_ITEMS_SCALE-4__HLSLPERF_VECTOR_WIDTH-1__HLSLPERF_WAVE_SIZE-32",true,true,true,"",,,,,,,,4,1.7439,1.8605,0.028,1803.8776,1.0767,"HLSLPERF_CROWD_BACKEND=2;HLSLPERF_CROWD_TILE_BINS=512;HLSLPERF_CROWD_TILE_REPLICAS=2;HLSLPERF_CROWD_TILE_SIZE=16;HLSLPERF_ELEMENTS_PER_THREAD=2;HLSLPERF_GROUP_SIZE=512;HLSLPERF_SCAN_BACKEND=1;HLSLPERF_SINGLE_PASS_GROUPS=256;HLSLPERF_SINGLE_PASS_ITEMS_SCALE=4;HLSLPERF_VECTOR_WIDTH=1;HLSLPERF_WAVE_SIZE=32","1.7347;1.8317;1.7439;1.7996;1.8894;1.7794;1.7392;1.7799;1.738;1.7391;1.7405",""
"HLSLPERF_CROWD_BACKEND-2__HLSLPERF_CROWD_TILE_BINS-512__HLSLPERF_CROWD_TILE_REPLICAS-1__HLSLPERF_CROWD_TILE_SIZE-16__HLSLPERF_ELEMENTS_PER_THREAD-2__HLSLPERF_GROUP_SIZE-512__HLSLPERF_SCAN_BACKEND-1__HLSLPERF_SINGLE_PASS_GROUPS-128__HLSLPERF_SINGLE_PASS_ITEMS_SCALE-2__HLSLPERF_VECTOR_WIDTH-1__HLSLPERF_WAVE_SIZE-64",true,true,true,"",,,,,,,,4,1.7404,1.7895,0.0119,1807.4534,1.0788,"HLSLPERF_CROWD_BACKEND=2;HLSLPERF_CROWD_TILE_BINS=512;HLSLPERF_CROWD_TILE_REPLICAS=1;HLSLPERF_CROWD_TILE_SIZE=16;HLSLPERF_ELEMENTS_PER_THREAD=2;HLSLPERF_GROUP_SIZE=512;HLSLPERF_SCAN_BACKEND=1;HLSLPERF_SINGLE_PASS_GROUPS=128;HLSLPERF_SINGLE_PASS_ITEMS_SCALE=2;HLSLPERF_VECTOR_WIDTH=1;HLSLPERF_WAVE_SIZE=64","1.7855;1.7392;1.7936;1.7388;1.7612;1.7398;1.7419;1.7375;1.7361;1.7667;1.7404",""
"HLSLPERF_CROWD_BACKEND-2__HLSLPERF_CROWD_TILE_BINS-512__HLSLPERF_CROWD_TILE_REPLICAS-2__HLSLPERF_CROWD_TILE_SIZE-16__HLSLPERF_ELEMENTS_PER_THREAD-2__HLSLPERF_GROUP_SIZE-512__HLSLPERF_SCAN_BACKEND-1__HLSLPERF_SINGLE_PASS_GROUPS-128__HLSLPERF_SINGLE_PASS_ITEMS_SCALE-2__HLSLPERF_VECTOR_WIDTH-1__HLSLPERF_WAVE_SIZE-64",true,true,true,"",,,,,,,,4,1.7418,1.8143,0.0184,1806.0317,1.078,"HLSLPERF_CROWD_BACKEND=2;HLSLPERF_CROWD_TILE_BINS=512;HLSLPERF_CROWD_TILE_REPLICAS=2;HLSLPERF_CROWD_TILE_SIZE=16;HLSLPERF_ELEMENTS_PER_THREAD=2;HLSLPERF_GROUP_SIZE=512;HLSLPERF_SCAN_BACKEND=1;HLSLPERF_SINGLE_PASS_GROUPS=128;HLSLPERF_SINGLE_PASS_ITEMS_SCALE=2;HLSLPERF_VECTOR_WIDTH=1;HLSLPERF_WAVE_SIZE=64","1.741;1.7692;1.739;1.7222;1.7439;1.7348;1.7611;1.7418;1.7963;1.7385;1.8324",""
"HLSLPERF_CROWD_BACKEND-2__HLSLPERF_CROWD_TILE_BINS-512__HLSLPERF_CROWD_TILE_REPLICAS-1__HLSLPERF_CROWD_TILE_SIZE-16__HLSLPERF_ELEMENTS_PER_THREAD-2__HLSLPERF_GROUP_SIZE-512__HLSLPERF_SCAN_BACKEND-1__HLSLPERF_SINGLE_PASS_GROUPS-256__HLSLPERF_SINGLE_PASS_ITEMS_SCALE-2__HLSLPERF_VECTOR_WIDTH-1__HLSLPERF_WAVE_SIZE-64",true,true,true,"",,,,,,,,4,1.7419,1.7825,0.0111,1805.8866,1.0779,"HLSLPERF_CROWD_BACKEND=2;HLSLPERF_CROWD_TILE_BINS=512;HLSLPERF_CROWD_TILE_REPLICAS=1;HLSLPERF_CROWD_TILE_SIZE=16;HLSLPERF_ELEMENTS_PER_THREAD=2;HLSLPERF_GROUP_SIZE=512;HLSLPERF_SCAN_BACKEND=1;HLSLPERF_SINGLE_PASS_GROUPS=256;HLSLPERF_SINGLE_PASS_ITEMS_SCALE=2;HLSLPERF_VECTOR_WIDTH=1;HLSLPERF_WAVE_SIZE=64","1.7644;1.7266;1.7738;1.737;1.7911;1.7358;1.7422;1.7406;1.7368;1.7515;1.7419",""
"HLSLPERF_CROWD_BACKEND-2__HLSLPERF_CROWD_TILE_BINS-512__HLSLPERF_CROWD_TILE_REPLICAS-2__HLSLPERF_CROWD_TILE_SIZE-16__HLSLPERF_ELEMENTS_PER_THREAD-2__HLSLPERF_GROUP_SIZE-512__HLSLPERF_SCAN_BACKEND-1__HLSLPERF_SINGLE_PASS_GROUPS-256__HLSLPERF_SINGLE_PASS_ITEMS_SCALE-2__HLSLPERF_VECTOR_WIDTH-1__HLSLPERF_WAVE_SIZE-64",true,true,true,"",,,,,,,,4,1.7426,1.8197,0.0204,1805.1612,1.0774,"HLSLPERF_CROWD_BACKEND=2;HLSLPERF_CROWD_TILE_BINS=512;HLSLPERF_CROWD_TILE_REPLICAS=2;HLSLPERF_CROWD_TILE_SIZE=16;HLSLPERF_ELEMENTS_PER_THREAD=2;HLSLPERF_GROUP_SIZE=512;HLSLPERF_SCAN_BACKEND=1;HLSLPERF_SINGLE_PASS_GROUPS=256;HLSLPERF_SINGLE_PASS_ITEMS_SCALE=2;HLSLPERF_VECTOR_WIDTH=1;HLSLPERF_WAVE_SIZE=64","1.7403;1.7935;1.7391;1.7922;1.7444;1.735;1.7376;1.7249;1.8223;1.7426;1.8172",""
"HLSLPERF_CROWD_BACKEND-2__HLSLPERF_CROWD_TILE_BINS-512__HLSLPERF_CROWD_TILE_REPLICAS-1__HLSLPERF_CROWD_TILE_SIZE-16__HLSLPERF_ELEMENTS_PER_THREAD-2__HLSLPERF_GROUP_SIZE-512__HLSLPERF_SCAN_BACKEND-1__HLSLPERF_SINGLE_PASS_GROUPS-128__HLSLPERF_SINGLE_PASS_ITEMS_SCALE-4__HLSLPERF_VECTOR_WIDTH-1__HLSLPERF_WAVE_SIZE-64",true,true,true,"",,,,,,,,4,1.7605,1.7918,0.0128,1786.8683,1.0665,"HLSLPERF_CROWD_BACKEND=2;HLSLPERF_CROWD_TILE_BINS=512;HLSLPERF_CROWD_TILE_REPLICAS=1;HLSLPERF_CROWD_TILE_SIZE=16;HLSLPERF_ELEMENTS_PER_THREAD=2;HLSLPERF_GROUP_SIZE=512;HLSLPERF_SCAN_BACKEND=1;HLSLPERF_SINGLE_PASS_GROUPS=128;HLSLPERF_SINGLE_PASS_ITEMS_SCALE=4;HLSLPERF_VECTOR_WIDTH=1;HLSLPERF_WAVE_SIZE=64","1.7666;1.7291;1.7967;1.7365;1.7869;1.736;1.7605;1.7374;1.7605;1.7785;1.76",""
"HLSLPERF_CROWD_BACKEND-2__HLSLPERF_CROWD_TILE_BINS-512__HLSLPERF_CROWD_TILE_REPLICAS-2__HLSLPERF_CROWD_TILE_SIZE-16__HLSLPERF_ELEMENTS_PER_THREAD-2__HLSLPERF_GROUP_SIZE-512__HLSLPERF_SCAN_BACKEND-1__HLSLPERF_SINGLE_PASS_GROUPS-128__HLSLPERF_SINGLE_PASS_ITEMS_SCALE-4__HLSLPERF_VECTOR_WIDTH-1__HLSLPERF_WAVE_SIZE-64",true,true,true,"",,,,,,,,4,1.7512,1.8406,0.0246,1796.3579,1.0722,"HLSLPERF_CROWD_BACKEND=2;HLSLPERF_CROWD_TILE_BINS=512;HLSLPERF_CROWD_TILE_REPLICAS=2;HLSLPERF_CROWD_TILE_SIZE=16;HLSLPERF_ELEMENTS_PER_THREAD=2;HLSLPERF_GROUP_SIZE=512;HLSLPERF_SCAN_BACKEND=1;HLSLPERF_SINGLE_PASS_GROUPS=128;HLSLPERF_SINGLE_PASS_ITEMS_SCALE=4;HLSLPERF_VECTOR_WIDTH=1;HLSLPERF_WAVE_SIZE=64","1.7296;1.7388;1.7374;1.779;1.7316;1.8497;1.7512;1.8235;1.748;1.7676;1.8315",""
"HLSLPERF_CROWD_BACKEND-2__HLSLPERF_CROWD_TILE_BINS-512__HLSLPERF_CROWD_TILE_REPLICAS-1__HLSLPERF_CROWD_TILE_SIZE-16__HLSLPERF_ELEMENTS_PER_THREAD-2__HLSLPERF_GROUP_SIZE-512__HLSLPERF_SCAN_BACKEND-1__HLSLPERF_SINGLE_PASS_GROUPS-256__HLSLPERF_SINGLE_PASS_ITEMS_SCALE-4__HLSLPERF_VECTOR_WIDTH-1__HLSLPERF_WAVE_SIZE-64",true,true,true,"",,,,,,,,4,1.7464,1.7948,0.0152,1801.2334,1.0751,"HLSLPERF_CROWD_BACKEND=2;HLSLPERF_CROWD_TILE_BINS=512;HLSLPERF_CROWD_TILE_REPLICAS=1;HLSLPERF_CROWD_TILE_SIZE=16;HLSLPERF_ELEMENTS_PER_THREAD=2;HLSLPERF_GROUP_SIZE=512;HLSLPERF_SCAN_BACKEND=1;HLSLPERF_SINGLE_PASS_GROUPS=256;HLSLPERF_SINGLE_PASS_ITEMS_SCALE=4;HLSLPERF_VECTOR_WIDTH=1;HLSLPERF_WAVE_SIZE=64","1.7838;1.7287;1.7714;1.727;1.7576;1.7361;1.7339;1.7367;1.8027;1.7869;1.7464",""
"HLSLPERF_CROWD_BACKEND-2__HLSLPERF_CROWD_TILE_BINS-512__HLSLPERF_CROWD_TILE_REPLICAS-2__HLSLPERF_CROWD_TILE_SIZE-16__HLSLPERF_ELEMENTS_PER_THREAD-2__HLSLPERF_GROUP_SIZE-512__HLSLPERF_SCAN_BACKEND-1__HLSLPERF_SINGLE_PASS_GROUPS-256__HLSLPERF_SINGLE_PASS_ITEMS_SCALE-4__HLSLPERF_VECTOR_WIDTH-1__HLSLPERF_WAVE_SIZE-64",true,true,true,"",,,,,,,,4,1.7364,1.8072,0.0192,1811.69,1.0813,"HLSLPERF_CROWD_BACKEND=2;HLSLPERF_CROWD_TILE_BINS=512;HLSLPERF_CROWD_TILE_REPLICAS=2;HLSLPERF_CROWD_TILE_SIZE=16;HLSLPERF_ELEMENTS_PER_THREAD=2;HLSLPERF_GROUP_SIZE=512;HLSLPERF_SCAN_BACKEND=1;HLSLPERF_SINGLE_PASS_GROUPS=256;HLSLPERF_SINGLE_PASS_ITEMS_SCALE=4;HLSLPERF_VECTOR_WIDTH=1;HLSLPERF_WAVE_SIZE=64","1.7222;1.7613;1.7305;1.7624;1.7364;1.7689;1.7307;1.7198;1.7205;1.7892;1.8251",""
"HLSLPERF_CROWD_BACKEND-2__HLSLPERF_CROWD_TILE_BINS-512__HLSLPERF_CROWD_TILE_REPLICAS-1__HLSLPERF_CROWD_TILE_SIZE-16__HLSLPERF_ELEMENTS_PER_THREAD-4__HLSLPERF_GROUP_SIZE-512__HLSLPERF_SCAN_BACKEND-1__HLSLPERF_SINGLE_PASS_GROUPS-128__HLSLPERF_SINGLE_PASS_ITEMS_SCALE-2__HLSLPERF_VECTOR_WIDTH-1__HLSLPERF_WAVE_SIZE-32",true,true,true,"",,,,,,,,4,1.7797,1.8366,0.0157,1767.6105,1.055,"HLSLPERF_CROWD_BACKEND=2;HLSLPERF_CROWD_TILE_BINS=512;HLSLPERF_CROWD_TILE_REPLICAS=1;HLSLPERF_CROWD_TILE_SIZE=16;HLSLPERF_ELEMENTS_PER_THREAD=4;HLSLPERF_GROUP_SIZE=512;HLSLPERF_SCAN_BACKEND=1;HLSLPERF_SINGLE_PASS_GROUPS=128;HLSLPERF_SINGLE_PASS_ITEMS_SCALE=2;HLSLPERF_VECTOR_WIDTH=1;HLSLPERF_WAVE_SIZE=32","1.7633;1.8058;1.7637;1.7797;1.7671;1.7661;1.794;1.7686;1.8256;1.7858;1.8475",""
"HLSLPERF_CROWD_BACKEND-2__HLSLPERF_CROWD_TILE_BINS-512__HLSLPERF_CROWD_TILE_REPLICAS-2__HLSLPERF_CROWD_TILE_SIZE-16__HLSLPERF_ELEMENTS_PER_THREAD-4__HLSLPERF_GROUP_SIZE-512__HLSLPERF_SCAN_BACKEND-1__HLSLPERF_SINGLE_PASS_GROUPS-128__HLSLPERF_SINGLE_PASS_ITEMS_SCALE-2__HLSLPERF_VECTOR_WIDTH-1__HLSLPERF_WAVE_SIZE-32",true,true,true,"",,,,,,,,4,1.7828,1.845,0.0189,1764.4675,1.0532,"HLSLPERF_CROWD_BACKEND=2;HLSLPERF_CROWD_TILE_BINS=512;HLSLPERF_CROWD_TILE_REPLICAS=2;HLSLPERF_CROWD_TILE_SIZE=16;HLSLPERF_ELEMENTS_PER_THREAD=4;HLSLPERF_GROUP_SIZE=512;HLSLPERF_SCAN_BACKEND=1;HLSLPERF_SINGLE_PASS_GROUPS=128;HLSLPERF_SINGLE_PASS_ITEMS_SCALE=2;HLSLPERF_VECTOR_WIDTH=1;HLSLPERF_WAVE_SIZE=32","1.7638;1.7626;1.8156;1.766;1.8084;1.7633;1.8006;1.7683;1.8744;1.7828;1.7955",""
"HLSLPERF_CROWD_BACKEND-2__HLSLPERF_CROWD_TILE_BINS-512__HLSLPERF_CROWD_TILE_REPLICAS-1__HLSLPERF_CROWD_TILE_SIZE-16__HLSLPERF_ELEMENTS_PER_THREAD-4__HLSLPERF_GROUP_SIZE-512__HLSLPERF_SCAN_BACKEND-1__HLSLPERF_SINGLE_PASS_GROUPS-256__HLSLPERF_SINGLE_PASS_ITEMS_SCALE-2__HLSLPERF_VECTOR_WIDTH-1__HLSLPERF_WAVE_SIZE-32",true,true,true,"",,,,,,,,4,1.7834,1.8516,0.0185,1763.9036,1.0528,"HLSLPERF_CROWD_BACKEND=2;HLSLPERF_CROWD_TILE_BINS=512;HLSLPERF_CROWD_TILE_REPLICAS=1;HLSLPERF_CROWD_TILE_SIZE=16;HLSLPERF_ELEMENTS_PER_THREAD=4;HLSLPERF_GROUP_SIZE=512;HLSLPERF_SCAN_BACKEND=1;HLSLPERF_SINGLE_PASS_GROUPS=256;HLSLPERF_SINGLE_PASS_ITEMS_SCALE=2;HLSLPERF_VECTOR_WIDTH=1;HLSLPERF_WAVE_SIZE=32","1.8022;1.7601;1.7846;1.7627;1.7619;1.7733;1.769;1.788;1.8501;1.8532;1.7834",""
"HLSLPERF_CROWD_BACKEND-2__HLSLPERF_CROWD_TILE_BINS-512__HLSLPERF_CROWD_TILE_REPLICAS-2__HLSLPERF_CROWD_TILE_SIZE-16__HLSLPERF_ELEMENTS_PER_THREAD-4__HLSLPERF_GROUP_SIZE-512__HLSLPERF_SCAN_BACKEND-1__HLSLPERF_SINGLE_PASS_GROUPS-256__HLSLPERF_SINGLE_PASS_ITEMS_SCALE-2__HLSLPERF_VECTOR_WIDTH-1__HLSLPERF_WAVE_SIZE-32",true,true,true,"",,,,,,,,4,1.7765,1.8435,0.0176,1770.7746,1.0569,"HLSLPERF_CROWD_BACKEND=2;HLSLPERF_CROWD_TILE_BINS=512;HLSLPERF_CROWD_TILE_REPLICAS=2;HLSLPERF_CROWD_TILE_SIZE=16;HLSLPERF_ELEMENTS_PER_THREAD=4;HLSLPERF_GROUP_SIZE=512;HLSLPERF_SCAN_BACKEND=1;HLSLPERF_SINGLE_PASS_GROUPS=256;HLSLPERF_SINGLE_PASS_ITEMS_SCALE=2;HLSLPERF_VECTOR_WIDTH=1;HLSLPERF_WAVE_SIZE=32","1.7965;1.7661;1.7619;1.7705;1.7655;1.8211;1.7765;1.8094;1.7764;1.866;1.7801",""
"HLSLPERF_CROWD_BACKEND-2__HLSLPERF_CROWD_TILE_BINS-512__HLSLPERF_CROWD_TILE_REPLICAS-1__HLSLPERF_CROWD_TILE_SIZE-16__HLSLPERF_ELEMENTS_PER_THREAD-4__HLSLPERF_GROUP_SIZE-512__HLSLPERF_SCAN_BACKEND-1__HLSLPERF_SINGLE_PASS_GROUPS-128__HLSLPERF_SINGLE_PASS_ITEMS_SCALE-4__HLSLPERF_VECTOR_WIDTH-1__HLSLPERF_WAVE_SIZE-32",true,true,true,"",,,,,,,,4,1.8168,1.9095,0.0305,1731.4663,1.0335,"HLSLPERF_CROWD_BACKEND=2;HLSLPERF_CROWD_TILE_BINS=512;HLSLPERF_CROWD_TILE_REPLICAS=1;HLSLPERF_CROWD_TILE_SIZE=16;HLSLPERF_ELEMENTS_PER_THREAD=4;HLSLPERF_GROUP_SIZE=512;HLSLPERF_SCAN_BACKEND=1;HLSLPERF_SINGLE_PASS_GROUPS=128;HLSLPERF_SINGLE_PASS_ITEMS_SCALE=4;HLSLPERF_VECTOR_WIDTH=1;HLSLPERF_WAVE_SIZE=32","1.7725;1.8232;1.76;1.8215;1.7747;1.8168;1.8443;1.8087;1.8617;1.9573;1.7808",""
"HLSLPERF_CROWD_BACKEND-2__HLSLPERF_CROWD_TILE_BINS-512__HLSLPERF_CROWD_TILE_REPLICAS-2__HLSLPERF_CROWD_TILE_SIZE-16__HLSLPERF_ELEMENTS_PER_THREAD-4__HLSLPERF_GROUP_SIZE-512__HLSLPERF_SCAN_BACKEND-1__HLSLPERF_SINGLE_PASS_GROUPS-128__HLSLPERF_SINGLE_PASS_ITEMS_SCALE-4__HLSLPERF_VECTOR_WIDTH-1__HLSLPERF_WAVE_SIZE-32",true,true,true,"",,,,,,,,4,1.7984,1.8912,0.0264,1749.2204,1.0441,"HLSLPERF_CROWD_BACKEND=2;HLSLPERF_CROWD_TILE_BINS=512;HLSLPERF_CROWD_TILE_REPLICAS=2;HLSLPERF_CROWD_TILE_SIZE=16;HLSLPERF_ELEMENTS_PER_THREAD=4;HLSLPERF_GROUP_SIZE=512;HLSLPERF_SCAN_BACKEND=1;HLSLPERF_SINGLE_PASS_GROUPS=128;HLSLPERF_SINGLE_PASS_ITEMS_SCALE=4;HLSLPERF_VECTOR_WIDTH=1;HLSLPERF_WAVE_SIZE=32","1.7716;1.7671;1.7957;1.7742;1.8199;1.7765;1.8304;1.7984;1.8521;1.9303;1.8035",""
"HLSLPERF_CROWD_BACKEND-2__HLSLPERF_CROWD_TILE_BINS-512__HLSLPERF_CROWD_TILE_REPLICAS-1__HLSLPERF_CROWD_TILE_SIZE-16__HLSLPERF_ELEMENTS_PER_THREAD-4__HLSLPERF_GROUP_SIZE-512__HLSLPERF_SCAN_BACKEND-1__HLSLPERF_SINGLE_PASS_GROUPS-256__HLSLPERF_SINGLE_PASS_ITEMS_SCALE-4__HLSLPERF_VECTOR_WIDTH-1__HLSLPERF_WAVE_SIZE-32",true,true,true,"",,,,,,,,4,1.8051,1.9374,0.0382,1742.6794,1.0401,"HLSLPERF_CROWD_BACKEND=2;HLSLPERF_CROWD_TILE_BINS=512;HLSLPERF_CROWD_TILE_REPLICAS=1;HLSLPERF_CROWD_TILE_SIZE=16;HLSLPERF_ELEMENTS_PER_THREAD=4;HLSLPERF_GROUP_SIZE=512;HLSLPERF_SCAN_BACKEND=1;HLSLPERF_SINGLE_PASS_GROUPS=256;HLSLPERF_SINGLE_PASS_ITEMS_SCALE=4;HLSLPERF_VECTOR_WIDTH=1;HLSLPERF_WAVE_SIZE=32","1.8157;1.8511;1.8051;1.79;2.0236;1.7796;1.7828;1.8203;1.7872;1.8361;1.7873",""
"HLSLPERF_CROWD_BACKEND-2__HLSLPERF_CROWD_TILE_BINS-512__HLSLPERF_CROWD_TILE_REPLICAS-2__HLSLPERF_CROWD_TILE_SIZE-16__HLSLPERF_ELEMENTS_PER_THREAD-4__HLSLPERF_GROUP_SIZE-512__HLSLPERF_SCAN_BACKEND-1__HLSLPERF_SINGLE_PASS_GROUPS-256__HLSLPERF_SINGLE_PASS_ITEMS_SCALE-4__HLSLPERF_VECTOR_WIDTH-1__HLSLPERF_WAVE_SIZE-32",true,true,true,"",,,,,,,,4,1.7851,1.8259,0.0105,1762.2632,1.0518,"HLSLPERF_CROWD_BACKEND=2;HLSLPERF_CROWD_TILE_BINS=512;HLSLPERF_CROWD_TILE_REPLICAS=2;HLSLPERF_CROWD_TILE_SIZE=16;HLSLPERF_ELEMENTS_PER_THREAD=4;HLSLPERF_GROUP_SIZE=512;HLSLPERF_SCAN_BACKEND=1;HLSLPERF_SINGLE_PASS_GROUPS=256;HLSLPERF_SINGLE_PASS_ITEMS_SCALE=4;HLSLPERF_VECTOR_WIDTH=1;HLSLPERF_WAVE_SIZE=32","1.7871;1.8303;1.7784;1.8215;1.7782;1.7847;1.7772;1.7812;1.79;1.7851;1.8114",""
"HLSLPERF_CROWD_BACKEND-2__HLSLPERF_CROWD_TILE_BINS-512__HLSLPERF_CROWD_TILE_REPLICAS-1__HLSLPERF_CROWD_TILE_SIZE-16__HLSLPERF_ELEMENTS_PER_THREAD-4__HLSLPERF_GROUP_SIZE-512__HLSLPERF_SCAN_BACKEND-1__HLSLPERF_SINGLE_PASS_GROUPS-128__HLSLPERF_SINGLE_PASS_ITEMS_SCALE-2__HLSLPERF_VECTOR_WIDTH-1__HLSLPERF_WAVE_SIZE-64",true,true,true,"",,,,,,,,4,1.7994,1.8304,0.0142,1748.2191,1.0435,"HLSLPERF_CROWD_BACKEND=2;HLSLPERF_CROWD_TILE_BINS=512;HLSLPERF_CROWD_TILE_REPLICAS=1;HLSLPERF_CROWD_TILE_SIZE=16;HLSLPERF_ELEMENTS_PER_THREAD=4;HLSLPERF_GROUP_SIZE=512;HLSLPERF_SCAN_BACKEND=1;HLSLPERF_SINGLE_PASS_GROUPS=128;HLSLPERF_SINGLE_PASS_ITEMS_SCALE=2;HLSLPERF_VECTOR_WIDTH=1;HLSLPERF_WAVE_SIZE=64","1.7689;1.7698;1.8015;1.7664;1.8297;1.7727;1.8189;1.7682;1.8;1.8311;1.7994",""
"HLSLPERF_CROWD_BACKEND-2__HLSLPERF_CROWD_TILE_BINS-512__HLSLPERF_CROWD_TILE_REPLICAS-2__HLSLPERF_CROWD_TILE_SIZE-16__HLSLPERF_ELEMENTS_PER_THREAD-4__HLSLPERF_GROUP_SIZE-512__HLSLPERF_SCAN_BACKEND-1__HLSLPERF_SINGLE_PASS_GROUPS-128__HLSLPERF_SINGLE_PASS_ITEMS_SCALE-2__HLSLPERF_VECTOR_WIDTH-1__HLSLPERF_WAVE_SIZE-64",true,true,true,"",,,,,,,,4,1.7883,1.8393,0.0166,1759.0409,1.0499,"HLSLPERF_CROWD_BACKEND=2;HLSLPERF_CROWD_TILE_BINS=512;HLSLPERF_CROWD_TILE_REPLICAS=2;HLSLPERF_CROWD_TILE_SIZE=16;HLSLPERF_ELEMENTS_PER_THREAD=4;HLSLPERF_GROUP_SIZE=512;HLSLPERF_SCAN_BACKEND=1;HLSLPERF_SINGLE_PASS_GROUPS=128;HLSLPERF_SINGLE_PASS_ITEMS_SCALE=2;HLSLPERF_VECTOR_WIDTH=1;HLSLPERF_WAVE_SIZE=64","1.7635;1.7831;1.7842;1.8288;1.7613;1.818;1.7624;1.8054;1.8497;1.8218;1.7883",""
"HLSLPERF_CROWD_BACKEND-2__HLSLPERF_CROWD_TILE_BINS-512__HLSLPERF_CROWD_TILE_REPLICAS-1__HLSLPERF_CROWD_TILE_SIZE-16__HLSLPERF_ELEMENTS_PER_THREAD-4__HLSLPERF_GROUP_SIZE-512__HLSLPERF_SCAN_BACKEND-1__HLSLPERF_SINGLE_PASS_GROUPS-256__HLSLPERF_SINGLE_PASS_ITEMS_SCALE-2__HLSLPERF_VECTOR_WIDTH-1__HLSLPERF_WAVE_SIZE-64",true,true,true,"",,,,,,,,4,1.7649,1.8072,0.0118,1782.4235,1.0639,"HLSLPERF_CROWD_BACKEND=2;HLSLPERF_CROWD_TILE_BINS=512;HLSLPERF_CROWD_TILE_REPLICAS=1;HLSLPERF_CROWD_TILE_SIZE=16;HLSLPERF_ELEMENTS_PER_THREAD=4;HLSLPERF_GROUP_SIZE=512;HLSLPERF_SCAN_BACKEND=1;HLSLPERF_SINGLE_PASS_GROUPS=256;HLSLPERF_SINGLE_PASS_ITEMS_SCALE=2;HLSLPERF_VECTOR_WIDTH=1;HLSLPERF_WAVE_SIZE=64","1.7608;1.7551;1.7657;1.7617;1.7851;1.7608;1.8046;1.7649;1.8016;1.7574;1.8099",""
"HLSLPERF_CROWD_BACKEND-2__HLSLPERF_CROWD_TILE_BINS-512__HLSLPERF_CROWD_TILE_REPLICAS-2__HLSLPERF_CROWD_TILE_SIZE-16__HLSLPERF_ELEMENTS_PER_THREAD-4__HLSLPERF_GROUP_SIZE-512__HLSLPERF_SCAN_BACKEND-1__HLSLPERF_SINGLE_PASS_GROUPS-256__HLSLPERF_SINGLE_PASS_ITEMS_SCALE-2__HLSLPERF_VECTOR_WIDTH-1__HLSLPERF_WAVE_SIZE-64",true,true,true,"",,,,,,,,4,1.8021,1.9538,0.039,1745.5901,1.0419,"HLSLPERF_CROWD_BACKEND=2;HLSLPERF_CROWD_TILE_BINS=512;HLSLPERF_CROWD_TILE_REPLICAS=2;HLSLPERF_CROWD_TILE_SIZE=16;HLSLPERF_ELEMENTS_PER_THREAD=4;HLSLPERF_GROUP_SIZE=512;HLSLPERF_SCAN_BACKEND=1;HLSLPERF_SINGLE_PASS_GROUPS=256;HLSLPERF_SINGLE_PASS_ITEMS_SCALE=2;HLSLPERF_VECTOR_WIDTH=1;HLSLPERF_WAVE_SIZE=64","1.9671;1.7872;1.8109;1.9032;1.775;1.7925;1.8021;1.9406;1.7712;1.8025;1.7761",""
"HLSLPERF_CROWD_BACKEND-2__HLSLPERF_CROWD_TILE_BINS-512__HLSLPERF_CROWD_TILE_REPLICAS-1__HLSLPERF_CROWD_TILE_SIZE-16__HLSLPERF_ELEMENTS_PER_THREAD-4__HLSLPERF_GROUP_SIZE-512__HLSLPERF_SCAN_BACKEND-1__HLSLPERF_SINGLE_PASS_GROUPS-128__HLSLPERF_SINGLE_PASS_ITEMS_SCALE-4__HLSLPERF_VECTOR_WIDTH-1__HLSLPERF_WAVE_SIZE-64",true,true,true,"",,,,,,,,4,1.7974,1.8939,0.0269,1750.1936,1.0446,"HLSLPERF_CROWD_BACKEND=2;HLSLPERF_CROWD_TILE_BINS=512;HLSLPERF_CROWD_TILE_REPLICAS=1;HLSLPERF_CROWD_TILE_SIZE=16;HLSLPERF_ELEMENTS_PER_THREAD=4;HLSLPERF_GROUP_SIZE=512;HLSLPERF_SCAN_BACKEND=1;HLSLPERF_SINGLE_PASS_GROUPS=128;HLSLPERF_SINGLE_PASS_ITEMS_SCALE=4;HLSLPERF_VECTOR_WIDTH=1;HLSLPERF_WAVE_SIZE=64","1.7985;1.8406;1.9276;1.8602;1.7772;1.7865;1.7695;1.7693;1.7974;1.7767;1.8211",""
"HLSLPERF_CROWD_BACKEND-2__HLSLPERF_CROWD_TILE_BINS-512__HLSLPERF_CROWD_TILE_REPLICAS-2__HLSLPERF_CROWD_TILE_SIZE-16__HLSLPERF_ELEMENTS_PER_THREAD-4__HLSLPERF_GROUP_SIZE-512__HLSLPERF_SCAN_BACKEND-1__HLSLPERF_SINGLE_PASS_GROUPS-128__HLSLPERF_SINGLE_PASS_ITEMS_SCALE-4__HLSLPERF_VECTOR_WIDTH-1__HLSLPERF_WAVE_SIZE-64",true,true,true,"",,,,,,,,4,1.7786,1.8234,0.0122,1768.6639,1.0557,"HLSLPERF_CROWD_BACKEND=2;HLSLPERF_CROWD_TILE_BINS=512;HLSLPERF_CROWD_TILE_REPLICAS=2;HLSLPERF_CROWD_TILE_SIZE=16;HLSLPERF_ELEMENTS_PER_THREAD=4;HLSLPERF_GROUP_SIZE=512;HLSLPERF_SCAN_BACKEND=1;HLSLPERF_SINGLE_PASS_GROUPS=128;HLSLPERF_SINGLE_PASS_ITEMS_SCALE=4;HLSLPERF_VECTOR_WIDTH=1;HLSLPERF_WAVE_SIZE=64","1.77;1.7786;1.7772;1.7698;1.8156;1.7705;1.826;1.7782;1.8208;1.7808;1.8025",""
"HLSLPERF_CROWD_BACKEND-2__HLSLPERF_CROWD_TILE_BINS-512__HLSLPERF_CROWD_TILE_REPLICAS-1__HLSLPERF_CROWD_TILE_SIZE-16__HLSLPERF_ELEMENTS_PER_THREAD-4__HLSLPERF_GROUP_SIZE-512__HLSLPERF_SCAN_BACKEND-1__HLSLPERF_SINGLE_PASS_GROUPS-256__HLSLPERF_SINGLE_PASS_ITEMS_SCALE-4__HLSLPERF_VECTOR_WIDTH-1__HLSLPERF_WAVE_SIZE-64",true,true,true,"",,,,,,,,4,1.7866,1.8441,0.0153,1760.7048,1.0509,"HLSLPERF_CROWD_BACKEND=2;HLSLPERF_CROWD_TILE_BINS=512;HLSLPERF_CROWD_TILE_REPLICAS=1;HLSLPERF_CROWD_TILE_SIZE=16;HLSLPERF_ELEMENTS_PER_THREAD=4;HLSLPERF_GROUP_SIZE=512;HLSLPERF_SCAN_BACKEND=1;HLSLPERF_SINGLE_PASS_GROUPS=256;HLSLPERF_SINGLE_PASS_ITEMS_SCALE=4;HLSLPERF_VECTOR_WIDTH=1;HLSLPERF_WAVE_SIZE=64","1.808;1.7821;1.8325;1.7731;1.8505;1.773;1.8376;1.7816;1.8079;1.7861;1.7866",""
"HLSLPERF_CROWD_BACKEND-2__HLSLPERF_CROWD_TILE_BINS-512__HLSLPERF_CROWD_TILE_REPLICAS-2__HLSLPERF_CROWD_TILE_SIZE-16__HLSLPERF_ELEMENTS_PER_THREAD-4__HLSLPERF_GROUP_SIZE-512__HLSLPERF_SCAN_BACKEND-1__HLSLPERF_SINGLE_PASS_GROUPS-256__HLSLPERF_SINGLE_PASS_ITEMS_SCALE-4__HLSLPERF_VECTOR_WIDTH-1__HLSLPERF_WAVE_SIZE-64",true,true,true,"",,,,,,,,4,1.8205,2.018,0.054,1727.9283,1.0313,"HLSLPERF_CROWD_BACKEND=2;HLSLPERF_CROWD_TILE_BINS=512;HLSLPERF_CROWD_TILE_REPLICAS=2;HLSLPERF_CROWD_TILE_SIZE=16;HLSLPERF_ELEMENTS_PER_THREAD=4;HLSLPERF_GROUP_SIZE=512;HLSLPERF_SCAN_BACKEND=1;HLSLPERF_SINGLE_PASS_GROUPS=256;HLSLPERF_SINGLE_PASS_ITEMS_SCALE=4;HLSLPERF_VECTOR_WIDTH=1;HLSLPERF_WAVE_SIZE=64","1.7946;1.791;1.8246;1.8128;1.8079;1.8991;1.8205;1.8697;1.8658;2.1368;1.7849",""
"HLSLPERF_CROWD_BACKEND-2__HLSLPERF_CROWD_TILE_BINS-512__HLSLPERF_CROWD_TILE_REPLICAS-1__HLSLPERF_CROWD_TILE_SIZE-16__HLSLPERF_ELEMENTS_PER_THREAD-4__HLSLPERF_GROUP_SIZE-512__HLSLPERF_SCAN_BACKEND-1__HLSLPERF_SINGLE_PASS_GROUPS-128__HLSLPERF_SINGLE_PASS_ITEMS_SCALE-2__HLSLPERF_VECTOR_WIDTH-4__HLSLPERF_WAVE_SIZE-32",true,true,true,"",,,,,,,,4,1.8046,1.9242,0.0347,1743.2105,1.0405,"HLSLPERF_CROWD_BACKEND=2;HLSLPERF_CROWD_TILE_BINS=512;HLSLPERF_CROWD_TILE_REPLICAS=1;HLSLPERF_CROWD_TILE_SIZE=16;HLSLPERF_ELEMENTS_PER_THREAD=4;HLSLPERF_GROUP_SIZE=512;HLSLPERF_SCAN_BACKEND=1;HLSLPERF_SINGLE_PASS_GROUPS=128;HLSLPERF_SINGLE_PASS_ITEMS_SCALE=2;HLSLPERF_VECTOR_WIDTH=4;HLSLPERF_WAVE_SIZE=32","1.782;1.8153;1.8046;1.855;1.9934;1.8237;1.7913;1.8119;1.7729;1.7701;1.7838",""
"HLSLPERF_CROWD_BACKEND-2__HLSLPERF_CROWD_TILE_BINS-512__HLSLPERF_CROWD_TILE_REPLICAS-2__HLSLPERF_CROWD_TILE_SIZE-16__HLSLPERF_ELEMENTS_PER_THREAD-4__HLSLPERF_GROUP_SIZE-512__HLSLPERF_SCAN_BACKEND-1__HLSLPERF_SINGLE_PASS_GROUPS-128__HLSLPERF_SINGLE_PASS_ITEMS_SCALE-2__HLSLPERF_VECTOR_WIDTH-4__HLSLPERF_WAVE_SIZE-32",true,true,true,"",,,,,,,,4,1.8224,1.9928,0.0513,1726.1552,1.0303,"HLSLPERF_CROWD_BACKEND=2;HLSLPERF_CROWD_TILE_BINS=512;HLSLPERF_CROWD_TILE_REPLICAS=2;HLSLPERF_CROWD_TILE_SIZE=16;HLSLPERF_ELEMENTS_PER_THREAD=4;HLSLPERF_GROUP_SIZE=512;HLSLPERF_SCAN_BACKEND=1;HLSLPERF_SINGLE_PASS_GROUPS=128;HLSLPERF_SINGLE_PASS_ITEMS_SCALE=2;HLSLPERF_VECTOR_WIDTH=4;HLSLPERF_WAVE_SIZE=32","1.8465;1.8174;1.7995;1.871;2.1147;1.7848;1.8307;1.7818;1.8224;1.7772;1.8288",""
"HLSLPERF_CROWD_BACKEND-2__HLSLPERF_CROWD_TILE_BINS-512__HLSLPERF_CROWD_TILE_REPLICAS-1__HLSLPERF_CROWD_TILE_SIZE-16__HLSLPERF_ELEMENTS_PER_THREAD-4__HLSLPERF_GROUP_SIZE-512__HLSLPERF_SCAN_BACKEND-1__HLSLPERF_SINGLE_PASS_GROUPS-256__HLSLPERF_SINGLE_PASS_ITEMS_SCALE-2__HLSLPERF_VECTOR_WIDTH-4__HLSLPERF_WAVE_SIZE-32",true,true,true,"",,,,,,,,4,1.7852,1.8208,0.0097,1762.1645,1.0518,"HLSLPERF_CROWD_BACKEND=2;HLSLPERF_CROWD_TILE_BINS=512;HLSLPERF_CROWD_TILE_REPLICAS=1;HLSLPERF_CROWD_TILE_SIZE=16;HLSLPERF_ELEMENTS_PER_THREAD=4;HLSLPERF_GROUP_SIZE=512;HLSLPERF_SCAN_BACKEND=1;HLSLPERF_SINGLE_PASS_GROUPS=256;HLSLPERF_SINGLE_PASS_ITEMS_SCALE=2;HLSLPERF_VECTOR_WIDTH=4;HLSLPERF_WAVE_SIZE=32","1.8128;1.7843;1.8243;1.7778;1.7919;1.7781;1.7746;1.7952;1.7852;1.8172;1.7815",""
"HLSLPERF_CROWD_BACKEND-2__HLSLPERF_CROWD_TILE_BINS-512__HLSLPERF_CROWD_TILE_REPLICAS-2__HLSLPERF_CROWD_TILE_SIZE-16__HLSLPERF_ELEMENTS_PER_THREAD-4__HLSLPERF_GROUP_SIZE-512__HLSLPERF_SCAN_BACKEND-1__HLSLPERF_SINGLE_PASS_GROUPS-256__HLSLPERF_SINGLE_PASS_ITEMS_SCALE-2__HLSLPERF_VECTOR_WIDTH-4__HLSLPERF_WAVE_SIZE-32",true,true,true,"",,,,,,,,4,1.7834,1.8378,0.0156,1763.9332,1.0528,"HLSLPERF_CROWD_BACKEND=2;HLSLPERF_CROWD_TILE_BINS=512;HLSLPERF_CROWD_TILE_REPLICAS=2;HLSLPERF_CROWD_TILE_SIZE=16;HLSLPERF_ELEMENTS_PER_THREAD=4;HLSLPERF_GROUP_SIZE=512;HLSLPERF_SCAN_BACKEND=1;HLSLPERF_SINGLE_PASS_GROUPS=256;HLSLPERF_SINGLE_PASS_ITEMS_SCALE=2;HLSLPERF_VECTOR_WIDTH=4;HLSLPERF_WAVE_SIZE=32","1.7814;1.8305;1.7735;1.8249;1.7779;1.7709;1.7834;1.7734;1.8452;1.8071;1.8302",""
"HLSLPERF_CROWD_BACKEND-2__HLSLPERF_CROWD_TILE_BINS-512__HLSLPERF_CROWD_TILE_REPLICAS-1__HLSLPERF_CROWD_TILE_SIZE-16__HLSLPERF_ELEMENTS_PER_THREAD-4__HLSLPERF_GROUP_SIZE-512__HLSLPERF_SCAN_BACKEND-1__HLSLPERF_SINGLE_PASS_GROUPS-128__HLSLPERF_SINGLE_PASS_ITEMS_SCALE-4__HLSLPERF_VECTOR_WIDTH-4__HLSLPERF_WAVE_SIZE-32",true,true,true,"",,,,,,,,4,1.8099,1.8614,0.0163,1738.0577,1.0374,"HLSLPERF_CROWD_BACKEND=2;HLSLPERF_CROWD_TILE_BINS=512;HLSLPERF_CROWD_TILE_REPLICAS=1;HLSLPERF_CROWD_TILE_SIZE=16;HLSLPERF_ELEMENTS_PER_THREAD=4;HLSLPERF_GROUP_SIZE=512;HLSLPERF_SCAN_BACKEND=1;HLSLPERF_SINGLE_PASS_GROUPS=128;HLSLPERF_SINGLE_PASS_ITEMS_SCALE=4;HLSLPERF_VECTOR_WIDTH=4;HLSLPERF_WAVE_SIZE=32","1.8083;1.8209;1.7845;1.8367;1.7883;1.8318;1.7849;1.8469;1.7901;1.8759;1.8099",""
"HLSLPERF_CROWD_BACKEND-2__HLSLPERF_CROWD_TILE_BINS-512__HLSLPERF_CROWD_TILE_REPLICAS-2__HLSLPERF_CROWD_TILE_SIZE-16__HLSLPERF_ELEMENTS_PER_THREAD-4__HLSLPERF_GROUP_SIZE-512__HLSLPERF_SCAN_BACKEND-1__HLSLPERF_SINGLE_PASS_GROUPS-128__HLSLPERF_SINGLE_PASS_ITEMS_SCALE-4__HLSLPERF_VECTOR_WIDTH-4__HLSLPERF_WAVE_SIZE-32",true,true,true,"",,,,,,,,4,1.8084,2.0101,0.0464,1739.4897,1.0382,"HLSLPERF_CROWD_BACKEND=2;HLSLPERF_CROWD_TILE_BINS=512;HLSLPERF_CROWD_TILE_REPLICAS=2;HLSLPERF_CROWD_TILE_SIZE=16;HLSLPERF_ELEMENTS_PER_THREAD=4;HLSLPERF_GROUP_SIZE=512;HLSLPERF_SCAN_BACKEND=1;HLSLPERF_SINGLE_PASS_GROUPS=128;HLSLPERF_SINGLE_PASS_ITEMS_SCALE=4;HLSLPERF_VECTOR_WIDTH=4;HLSLPERF_WAVE_SIZE=32","1.8084;1.9652;2.055;1.7953;1.8006;1.8245;1.8;1.84;1.7852;1.8322;1.7923",""
"HLSLPERF_CROWD_BACKEND-2__HLSLPERF_CROWD_TILE_BINS-512__HLSLPERF_CROWD_TILE_REPLICAS-1__HLSLPERF_CROWD_TILE_SIZE-16__HLSLPERF_ELEMENTS_PER_THREAD-4__HLSLPERF_GROUP_SIZE-512__HLSLPERF_SCAN_BACKEND-1__HLSLPERF_SINGLE_PASS_GROUPS-256__HLSLPERF_SINGLE_PASS_ITEMS_SCALE-4__HLSLPERF_VECTOR_WIDTH-4__HLSLPERF_WAVE_SIZE-32",true,true,true,"",,,,,,,,4,1.8095,1.9004,0.024,1738.4899,1.0376,"HLSLPERF_CROWD_BACKEND=2;HLSLPERF_CROWD_TILE_BINS=512;HLSLPERF_CROWD_TILE_REPLICAS=1;HLSLPERF_CROWD_TILE_SIZE=16;HLSLPERF_ELEMENTS_PER_THREAD=4;HLSLPERF_GROUP_SIZE=512;HLSLPERF_SCAN_BACKEND=1;HLSLPERF_SINGLE_PASS_GROUPS=256;HLSLPERF_SINGLE_PASS_ITEMS_SCALE=4;HLSLPERF_VECTOR_WIDTH=4;HLSLPERF_WAVE_SIZE=32","1.7911;1.791;1.7891;1.7956;1.877;1.8076;1.8462;1.9239;1.8499;1.8095;1.8585",""
"HLSLPERF_CROWD_BACKEND-2__HLSLPERF_CROWD_TILE_BINS-512__HLSLPERF_CROWD_TILE_REPLICAS-2__HLSLPERF_CROWD_TILE_SIZE-16__HLSLPERF_ELEMENTS_PER_THREAD-4__HLSLPERF_GROUP_SIZE-512__HLSLPERF_SCAN_BACKEND-1__HLSLPERF_SINGLE_PASS_GROUPS-256__HLSLPERF_SINGLE_PASS_ITEMS_SCALE-4__HLSLPERF_VECTOR_WIDTH-4__HLSLPERF_WAVE_SIZE-32",true,true,false,"",,,,,,,,4,1.8144,2.0629,0.064,1733.7853,1.0348,"HLSLPERF_CROWD_BACKEND=2;HLSLPERF_CROWD_TILE_BINS=512;HLSLPERF_CROWD_TILE_REPLICAS=2;HLSLPERF_CROWD_TILE_SIZE=16;HLSLPERF_ELEMENTS_PER_THREAD=4;HLSLPERF_GROUP_SIZE=512;HLSLPERF_SCAN_BACKEND=1;HLSLPERF_SINGLE_PASS_GROUPS=256;HLSLPERF_SINGLE_PASS_ITEMS_SCALE=4;HLSLPERF_VECTOR_WIDTH=4;HLSLPERF_WAVE_SIZE=32","1.9511;1.8032;1.8245;1.7701;2.1747;1.7881;1.8229;1.7895;1.8144;1.7807;1.8181",""
"HLSLPERF_CROWD_BACKEND-2__HLSLPERF_CROWD_TILE_BINS-512__HLSLPERF_CROWD_TILE_REPLICAS-1__HLSLPERF_CROWD_TILE_SIZE-16__HLSLPERF_ELEMENTS_PER_THREAD-4__HLSLPERF_GROUP_SIZE-512__HLSLPERF_SCAN_BACKEND-1__HLSLPERF_SINGLE_PASS_GROUPS-128__HLSLPERF_SINGLE_PASS_ITEMS_SCALE-2__HLSLPERF_VECTOR_WIDTH-4__HLSLPERF_WAVE_SIZE-64",true,true,true,"",,,,,,,,4,1.8142,1.9478,0.0389,1733.9764,1.035,"HLSLPERF_CROWD_BACKEND=2;HLSLPERF_CROWD_TILE_BINS=512;HLSLPERF_CROWD_TILE_REPLICAS=1;HLSLPERF_CROWD_TILE_SIZE=16;HLSLPERF_ELEMENTS_PER_THREAD=4;HLSLPERF_GROUP_SIZE=512;HLSLPERF_SCAN_BACKEND=1;HLSLPERF_SINGLE_PASS_GROUPS=128;HLSLPERF_SINGLE_PASS_ITEMS_SCALE=2;HLSLPERF_VECTOR_WIDTH=4;HLSLPERF_WAVE_SIZE=64","1.8518;1.7809;2.0278;1.7881;1.8602;1.7952;1.8361;1.8678;1.8142;1.7823;1.7909",""
"HLSLPERF_CROWD_BACKEND-2__HLSLPERF_CROWD_TILE_BINS-512__HLSLPERF_CROWD_TILE_REPLICAS-2__HLSLPERF_CROWD_TILE_SIZE-16__HLSLPERF_ELEMENTS_PER_THREAD-4__HLSLPERF_GROUP_SIZE-512__HLSLPERF_SCAN_BACKEND-1__HLSLPERF_SINGLE_PASS_GROUPS-128__HLSLPERF_SINGLE_PASS_ITEMS_SCALE-2__HLSLPERF_VECTOR_WIDTH-4__HLSLPERF_WAVE_SIZE-64",true,true,true,"",,,,,,,,4,1.793,1.8877,0.0248,1754.4593,1.0472,"HLSLPERF_CROWD_BACKEND=2;HLSLPERF_CROWD_TILE_BINS=512;HLSLPERF_CROWD_TILE_REPLICAS=2;HLSLPERF_CROWD_TILE_SIZE=16;HLSLPERF_ELEMENTS_PER_THREAD=4;HLSLPERF_GROUP_SIZE=512;HLSLPERF_SCAN_BACKEND=1;HLSLPERF_SINGLE_PASS_GROUPS=128;HLSLPERF_SINGLE_PASS_ITEMS_SCALE=2;HLSLPERF_VECTOR_WIDTH=4;HLSLPERF_WAVE_SIZE=64","1.8131;1.7719;1.7767;1.7738;1.7727;1.7971;1.7752;1.8957;1.793;1.8421;1.8798",""
"HLSLPERF_CROWD_BACKEND-2__HLSLPERF_CROWD_TILE_BINS-512__HLSLPERF_CROWD_TILE_REPLICAS-1__HLSLPERF_CROWD_TILE_SIZE-16__HLSLPERF_ELEMENTS_PER_THREAD-4__HLSLPERF_GROUP_SIZE-512__HLSLPERF_SCAN_BACKEND-1__HLSLPERF_SINGLE_PASS_GROUPS-256__HLSLPERF_SINGLE_PASS_ITEMS_SCALE-2__HLSLPERF_VECTOR_WIDTH-4__HLSLPERF_WAVE_SIZE-64",true,true,true,"",,,,,,,,4,1.7768,1.8105,0.0101,1770.4457,1.0567,"HLSLPERF_CROWD_BACKEND=2;HLSLPERF_CROWD_TILE_BINS=512;HLSLPERF_CROWD_TILE_REPLICAS=1;HLSLPERF_CROWD_TILE_SIZE=16;HLSLPERF_ELEMENTS_PER_THREAD=4;HLSLPERF_GROUP_SIZE=512;HLSLPERF_SCAN_BACKEND=1;HLSLPERF_SINGLE_PASS_GROUPS=256;HLSLPERF_SINGLE_PASS_ITEMS_SCALE=2;HLSLPERF_VECTOR_WIDTH=4;HLSLPERF_WAVE_SIZE=64","1.7674;1.8087;1.7653;1.799;1.776;1.7768;1.7617;1.7655;1.7788;1.7895;1.8123",""
"HLSLPERF_CROWD_BACKEND-2__HLSLPERF_CROWD_TILE_BINS-512__HLSLPERF_CROWD_TILE_REPLICAS-2__HLSLPERF_CROWD_TILE_SIZE-16__HLSLPERF_ELEMENTS_PER_THREAD-4__HLSLPERF_GROUP_SIZE-512__HLSLPERF_SCAN_BACKEND-1__HLSLPERF_SINGLE_PASS_GROUPS-256__HLSLPERF_SINGLE_PASS_ITEMS_SCALE-2__HLSLPERF_VECTOR_WIDTH-4__HLSLPERF_WAVE_SIZE-64",true,true,true,"",,,,,,,,4,1.7786,1.8286,0.0136,1768.6142,1.0556,"HLSLPERF_CROWD_BACKEND=2;HLSLPERF_CROWD_TILE_BINS=512;HLSLPERF_CROWD_TILE_REPLICAS=2;HLSLPERF_CROWD_TILE_SIZE=16;HLSLPERF_ELEMENTS_PER_THREAD=4;HLSLPERF_GROUP_SIZE=512;HLSLPERF_SCAN_BACKEND=1;HLSLPERF_SINGLE_PASS_GROUPS=256;HLSLPERF_SINGLE_PASS_ITEMS_SCALE=2;HLSLPERF_VECTOR_WIDTH=4;HLSLPERF_WAVE_SIZE=64","1.7799;1.8091;1.7783;1.7781;1.763;1.7701;1.8016;1.7786;1.8187;1.7649;1.8385",""
"HLSLPERF_CROWD_BACKEND-2__HLSLPERF_CROWD_TILE_BINS-512__HLSLPERF_CROWD_TILE_REPLICAS-1__HLSLPERF_CROWD_TILE_SIZE-16__HLSLPERF_ELEMENTS_PER_THREAD-4__HLSLPERF_GROUP_SIZE-512__HLSLPERF_SCAN_BACKEND-1__HLSLPERF_SINGLE_PASS_GROUPS-128__HLSLPERF_SINGLE_PASS_ITEMS_SCALE-4__HLSLPERF_VECTOR_WIDTH-4__HLSLPERF_WAVE_SIZE-64",true,true,true,"",,,,,,,,4,1.7939,1.8323,0.0109,1753.6182,1.0467,"HLSLPERF_CROWD_BACKEND=2;HLSLPERF_CROWD_TILE_BINS=512;HLSLPERF_CROWD_TILE_REPLICAS=1;HLSLPERF_CROWD_TILE_SIZE=16;HLSLPERF_ELEMENTS_PER_THREAD=4;HLSLPERF_GROUP_SIZE=512;HLSLPERF_SCAN_BACKEND=1;HLSLPERF_SINGLE_PASS_GROUPS=128;HLSLPERF_SINGLE_PASS_ITEMS_SCALE=4;HLSLPERF_VECTOR_WIDTH=4;HLSLPERF_WAVE_SIZE=64","1.7879;1.8148;1.7803;1.7955;1.7939;1.7841;1.8325;1.782;1.8161;1.7875;1.8322",""
"HLSLPERF_CROWD_BACKEND-2__HLSLPERF_CROWD_TILE_BINS-512__HLSLPERF_CROWD_TILE_REPLICAS-2__HLSLPERF_CROWD_TILE_SIZE-16__HLSLPERF_ELEMENTS_PER_THREAD-4__HLSLPERF_GROUP_SIZE-512__HLSLPERF_SCAN_BACKEND-1__HLSLPERF_SINGLE_PASS_GROUPS-128__HLSLPERF_SINGLE_PASS_ITEMS_SCALE-4__HLSLPERF_VECTOR_WIDTH-4__HLSLPERF_WAVE_SIZE-64",true,true,true,"",,,,,,,,4,1.7987,1.8691,0.0195,1748.9286,1.0439,"HLSLPERF_CROWD_BACKEND=2;HLSLPERF_CROWD_TILE_BINS=512;HLSLPERF_CROWD_TILE_REPLICAS=2;HLSLPERF_CROWD_TILE_SIZE=16;HLSLPERF_ELEMENTS_PER_THREAD=4;HLSLPERF_GROUP_SIZE=512;HLSLPERF_SCAN_BACKEND=1;HLSLPERF_SINGLE_PASS_GROUPS=128;HLSLPERF_SINGLE_PASS_ITEMS_SCALE=4;HLSLPERF_VECTOR_WIDTH=4;HLSLPERF_WAVE_SIZE=64","1.905;1.7823;1.8099;1.7866;1.8332;1.7918;1.8278;1.7897;1.8267;1.7953;1.7987",""
"HLSLPERF_CROWD_BACKEND-2__HLSLPERF_CROWD_TILE_BINS-512__HLSLPERF_CROWD_TILE_REPLICAS-1__HLSLPERF_CROWD_TILE_SIZE-16__HLSLPERF_ELEMENTS_PER_THREAD-4__HLSLPERF_GROUP_SIZE-512__HLSLPERF_SCAN_BACKEND-1__HLSLPERF_SINGLE_PASS_GROUPS-256__HLSLPERF_SINGLE_PASS_ITEMS_SCALE-4__HLSLPERF_VECTOR_WIDTH-4__HLSLPERF_WAVE_SIZE-64",true,true,true,"",,,,,,,,4,1.7942,1.8309,0.0104,1753.325,1.0465,"HLSLPERF_CROWD_BACKEND=2;HLSLPERF_CROWD_TILE_BINS=512;HLSLPERF_CROWD_TILE_REPLICAS=1;HLSLPERF_CROWD_TILE_SIZE=16;HLSLPERF_ELEMENTS_PER_THREAD=4;HLSLPERF_GROUP_SIZE=512;HLSLPERF_SCAN_BACKEND=1;HLSLPERF_SINGLE_PASS_GROUPS=256;HLSLPERF_SINGLE_PASS_ITEMS_SCALE=4;HLSLPERF_VECTOR_WIDTH=4;HLSLPERF_WAVE_SIZE=64","1.825;1.7872;1.8367;1.7875;1.8214;1.7898;1.7971;1.7905;1.7942;1.7947;1.7777",""
"HLSLPERF_CROWD_BACKEND-2__HLSLPERF_CROWD_TILE_BINS-512__HLSLPERF_CROWD_TILE_REPLICAS-2__HLSLPERF_CROWD_TILE_SIZE-16__HLSLPERF_ELEMENTS_PER_THREAD-4__HLSLPERF_GROUP_SIZE-512__HLSLPERF_SCAN_BACKEND-1__HLSLPERF_SINGLE_PASS_GROUPS-256__HLSLPERF_SINGLE_PASS_ITEMS_SCALE-4__HLSLPERF_VECTOR_WIDTH-4__HLSLPERF_WAVE_SIZE-64",true,true,true,"",,,,,,,,4,1.8033,1.8983,0.0226,1744.4479,1.0412,"HLSLPERF_CROWD_BACKEND=2;HLSLPERF_CROWD_TILE_BINS=512;HLSLPERF_CROWD_TILE_REPLICAS=2;HLSLPERF_CROWD_TILE_SIZE=16;HLSLPERF_ELEMENTS_PER_THREAD=4;HLSLPERF_GROUP_SIZE=512;HLSLPERF_SCAN_BACKEND=1;HLSLPERF_SINGLE_PASS_GROUPS=256;HLSLPERF_SINGLE_PASS_ITEMS_SCALE=4;HLSLPERF_VECTOR_WIDTH=4;HLSLPERF_WAVE_SIZE=64","1.7907;1.8033;1.786;1.8198;1.7935;1.8245;1.7913;1.8908;1.7944;1.8236;1.9057",""
